  0
SECTION
  2
HEADER
  9
$ACADVER
  1
AC1027
  9
$ACADMAINTVER
 70
   105
  9
$DWGCODEPAGE
  3
ANSI_1252
  9
$LASTSAVEDBY
  1
dew8kma02
  9
$REQUIREDVERSIONS
160
                 0
  9
$INSBASE
 10
0.0
 20
0.0
 30
0.0
  9
$EXTMIN
 10
1.000000000000000E+20
 20
1.000000000000000E+20
 30
1.000000000000000E+20
  9
$EXTMAX
 10
-1.000000000000000E+20
 20
-1.000000000000000E+20
 30
-1.000000000000000E+20
  9
$LIMMIN
 10
0.0
 20
0.0
  9
$LIMMAX
 10
420.0
 20
297.0
  9
$ORTHOMODE
 70
     0
  9
$REGENMODE
 70
     1
  9
$FILLMODE
 70
     1
  9
$QTEXTMODE
 70
     0
  9
$MIRRTEXT
 70
     1
  9
$LTSCALE
 40
1.0
  9
$ATTMODE
 70
     1
  9
$TEXTSIZE
 40
2.5
  9
$TRACEWID
 40
1.0
  9
$TEXTSTYLE
  7
CON_USERTEXT
  9
$CLAYER
  8
glass
  9
$CELTYPE
  6
Continuous
  9
$CECOLOR
 62
   256
  9
$CELTSCALE
 40
1.0
  9
$DISPSILH
 70
     0
  9
$DIMSCALE
 40
1.0
  9
$DIMASZ
 40
2.5
  9
$DIMEXO
 40
0.625
  9
$DIMDLI
 40
3.75
  9
$DIMRND
 40
0.0
  9
$DIMDLE
 40
0.0
  9
$DIMEXE
 40
1.25
  9
$DIMTP
 40
0.0
  9
$DIMTM
 40
0.0
  9
$DIMTXT
 40
2.5
  9
$DIMCEN
 40
2.5
  9
$DIMTSZ
 40
0.0
  9
$DIMTOL
 70
     0
  9
$DIMLIM
 70
     0
  9
$DIMTIH
 70
     0
  9
$DIMTOH
 70
     0
  9
$DIMSE1
 70
     0
  9
$DIMSE2
 70
     0
  9
$DIMTAD
 70
     1
  9
$DIMZIN
 70
     8
  9
$DIMBLK
  1

  9
$DIMASO
 70
     1
  9
$DIMSHO
 70
     1
  9
$DIMPOST
  1

  9
$DIMAPOST
  1

  9
$DIMALT
 70
     0
  9
$DIMALTD
 70
     3
  9
$DIMALTF
 40
0.03937007874016
  9
$DIMLFAC
 40
1.0
  9
$DIMTOFL
 70
     1
  9
$DIMTVP
 40
0.0
  9
$DIMTIX
 70
     0
  9
$DIMSOXD
 70
     0
  9
$DIMSAH
 70
     0
  9
$DIMBLK1
  1

  9
$DIMBLK2
  1

  9
$DIMSTYLE
  2
ISO-25
  9
$DIMCLRD
 70
     0
  9
$DIMCLRE
 70
     0
  9
$DIMCLRT
 70
     0
  9
$DIMTFAC
 40
1.0
  9
$DIMGAP
 40
0.625
  9
$DIMJUST
 70
     0
  9
$DIMSD1
 70
     0
  9
$DIMSD2
 70
     0
  9
$DIMTOLJ
 70
     0
  9
$DIMTZIN
 70
     8
  9
$DIMALTZ
 70
     0
  9
$DIMALTTZ
 70
     0
  9
$DIMUPT
 70
     0
  9
$DIMDEC
 70
     2
  9
$DIMTDEC
 70
     2
  9
$DIMALTU
 70
     2
  9
$DIMALTTD
 70
     3
  9
$DIMTXSTY
  7
Standard
  9
$DIMAUNIT
 70
     0
  9
$DIMADEC
 70
     0
  9
$DIMALTRND
 40
0.0
  9
$DIMAZIN
 70
     0
  9
$DIMDSEP
 70
    46
  9
$DIMATFIT
 70
     3
  9
$DIMFRAC
 70
     0
  9
$DIMLDRBLK
  1

  9
$DIMLUNIT
 70
     2
  9
$DIMLWD
 70
    -2
  9
$DIMLWE
 70
    -2
  9
$DIMTMOVE
 70
     0
  9
$DIMFXL
 40
1.0
  9
$DIMFXLON
 70
     0
  9
$DIMJOGANG
 40
0.7853981633974483
  9
$DIMTFILL
 70
     0
  9
$DIMTFILLCLR
 70
     0
  9
$DIMARCSYM
 70
     0
  9
$DIMLTYPE
  6

  9
$DIMLTEX1
  6

  9
$DIMLTEX2
  6

  9
$DIMTXTDIRECTION
 70
     0
  9
$LUNITS
 70
     2
  9
$LUPREC
 70
     4
  9
$SKETCHINC
 40
1.0
  9
$FILLETRAD
 40
10.0
  9
$AUNITS
 70
     0
  9
$AUPREC
 70
     0
  9
$MENU
  1
.
  9
$ELEVATION
 40
0.0
  9
$PELEVATION
 40
0.0
  9
$THICKNESS
 40
0.0
  9
$LIMCHECK
 70
     0
  9
$CHAMFERA
 40
10.0
  9
$CHAMFERB
 40
10.0
  9
$CHAMFERC
 40
20.0
  9
$CHAMFERD
 40
0.0
  9
$SKPOLY
 70
     0
  9
$TDCREATE
 40
2457305.412719907
  9
$TDUCREATE
 40
2457305.371053241
  9
$TDUPDATE
 40
2460635.622063762
  9
$TDUUPDATE
 40
2460635.580397095
  9
$TDINDWG
 40
0.2362888773
  9
$TDUSRTIMER
 40
0.2362888657
  9
$USRTIMER
 70
     1
  9
$ANGBASE
 50
0.0
  9
$ANGDIR
 70
     0
  9
$PDMODE
 70
     0
  9
$PDSIZE
 40
0.0
  9
$PLINEWID
 40
0.0
  9
$SPLFRAME
 70
     0
  9
$SPLINETYPE
 70
     6
  9
$SPLINESEGS
 70
     8
  9
$HANDSEED
  5
D04
  9
$SURFTAB1
 70
     6
  9
$SURFTAB2
 70
     6
  9
$SURFTYPE
 70
     6
  9
$SURFU
 70
     6
  9
$SURFV
 70
     6
  9
$UCSBASE
  2

  9
$UCSNAME
  2

  9
$UCSORG
 10
0.0
 20
0.0
 30
0.0
  9
$UCSXDIR
 10
1.0
 20
0.0
 30
0.0
  9
$UCSYDIR
 10
0.0
 20
1.0
 30
0.0
  9
$UCSORTHOREF
  2

  9
$UCSORTHOVIEW
 70
     0
  9
$UCSORGTOP
 10
0.0
 20
0.0
 30
0.0
  9
$UCSORGBOTTOM
 10
0.0
 20
0.0
 30
0.0
  9
$UCSORGLEFT
 10
0.0
 20
0.0
 30
0.0
  9
$UCSORGRIGHT
 10
0.0
 20
0.0
 30
0.0
  9
$UCSORGFRONT
 10
0.0
 20
0.0
 30
0.0
  9
$UCSORGBACK
 10
0.0
 20
0.0
 30
0.0
  9
$PUCSBASE
  2

  9
$PUCSNAME
  2

  9
$PUCSORG
 10
0.0
 20
0.0
 30
0.0
  9
$PUCSXDIR
 10
1.0
 20
0.0
 30
0.0
  9
$PUCSYDIR
 10
0.0
 20
1.0
 30
0.0
  9
$PUCSORTHOREF
  2

  9
$PUCSORTHOVIEW
 70
     0
  9
$PUCSORGTOP
 10
0.0
 20
0.0
 30
0.0
  9
$PUCSORGBOTTOM
 10
0.0
 20
0.0
 30
0.0
  9
$PUCSORGLEFT
 10
0.0
 20
0.0
 30
0.0
  9
$PUCSORGRIGHT
 10
0.0
 20
0.0
 30
0.0
  9
$PUCSORGFRONT
 10
0.0
 20
0.0
 30
0.0
  9
$PUCSORGBACK
 10
0.0
 20
0.0
 30
0.0
  9
$USERI1
 70
     0
  9
$USERI2
 70
     0
  9
$USERI3
 70
     0
  9
$USERI4
 70
     0
  9
$USERI5
 70
     0
  9
$USERR1
 40
0.0
  9
$USERR2
 40
0.0
  9
$USERR3
 40
0.0
  9
$USERR4
 40
0.0
  9
$USERR5
 40
0.0
  9
$WORLDVIEW
 70
     1
  9
$SHADEDGE
 70
     3
  9
$SHADEDIF
 70
    70
  9
$TILEMODE
 70
     1
  9
$MAXACTVP
 70
    64
  9
$PINSBASE
 10
0.0
 20
0.0
 30
0.0
  9
$PLIMCHECK
 70
     0
  9
$PEXTMIN
 10
0.0
 20
0.0
 30
0.0
  9
$PEXTMAX
 10
0.0
 20
0.0
 30
0.0
  9
$PLIMMIN
 10
0.0
 20
0.0
  9
$PLIMMAX
 10
12.0
 20
9.0
  9
$UNITMODE
 70
     0
  9
$VISRETAIN
 70
     1
  9
$PLINEGEN
 70
     0
  9
$PSLTSCALE
 70
     1
  9
$TREEDEPTH
 70
  3020
  9
$CMLSTYLE
  2
Standard
  9
$CMLJUST
 70
     0
  9
$CMLSCALE
 40
20.0
  9
$PROXYGRAPHICS
 70
     1
  9
$MEASUREMENT
 70
     1
  9
$CELWEIGHT
370
    -1
  9
$ENDCAPS
280
     0
  9
$JOINSTYLE
280
     0
  9
$LWDISPLAY
290
     0
  9
$INSUNITS
 70
     4
  9
$HYPERLINKBASE
  1

  9
$STYLESHEET
  1

  9
$XEDIT
290
     1
  9
$CEPSNTYPE
380
     0
  9
$PSTYLEMODE
290
     1
  9
$FINGERPRINTGUID
  2
{FDEAD578-A652-11D2-9A35-0060089B3A3F}
  9
$VERSIONGUID
  2
{6830E236-7647-C546-8660-77960CD50F3A}
  9
$EXTNAMES
290
     1
  9
$PSVPSCALE
 40
0.0
  9
$OLESTARTUP
290
     0
  9
$SORTENTS
280
   127
  9
$INDEXCTL
280
     0
  9
$HIDETEXT
280
     1
  9
$XCLIPFRAME
280
     2
  9
$HALOGAP
280
     0
  9
$OBSCOLOR
 70
   257
  9
$OBSLTYPE
280
     0
  9
$INTERSECTIONDISPLAY
280
     0
  9
$INTERSECTIONCOLOR
 70
   257
  9
$DIMASSOC
280
     2
  9
$PROJECTNAME
  1

  9
$CAMERADISPLAY
290
     0
  9
$LENSLENGTH
 40
50.0
  9
$CAMERAHEIGHT
 40
0.0
  9
$STEPSPERSEC
 40
2.0
  9
$STEPSIZE
 40
6.0
  9
$3DDWFPREC
 40
2.0
  9
$PSOLWIDTH
 40
0.25
  9
$PSOLHEIGHT
 40
4.0
  9
$LOFTANG1
 40
1.570796326794897
  9
$LOFTANG2
 40
1.570796326794897
  9
$LOFTMAG1
 40
0.0
  9
$LOFTMAG2
 40
0.0
  9
$LOFTPARAM
 70
     7
  9
$LOFTNORMALS
280
     1
  9
$LATITUDE
 40
37.795
  9
$LONGITUDE
 40
-122.394
  9
$NORTHDIRECTION
 40
0.0
  9
$TIMEZONE
 70
 -8000
  9
$LIGHTGLYPHDISPLAY
280
     1
  9
$TILEMODELIGHTSYNCH
280
     1
  9
$CMATERIAL
347
1D5
  9
$SOLIDHIST
280
     0
  9
$SHOWHIST
280
     1
  9
$DWFFRAME
280
     2
  9
$DGNFRAME
280
     0
  9
$REALWORLDSCALE
290
     1
  9
$INTERFERECOLOR
 62
     1
  9
$CSHADOW
280
     0
  9
$SHADOWPLANELOCATION
 40
0.0
  0
ENDSEC
  0
SECTION
  2
CLASSES
  0
CLASS
  1
ACDBDICTIONARYWDFLT
  2
AcDbDictionaryWithDefault
  3
ObjectDBX Classes
 90
        0
 91
        3
280
     0
281
     0
  0
CLASS
  1
ACDBPLACEHOLDER
  2
AcDbPlaceHolder
  3
ObjectDBX Classes
 90
        0
 91
        1
280
     0
281
     0
  0
CLASS
  1
LAYOUT
  2
AcDbLayout
  3
ObjectDBX Classes
 90
        0
 91
        1
280
     0
281
     0
  0
CLASS
  1
DICTIONARYVAR
  2
AcDbDictionaryVar
  3
ObjectDBX Classes
 90
        0
 91
        3
280
     0
281
     0
  0
CLASS
  1
MATERIAL
  2
AcDbMaterial
  3
ObjectDBX Classes
 90
     1153
 91
        3
280
     0
281
     0
  0
CLASS
  1
VISUALSTYLE
  2
AcDbVisualStyle
  3
ObjectDBX Classes
 90
     4095
 91
        3
280
     0
281
     0
  0
CLASS
  1
TABLESTYLE
  2
AcDbTableStyle
  3
ObjectDBX Classes
 90
     4095
 91
        3
280
     0
281
     0
  0
CLASS
  1
SCALE
  2
AcDbScale
  3
ObjectDBX Classes
 90
     1153
 91
        3
280
     0
281
     0
  0
CLASS
  1
MLEADERSTYLE
  2
AcDbMLeaderStyle
  3
ACDB_MLEADERSTYLE_CLASS
 90
     4095
 91
        3
280
     0
281
     0
  0
CLASS
  1
ACDBSECTIONVIEWSTYLE
  2
AcDbSectionViewStyle
  3
ObjectDBX Classes
 90
     1025
 91
        3
280
     0
281
     0
  0
CLASS
  1
ACDBDETAILVIEWSTYLE
  2
AcDbDetailViewStyle
  3
ObjectDBX Classes
 90
     1025
 91
        3
280
     0
281
     0
  0
CLASS
  1
RAPIDRTRENDERSETTINGS
  2
AcDbRapidRTRenderSettings
  3
ObjectDBX Classes
 90
     1024
 91
        3
280
     0
281
     0
  0
CLASS
  1
CELLSTYLEMAP
  2
AcDbCellStyleMap
  3
ObjectDBX Classes
 90
     1152
 91
        3
280
     0
281
     0
  0
CLASS
  1
MENTALRAYRENDERSETTINGS
  2
AcDbMentalRayRenderSettings
  3
SCENEOE
 90
     1024
 91
        3
280
     0
281
     0
  0
CLASS
  1
ACAD_PROXY_OBJECT_WRAPPER
  2
AcDbProxyObjectWrapper
  3
AutoCAD 2000
 90
        0
 91
        3
280
     0
281
     0
  0
CLASS
  1
XRECORD
  2
AcDbXrecord
  3
ObjectDBX Classes
 90
        0
 91
        1
280
     0
281
     0
  0
CLASS
  1
LWPOLYLINE
  2
AcDbPolyline
  3
ObjectDBX Classes
 90
        0
 91
        1
280
     0
281
     1
  0
CLASS
  1
HATCH
  2
AcDbHatch
  3
ObjectDBX Classes
 90
        0
 91
        1
280
     0
281
     1
  0
CLASS
  1
SUN
  2
AcDbSun
  3
SCENEOE
 90
     1153
 91
        3
280
     0
281
     0
  0
CLASS
  1
SORTENTSTABLE
  2
AcDbSortentsTable
  3
ObjectDBX Classes
 90
        0
 91
        3
280
     0
281
     0
  0
ENDSEC
  0
SECTION
  2
TABLES
  0
TABLE
  2
VPORT
  5
8
102
{ACAD_XDICTIONARY
360
411
102
}
330
0
100
AcDbSymbolTable
 70
     1
  0
VPORT
  5
1D2
330
8
100
AcDbSymbolTableRecord
100
AcDbViewportTableRecord
  2
*Active
 70
     0
 10
0.0
 20
0.0
 11
1.0
 21
1.0
 12
675.0000000000002
 22
680.0
 13
0.0
 23
0.0
 14
10.0
 24
10.0
 15
10.0
 25
10.0
 16
0.0
 26
0.0
 36
1.0
 17
0.0
 27
0.0
 37
0.0
 40
1657.5
 41
0.8461538461538465
 42
50.0
 43
0.0
 44
0.0
 50
0.0
 51
0.0
 71
     0
 72
   100
 73
     1
 74
     3
 75
     0
 76
     0
 77
     0
 78
     0
281
     0
 65
     1
110
0.0
120
0.0
130
0.0
111
1.0
121
0.0
131
0.0
112
0.0
122
1.0
132
0.0
 79
     0
146
0.0
348
1F3
 60
     3
 61
     5
292
     1
282
     1
141
0.0
142
0.0
 63
   250
421
  3355443
361
3C1
1001
ACAD_NAV_VCDISPLAY
1070
     3
  0
ENDTAB
  0
TABLE
  2
LTYPE
  5
5
330
0
100
AcDbSymbolTable
 70
     3
  0
LTYPE
  5
14
330
5
100
AcDbSymbolTableRecord
100
AcDbLinetypeTableRecord
  2
ByBlock
 70
     0
  3

 72
    65
 73
     0
 40
0.0
  0
LTYPE
  5
15
330
5
100
AcDbSymbolTableRecord
100
AcDbLinetypeTableRecord
  2
ByLayer
 70
     0
  3

 72
    65
 73
     0
 40
0.0
  0
LTYPE
  5
16
330
5
100
AcDbSymbolTableRecord
100
AcDbLinetypeTableRecord
  2
Continuous
 70
     0
  3
Solid line
 72
    65
 73
     0
 40
0.0
  0
LTYPE
  5
87
330
5
100
AcDbSymbolTableRecord
100
AcDbLinetypeTableRecord
  2
dashedstyle
 70
     0
  3
ISO dash space __    __    __    __    __    __
 72
    65
 73
     2
 40
30.0
 49
12.0
 74
     0
 49
-18.0
 74
     0
  0
LTYPE
  5
76B
330
5
100
AcDbSymbolTableRecord
100
AcDbLinetypeTableRecord
  2
VONLAYER
 70
     0
  3
Solid line
 72
    65
 73
     0
 40
0.0
  0
ENDTAB
  0
TABLE
  2
LAYER
  5
2
102
{ACAD_XDICTIONARY
360
2BF
102
}
330
0
100
AcDbSymbolTable
 70
    43
  0
LAYER
  5
10
102
{ACAD_XDICTIONARY
360
22E
102
}
330
2
100
AcDbSymbolTableRecord
100
AcDbLayerTableRecord
  2
0
 70
     0
 62
     7
  6
Continuous
370
    -3
390
44D
347
1E5
348
0
  0
LAYER
  5
68
102
{ACAD_XDICTIONARY
360
230
102
}
330
2
100
AcDbSymbolTableRecord
100
AcDbLayerTableRecord
  2
frame
 70
     0
 62
     5
  6
Continuous
370
    -3
390
44E
347
1E5
348
0
  0
LAYER
  5
69
102
{ACAD_XDICTIONARY
360
232
102
}
330
2
100
AcDbSymbolTableRecord
100
AcDbLayerTableRecord
  2
oeff
 70
     0
 62
   250
  6
Continuous
370
    -3
390
44F
347
1E5
348
0
  0
LAYER
  5
6A
102
{ACAD_XDICTIONARY
360
234
102
}
330
2
100
AcDbSymbolTableRecord
100
AcDbLayerTableRecord
  2
divider
 70
     0
 62
     1
  6
Continuous
370
    -3
390
450
347
1E5
348
0
  0
LAYER
  5
6B
102
{ACAD_XDICTIONARY
360
236
102
}
330
2
100
AcDbSymbolTableRecord
100
AcDbLayerTableRecord
  2
oeffsym
 70
     0
 62
   253
420
 10066329
  6
Continuous
370
    -3
390
451
347
1E5
348
0
  0
LAYER
  5
80
102
{ACAD_XDICTIONARY
360
238
102
}
330
2
100
AcDbSymbolTableRecord
100
AcDbLayerTableRecord
  2
oefftext
 70
     0
 62
     7
  6
Continuous
370
    -3
390
44D
347
1E5
348
0
  0
LAYER
  5
9C
102
{ACAD_XDICTIONARY
360
23A
102
}
330
2
100
AcDbSymbolTableRecord
100
AcDbLayerTableRecord
  2
CON_DIM
 70
     0
 62
     7
  6
Continuous
370
    -3
390
44D
347
1E5
348
0
  0
LAYER
  5
AC
102
{ACAD_XDICTIONARY
360
23C
102
}
330
2
100
AcDbSymbolTableRecord
100
AcDbLayerTableRecord
  2
gbar
 70
     0
 62
   133
  6
Continuous
370
    -3
390
452
347
1E5
348
0
  0
LAYER
  5
B3
102
{ACAD_XDICTIONARY
360
23E
102
}
330
2
100
AcDbSymbolTableRecord
100
AcDbLayerTableRecord
  2
suboeff
 70
     0
 62
    30
  6
Continuous
370
    -3
390
453
347
1E5
348
0
  0
LAYER
  5
BA
102
{ACAD_XDICTIONARY
360
240
102
}
330
2
100
AcDbSymbolTableRecord
100
AcDbLayerTableRecord
  2
profile_inner
 70
     0
 62
     7
420
 16777215
  6
Continuous
370
    -3
390
44D
347
1E5
348
0
  0
LAYER
  5
BB
102
{ACAD_XDICTIONARY
360
242
102
}
330
2
100
AcDbSymbolTableRecord
100
AcDbLayerTableRecord
  2
profile_outer
 70
     0
 62
   251
  6
Continuous
370
    -3
390
454
347
1E5
348
0
  0
LAYER
  5
152
102
{ACAD_XDICTIONARY
360
244
102
}
330
2
100
AcDbSymbolTableRecord
100
AcDbLayerTableRecord
  2
CON_DIM_DISABLED
 70
     0
 62
     8
  6
Continuous
370
    -3
390
455
347
1E5
348
0
  0
LAYER
  5
15F
102
{ACAD_XDICTIONARY
360
246
102
}
330
2
100
AcDbSymbolTableRecord
100
AcDbLayerTableRecord
  2
proftext
 70
     0
 62
   251
  6
Continuous
370
    -3
390
454
347
1E5
348
0
  0
LAYER
  5
166
102
{ACAD_XDICTIONARY
360
248
102
}
330
2
100
AcDbSymbolTableRecord
100
AcDbLayerTableRecord
  2
glass
 70
     0
 62
     7
420
 15793663
  6
Continuous
370
    -3
390
44D
347
1E5
348
0
  0
LAYER
  5
17B
102
{ACAD_XDICTIONARY
360
24A
102
}
330
2
100
AcDbSymbolTableRecord
100
AcDbLayerTableRecord
  2
panel
 70
     0
 62
   254
  6
Continuous
370
    -3
390
456
347
1E5
348
0
  0
LAYER
  5
192
102
{ACAD_XDICTIONARY
360
24C
102
}
330
2
100
AcDbSymbolTableRecord
100
AcDbLayerTableRecord
  2
grid
 70
     0
 62
     7
  6
Continuous
370
    -3
390
44D
347
1E5
348
0
  0
LAYER
  5
19A
102
{ACAD_XDICTIONARY
360
24E
102
}
330
2
100
AcDbSymbolTableRecord
100
AcDbLayerTableRecord
  2
grip_inner
 70
     0
 62
   253
  6
Continuous
370
    -3
390
451
347
1E5
348
0
  0
LAYER
  5
1C2
102
{ACAD_XDICTIONARY
360
250
102
}
330
2
100
AcDbSymbolTableRecord
100
AcDbLayerTableRecord
  2
mounting
 70
     0
 62
   144
  6
Continuous
370
    -3
390
457
347
1E5
348
0
  0
LAYER
  5
2E0
330
2
100
AcDbSymbolTableRecord
100
AcDbLayerTableRecord
  2
cut
 70
     0
 62
     7
  6
Continuous
370
    -3
390
44D
347
1E5
348
0
1001
AcAecLayerStandard
1000

1000

1001
AcCmTransparency
1071
        0
  0
LAYER
  5
715
330
2
100
AcDbSymbolTableRecord
100
AcDbLayerTableRecord
  2
Defpoints
 70
     0
 62
     7
  6
Continuous
290
     0
370
    -3
390
F
347
1E5
348
0
  0
LAYER
  5
739
102
{ACAD_XDICTIONARY
360
73A
102
}
330
2
100
AcDbSymbolTableRecord
100
AcDbLayerTableRecord
  2
DIM_CUT
 70
     0
 62
     7
  6
Continuous
370
    -3
390
F
347
1E5
348
0
  0
LAYER
  5
73F
102
{ACAD_XDICTIONARY
360
740
102
}
330
2
100
AcDbSymbolTableRecord
100
AcDbLayerTableRecord
  2
BEMASSUNG
 70
     1
 62
    -1
  6
Continuous
370
    -3
390
F
347
1E5
348
0
  0
LAYER
  5
742
102
{ACAD_XDICTIONARY
360
743
102
}
330
2
100
AcDbSymbolTableRecord
100
AcDbLayerTableRecord
  2
ASSEMBLY
 70
     1
 62
    -7
  6
Continuous
370
    -3
390
F
347
1E5
348
0
  0
LAYER
  5
745
102
{ACAD_XDICTIONARY
360
746
102
}
330
2
100
AcDbSymbolTableRecord
100
AcDbLayerTableRecord
  2
PVC_INSIDE
 70
     0
 62
     3
  6
Continuous
370
    -3
390
F
347
1E5
348
0
  0
LAYER
  5
748
102
{ACAD_XDICTIONARY
360
749
102
}
330
2
100
AcDbSymbolTableRecord
100
AcDbLayerTableRecord
  2
PVC_OUTSIDE
 70
     0
 62
     3
  6
Continuous
370
    -3
390
F
347
1E5
348
0
  0
LAYER
  5
74B
102
{ACAD_XDICTIONARY
360
74C
102
}
330
2
100
AcDbSymbolTableRecord
100
AcDbLayerTableRecord
  2
1
 70
     0
 62
     7
  6
Continuous
370
    -3
390
F
347
1E5
348
0
  0
LAYER
  5
74E
102
{ACAD_XDICTIONARY
360
74F
102
}
330
2
100
AcDbSymbolTableRecord
100
AcDbLayerTableRecord
  2
GASKET_OUTSIDE
 70
     0
 62
     4
  6
Continuous
370
    -3
390
F
347
1E5
348
0
  0
LAYER
  5
751
102
{ACAD_XDICTIONARY
360
752
102
}
330
2
100
AcDbSymbolTableRecord
100
AcDbLayerTableRecord
  2
GASKET_HATCH
 70
     0
 62
     2
  6
Continuous
370
    -3
390
F
347
1E5
348
0
  0
LAYER
  5
754
102
{ACAD_XDICTIONARY
360
755
102
}
330
2
100
AcDbSymbolTableRecord
100
AcDbLayerTableRecord
  2
STEEL_HATCH
 70
     0
 62
     2
  6
Continuous
370
    -3
390
F
347
1E5
348
0
  0
LAYER
  5
757
102
{ACAD_XDICTIONARY
360
758
102
}
330
2
100
AcDbSymbolTableRecord
100
AcDbLayerTableRecord
  2
STEEL_OUTSIDE
 70
     0
 62
     1
  6
Continuous
370
    -3
390
F
347
1E5
348
0
  0
LAYER
  5
75A
330
2
100
AcDbSymbolTableRecord
100
AcDbLayerTableRecord
  2
GASKET_INSIDE
 70
     0
 62
     4
  6
Continuous
370
    -3
390
F
347
1E5
348
0
1001
AcAecLayerStandard
1000

1000

1001
AcCmTransparency
1071
        0
  0
LAYER
  5
75D
102
{ACAD_XDICTIONARY
360
75E
102
}
330
2
100
AcDbSymbolTableRecord
100
AcDbLayerTableRecord
  2
KONTUREN
 70
     0
 62
     1
  6
Continuous
370
    -3
390
F
347
1E5
348
0
1001
AcAecLayerStandard
1000

1000

1001
AcCmTransparency
1071
        0
  0
LAYER
  5
760
330
2
100
AcDbSymbolTableRecord
100
AcDbLayerTableRecord
  2
HATCH_GLASS
 70
     0
 62
     7
  6
Continuous
370
    -3
390
F
347
1E5
348
0
  0
LAYER
  5
761
330
2
100
AcDbSymbolTableRecord
100
AcDbLayerTableRecord
  2
GLASS_GLASS_0
 70
     0
 62
     7
  6
Continuous
370
    -3
390
F
347
1E5
348
0
  0
LAYER
  5
762
330
2
100
AcDbSymbolTableRecord
100
AcDbLayerTableRecord
  2
GLASS_SPACER_INSIDE_0
 70
     0
 62
     7
  6
Continuous
370
    -3
390
F
347
1E5
348
0
  0
LAYER
  5
763
330
2
100
AcDbSymbolTableRecord
100
AcDbLayerTableRecord
  2
GLASS_SPACER_OUTSIDE_0
 70
     0
 62
     7
  6
Continuous
370
    -3
390
F
347
1E5
348
0
  0
LAYER
  5
764
330
2
100
AcDbSymbolTableRecord
100
AcDbLayerTableRecord
  2
GLASS_SPACER_GASKET
 70
     0
 62
     7
  6
Continuous
370
    -3
390
F
347
1E5
348
0
  0
LAYER
  5
765
330
2
100
AcDbSymbolTableRecord
100
AcDbLayerTableRecord
  2
AIR_1
 70
     0
 62
     7
  6
Continuous
370
    -3
390
F
347
1E5
348
0
  0
LAYER
  5
766
330
2
100
AcDbSymbolTableRecord
100
AcDbLayerTableRecord
  2
GLASS_GLASS_2
 70
     0
 62
     7
  6
Continuous
370
    -3
390
F
347
1E5
348
0
  0
LAYER
  5
767
330
2
100
AcDbSymbolTableRecord
100
AcDbLayerTableRecord
  2
AIR_3
 70
     0
 62
     7
  6
Continuous
370
    -3
390
F
347
1E5
348
0
  0
LAYER
  5
768
330
2
100
AcDbSymbolTableRecord
100
AcDbLayerTableRecord
  2
GLASS_GLASS_4
 70
     0
 62
     7
  6
Continuous
370
    -3
390
F
347
1E5
348
0
  0
LAYER
  5
769
330
2
100
AcDbSymbolTableRecord
100
AcDbLayerTableRecord
  2
GLAZING_PACKER
 70
     0
 62
     7
  6
Continuous
370
    -3
390
F
347
1E5
348
0
  0
LAYER
  5
CC9
330
2
100
AcDbSymbolTableRecord
100
AcDbLayerTableRecord
  2
USERTEXT
 70
     0
 62
     7
  6
Continuous
370
    -3
390
F
347
1E5
348
0
  0
ENDTAB
  0
TABLE
  2
STYLE
  5
3
330
0
100
AcDbSymbolTable
 70
    10
  0
STYLE
  5
11
330
3
100
AcDbSymbolTableRecord
100
AcDbTextStyleTableRecord
  2
Standard
 70
     0
 40
0.0
 41
1.0
 50
0.0
 71
     0
 42
2.5
  3
txt
  4

  0
STYLE
  5
6C
330
3
100
AcDbSymbolTableRecord
100
AcDbTextStyleTableRecord
  2
arialstyle
 70
     0
 40
0.0
 41
0.92
 50
0.0
 71
     0
 42
2.5
  3
arial.ttf
  4

1001
ACAD
1000
Arial
1071
       34
  0
STYLE
  5
77
330
3
100
AcDbSymbolTableRecord
100
AcDbTextStyleTableRecord
  2

 70
     1
 40
0.0
 41
1.0
 50
0.0
 71
     0
 42
2.5
  3
ltypeshp.shx
  4

  0
STYLE
  5
4FE
330
3
100
AcDbSymbolTableRecord
100
AcDbTextStyleTableRecord
  2
CON_DIM
 70
     0
 40
0.0
 41
0.8
 50
0.0
 71
     0
 42
2.5
  3
arial.ttf
  4

1001
ACAD
1000
Arial
1071
       34
  0
STYLE
  5
68C
330
3
100
AcDbSymbolTableRecord
100
AcDbTextStyleTableRecord
  2
CON_USERTEXT
 70
     0
 40
0.0
 41
0.92
 50
0.0
 71
     0
 42
2.5
  3
arial.ttf
  4

1001
ACAD
1000
Arial
1071
       34
  0
STYLE
  5
787
330
3
100
AcDbSymbolTableRecord
100
AcDbTextStyleTableRecord
  2

 70
     1
 40
0.0
 41
1.0
 50
0.0
 71
     0
 42
2.5
  3
ltypeshp.shx
  4

  0
STYLE
  5
788
330
3
100
AcDbSymbolTableRecord
100
AcDbTextStyleTableRecord
  2
PROFINE 1
 70
     0
 40
0.0
 41
1.0
 50
0.0
 71
     0
 42
2.5
  3
arial.ttf
  4

1001
ACAD
1000
Arial
1071
       34
  0
STYLE
  5
789
330
3
100
AcDbSymbolTableRecord
100
AcDbTextStyleTableRecord
  2
PROFINE_1
 70
     0
 40
0.0
 41
1.0
 50
0.0
 71
     0
 42
2.5
  3
arial.ttf
  4

1001
ACAD
1000
Arial
1071
       34
  0
STYLE
  5
A2F
330
3
100
AcDbSymbolTableRecord
100
AcDbTextStyleTableRecord
  2

 70
     1
 40
0.0
 41
1.0
 50
0.0
 71
     0
 42
2.5
  3
ltypeshp.shx
  4

  0
STYLE
  5
CDA
330
3
100
AcDbSymbolTableRecord
100
AcDbTextStyleTableRecord
  2

 70
     1
 40
0.0
 41
1.0
 50
0.0
 71
     0
 42
2.5
  3
ltypeshp.shx
  4

  0
ENDTAB
  0
TABLE
  2
VIEW
  5
6
330
0
100
AcDbSymbolTable
 70
     0
  0
ENDTAB
  0
TABLE
  2
UCS
  5
7
330
0
100
AcDbSymbolTable
 70
     0
  0
ENDTAB
  0
TABLE
  2
APPID
  5
9
330
0
100
AcDbSymbolTable
 70
    14
  0
APPID
  5
12
330
9
100
AcDbSymbolTableRecord
100
AcDbRegAppTableRecord
  2
ACAD
 70
     0
  0
APPID
  5
252
330
9
100
AcDbSymbolTableRecord
100
AcDbRegAppTableRecord
  2
ACAD_NAV_VCDISPLAY
 70
     0
  0
APPID
  5
2E1
330
9
100
AcDbSymbolTableRecord
100
AcDbRegAppTableRecord
  2
AcAecLayerStandard
 70
     0
  0
APPID
  5
2E2
330
9
100
AcDbSymbolTableRecord
100
AcDbRegAppTableRecord
  2
AcCmTransparency
 70
     0
  0
APPID
  5
32F
330
9
100
AcDbSymbolTableRecord
100
AcDbRegAppTableRecord
  2
ACAD_MLEADERVER
 70
     0
  0
APPID
  5
4AF
330
9
100
AcDbSymbolTableRecord
100
AcDbRegAppTableRecord
  2
ACAD_DSTYLE_DIMJAG
 70
     0
  0
APPID
  5
4B0
330
9
100
AcDbSymbolTableRecord
100
AcDbRegAppTableRecord
  2
ACAD_DSTYLE_DIMTALN
 70
     0
  0
APPID
  5
4FF
330
9
100
AcDbSymbolTableRecord
100
AcDbRegAppTableRecord
  2
AcadAnnoPO
 70
     0
  0
APPID
  5
68A
330
9
100
AcDbSymbolTableRecord
100
AcDbRegAppTableRecord
  2
Acad_TC
 70
     0
  0
APPID
  5
714
330
9
100
AcDbSymbolTableRecord
100
AcDbRegAppTableRecord
  2
SYSCON_ODA_APP
 70
     0
  0
APPID
  5
77F
330
9
100
AcDbSymbolTableRecord
100
AcDbRegAppTableRecord
  2
DCO15
 70
     0
  0
APPID
  5
784
330
9
100
AcDbSymbolTableRecord
100
AcDbRegAppTableRecord
  2
GRADIENTCOLOR1ACI
 70
     0
  0
APPID
  5
785
330
9
100
AcDbSymbolTableRecord
100
AcDbRegAppTableRecord
  2
GRADIENTCOLOR2ACI
 70
     0
  0
APPID
  5
786
330
9
100
AcDbSymbolTableRecord
100
AcDbRegAppTableRecord
  2
ACAD_PSEXT
 70
     0
  0
ENDTAB
  0
TABLE
  2
DIMSTYLE
  5
A
330
0
100
AcDbSymbolTable
 70
     6
100
AcDbDimStyleTable
  0
DIMSTYLE
105
27
330
A
100
AcDbSymbolTableRecord
100
AcDbDimStyleTableRecord
  2
ISO-25
 70
     0
 41
2.5
 42
0.625
 43
3.75
 44
1.25
 73
     0
 74
     0
 77
     1
 78
     8
140
2.5
141
2.5
143
0.03937007874016
147
0.625
171
     3
172
     1
178
     0
271
     2
272
     2
274
     3
278
    44
283
     0
284
     8
340
11
  0
DIMSTYLE
105
8E
102
{ACAD_REACTORS
330
712
330
722
102
}
330
A
100
AcDbSymbolTableRecord
100
AcDbDimStyleTableRecord
  2
CON_DIM
 70
     0
 41
25.0
 42
10.0
 43
3.75
 44
10.0
 73
     0
 74
     0
 77
     1
 78
     8
140
70.0
141
2.5
143
0.03937007874016
147
20.0
171
     3
172
     1
178
     0
271
     1
272
     1
274
     3
278
    44
279
     1
283
     0
284
     8
340
4FE
341
C8
342
C8
1001
ACAD_DSTYLE_DIMJAG
1070
   388
1040
1.5
1001
ACAD_DSTYLE_DIMTALN
1070
   392
1070
     0
  0
DIMSTYLE
105
76E
330
A
100
AcDbSymbolTableRecord
100
AcDbDimStyleTableRecord
  2
WALL_DIM
 70
     0
 41
4.0
 42
0.625
 43
3.75
 44
1.25
 73
     0
 74
     0
 77
     1
 78
     8
140
5.0
141
2.5
143
0.03937007874016
147
2.0
171
     3
172
     1
174
     1
178
     0
271
     1
272
     1
274
     3
278
    44
279
     2
283
     0
284
     8
289
     0
340
6C
341
C8
342
C8
  0
DIMSTYLE
105
774
102
{ACAD_REACTORS
330
7AB
330
7B9
330
7C7
330
7D5
330
7E3
330
7F1
330
7FF
330
80D
330
81B
330
829
330
837
330
A53
330
A61
330
A6F
330
A7D
330
A8B
330
A99
330
AA7
330
AB5
330
AC3
330
AD1
330
ADF
102
}
330
A
100
AcDbSymbolTableRecord
100
AcDbDimStyleTableRecord
  2
CUT_DIM
 70
     0
 41
4.0
 42
0.625
 43
3.75
 44
1.25
 73
     0
 74
     0
 77
     1
 78
     8
140
5.0
141
2.5
143
0.03937007874016
147
2.0
171
     3
172
     1
178
     0
271
     1
272
     1
274
     3
278
    44
279
     2
283
     0
284
     8
289
     0
340
6C
341
C8
342
C8
1001
ACAD_DSTYLE_DIMJAG
1070
   388
1040
1.5
1001
ACAD_DSTYLE_DIMTALN
1070
   392
1070
     0
  0
DIMSTYLE
105
777
330
A
100
AcDbSymbolTableRecord
100
AcDbDimStyleTableRecord
  2
STANDARD
 70
     0
178
     0
340
11
  0
DIMSTYLE
105
778
102
{ACAD_REACTORS
330
855
330
862
330
848
330
86F
330
8A6
330
8B3
330
8C0
330
8CD
330
8DA
330
8E7
330
992
330
9A1
330
9AE
330
954
330
963
330
970
330
92C
330
939
102
}
330
A
100
AcDbSymbolTableRecord
100
AcDbDimStyleTableRecord
  2
PROFINE1ZU1
 70
     0
 41
3.0
 42
1.0
 43
1.0
 44
1.0
 73
     0
 74
     0
 77
     1
 78
     9
140
3.0
141
2.5
143
0.03937007874016
147
1.0
171
     3
172
     1
176
     2
177
     2
178
     0
271
     2
272
     2
274
     3
283
     0
284
     8
340
11
342
779
1001
ACAD_DSTYLE_DIMJAG
1070
   388
1040
1.5
1001
ACAD_DSTYLE_DIMTALN
1070
   392
1070
     0
  0
ENDTAB
  0
TABLE
  2
BLOCK_RECORD
  5
1
330
0
100
AcDbSymbolTable
 70
    67
  0
BLOCK_RECORD
  5
1F
330
1
100
AcDbSymbolTableRecord
100
AcDbBlockTableRecord
  2
*Model_Space
340
22
 70
     0
280
     1
281
     0
  0
BLOCK_RECORD
  5
50
330
1
100
AcDbSymbolTableRecord
100
AcDbBlockTableRecord
  2
*Paper_Space
340
51
 70
     0
280
     1
281
     0
  0
BLOCK_RECORD
  5
55
330
1
100
AcDbSymbolTableRecord
100
AcDbBlockTableRecord
  2
*Paper_Space0
340
56
 70
     0
280
     1
281
     0
  0
BLOCK_RECORD
  5
C8
330
1
100
AcDbSymbolTableRecord
100
AcDbBlockTableRecord
  2
_Oblique
340
0
102
{BLKREFS
331
71C
331
71D
331
72A
331
72B
331
7B2
331
7B3
331
7C0
331
7C1
331
7CE
331
7CF
331
7DC
331
7DD
331
7EA
331
7EB
331
7F8
331
7F9
331
806
331
807
331
814
331
815
331
822
331
823
331
830
331
831
331
83E
331
83F
331
A5A
331
A5B
331
A68
331
A69
331
A76
331
A77
331
A84
331
A85
331
A92
331
A93
331
AA0
331
AA1
331
AAE
331
AAF
331
ABC
331
ABD
331
ACA
331
ACB
331
AD8
331
AD9
331
AE6
331
AE7
102
}
 70
     0
280
     1
281
     0
  0
BLOCK_RECORD
  5
716
330
1
100
AcDbSymbolTableRecord
100
AcDbBlockTableRecord
  2
*D2
340
0
 70
     0
280
     1
281
     0
  0
BLOCK_RECORD
  5
724
330
1
100
AcDbSymbolTableRecord
100
AcDbBlockTableRecord
  2
*D3
340
0
 70
     0
280
     1
281
     0
  0
BLOCK_RECORD
  5
734
330
1
100
AcDbSymbolTableRecord
100
AcDbBlockTableRecord
  2
CUT_1
340
0
102
{BLKREFS
331
737
102
}
 70
     0
280
     1
281
     0
1001
SYSCON_ODA_APP
1002
{
1000
CUT;glass_continuous0;1;hori;-817.4276;881.8412;-;-;
1002
}
  0
BLOCK_RECORD
  5
738
330
1
100
AcDbSymbolTableRecord
100
AcDbBlockTableRecord
  2
CUT_1_CUT
340
0
102
{BLKREFS
331
9CB
102
}
 70
     0
280
     1
281
     0
  0
BLOCK_RECORD
  5
779
330
1
100
AcDbSymbolTableRecord
100
AcDbBlockTableRecord
  2
_OPEN
340
0
102
{BLKREFS
331
84E
331
84F
331
85B
331
85C
331
868
331
869
331
875
331
876
331
8AC
331
8AD
331
8B9
331
8BA
331
8C6
331
8C7
331
8D3
331
8D4
331
8E0
331
8E1
331
8ED
331
8EE
331
932
331
933
331
93F
331
940
331
95C
331
95D
331
969
331
96A
331
976
331
977
331
99A
331
99B
331
9A7
331
9A8
331
9B4
331
9B5
102
}
 70
     0
280
     1
281
     0
  0
BLOCK_RECORD
  5
7A9
330
1
100
AcDbSymbolTableRecord
100
AcDbBlockTableRecord
  2
JOIN_INSERT_1_43141477418452
340
0
102
{BLKREFS
331
7A8
102
}
 70
     0
280
     1
281
     0
1001
SYSCON_ODA_APP
1002
{
1000
JOIN_BLOCKDEF;
1002
}
  0
BLOCK_RECORD
  5
7AD
330
1
100
AcDbSymbolTableRecord
100
AcDbBlockTableRecord
  2
*D8
340
0
 70
     0
280
     1
281
     0
  0
BLOCK_RECORD
  5
7BB
330
1
100
AcDbSymbolTableRecord
100
AcDbBlockTableRecord
  2
*D9
340
0
 70
     0
280
     1
281
     0
  0
BLOCK_RECORD
  5
7C9
330
1
100
AcDbSymbolTableRecord
100
AcDbBlockTableRecord
  2
*D10
340
0
 70
     0
280
     1
281
     0
  0
BLOCK_RECORD
  5
7D7
330
1
100
AcDbSymbolTableRecord
100
AcDbBlockTableRecord
  2
*D11
340
0
 70
     0
280
     1
281
     0
  0
BLOCK_RECORD
  5
7E5
330
1
100
AcDbSymbolTableRecord
100
AcDbBlockTableRecord
  2
*D12
340
0
 70
     0
280
     1
281
     0
  0
BLOCK_RECORD
  5
7F3
330
1
100
AcDbSymbolTableRecord
100
AcDbBlockTableRecord
  2
*D13
340
0
 70
     0
280
     1
281
     0
  0
BLOCK_RECORD
  5
801
330
1
100
AcDbSymbolTableRecord
100
AcDbBlockTableRecord
  2
*D14
340
0
 70
     0
280
     1
281
     0
  0
BLOCK_RECORD
  5
80F
330
1
100
AcDbSymbolTableRecord
100
AcDbBlockTableRecord
  2
*D15
340
0
 70
     0
280
     1
281
     0
  0
BLOCK_RECORD
  5
81D
330
1
100
AcDbSymbolTableRecord
100
AcDbBlockTableRecord
  2
*D16
340
0
 70
     0
280
     1
281
     0
  0
BLOCK_RECORD
  5
82B
330
1
100
AcDbSymbolTableRecord
100
AcDbBlockTableRecord
  2
*D17
340
0
 70
     0
280
     1
281
     0
  0
BLOCK_RECORD
  5
839
330
1
100
AcDbSymbolTableRecord
100
AcDbBlockTableRecord
  2
*D18
340
0
 70
     0
280
     1
281
     0
  0
BLOCK_RECORD
  5
846
330
1
100
AcDbSymbolTableRecord
100
AcDbBlockTableRecord
  2
76171P__2S
340
0
102
{BLKREFS
331
845
331
9BC
331
AED
331
C64
102
}
 70
     0
280
     1
281
     0
1001
SYSCON_ODA_APP
1002
{
1000
JOIN_BLOCKDEF;4020#DRAWING
1002
}
  0
BLOCK_RECORD
  5
849
330
1
100
AcDbSymbolTableRecord
100
AcDbBlockTableRecord
  2
*D20
340
0
 70
     0
280
     1
281
     0
  0
BLOCK_RECORD
  5
856
330
1
100
AcDbSymbolTableRecord
100
AcDbBlockTableRecord
  2
*D21
340
0
 70
     0
280
     1
281
     0
  0
BLOCK_RECORD
  5
863
330
1
100
AcDbSymbolTableRecord
100
AcDbBlockTableRecord
  2
*D22
340
0
 70
     0
280
     1
281
     0
  0
BLOCK_RECORD
  5
870
330
1
100
AcDbSymbolTableRecord
100
AcDbBlockTableRecord
  2
*D23
340
0
 70
     0
280
     1
281
     0
  0
BLOCK_RECORD
  5
892
330
1
100
AcDbSymbolTableRecord
100
AcDbBlockTableRecord
  2
76271P__2S
340
0
102
{BLKREFS
331
891
331
9BD
331
B39
331
C65
102
}
 70
     0
280
     1
281
     0
1001
SYSCON_ODA_APP
1002
{
1000
JOIN_BLOCKDEF;4028#DRAWING
1002
}
  0
BLOCK_RECORD
  5
8A7
330
1
100
AcDbSymbolTableRecord
100
AcDbBlockTableRecord
  2
*D25
340
0
 70
     0
280
     1
281
     0
  0
BLOCK_RECORD
  5
8B4
330
1
100
AcDbSymbolTableRecord
100
AcDbBlockTableRecord
  2
*D26
340
0
 70
     0
280
     1
281
     0
  0
BLOCK_RECORD
  5
8C1
330
1
100
AcDbSymbolTableRecord
100
AcDbBlockTableRecord
  2
*D27
340
0
 70
     0
280
     1
281
     0
  0
BLOCK_RECORD
  5
8CE
330
1
100
AcDbSymbolTableRecord
100
AcDbBlockTableRecord
  2
*D28
340
0
 70
     0
280
     1
281
     0
  0
BLOCK_RECORD
  5
8DB
330
1
100
AcDbSymbolTableRecord
100
AcDbBlockTableRecord
  2
*D29
340
0
 70
     0
280
     1
281
     0
  0
BLOCK_RECORD
  5
8E8
330
1
100
AcDbSymbolTableRecord
100
AcDbBlockTableRecord
  2
*D30
340
0
 70
     0
280
     1
281
     0
  0
BLOCK_RECORD
  5
8F6
330
1
100
AcDbSymbolTableRecord
100
AcDbBlockTableRecord
  2
JOIN_INSERT_23_GLASS_4_16_4_16_4_43141478512440
340
0
102
{BLKREFS
331
8F5
102
}
 70
     0
280
     1
281
     0
1001
SYSCON_ODA_APP
1002
{
1000
JOIN_BLOCKDEF;
1002
}
  0
BLOCK_RECORD
  5
91A
102
{ACAD_XDICTIONARY
360
91B
102
}
330
1
100
AcDbSymbolTableRecord
100
AcDbBlockTableRecord
  2
G049P__3
340
0
102
{BLKREFS
331
919
331
9BE
331
BC1
331
C66
102
}
 70
     0
280
     1
281
     0
1001
SYSCON_ODA_APP
1002
{
1000
JOIN_BLOCKDEF;88#DRAWING_3
1002
}
  0
BLOCK_RECORD
  5
923
330
1
100
AcDbSymbolTableRecord
100
AcDbBlockTableRecord
  2
76507____S_3_0
340
0
102
{BLKREFS
331
922
331
9BF
331
BCA
331
C67
102
}
 70
     0
280
     1
281
     0
1001
SYSCON_ODA_APP
1002
{
1000
JOIN_BLOCKDEF;433#3.0
1002
}
  0
BLOCK_RECORD
  5
92D
330
1
100
AcDbSymbolTableRecord
100
AcDbBlockTableRecord
  2
*D34
340
0
 70
     0
280
     1
281
     0
  0
BLOCK_RECORD
  5
93A
330
1
100
AcDbSymbolTableRecord
100
AcDbBlockTableRecord
  2
*D35
340
0
 70
     0
280
     1
281
     0
  0
BLOCK_RECORD
  5
948
102
{ACAD_XDICTIONARY
360
949
102
}
330
1
100
AcDbSymbolTableRecord
100
AcDbBlockTableRecord
  2
G050P__1
340
0
102
{BLKREFS
331
947
331
9C0
331
BEF
331
C68
102
}
 70
     0
280
     1
281
     0
1001
SYSCON_ODA_APP
1002
{
1000
JOIN_BLOCKDEF;89#DRAWING_1
1002
}
  0
BLOCK_RECORD
  5
950
330
1
100
AcDbSymbolTableRecord
100
AcDbBlockTableRecord
  2
V306
340
0
102
{BLKREFS
331
94F
331
9C1
331
BF7
331
C69
102
}
 70
     0
280
     1
281
     0
1001
SYSCON_ODA_APP
1002
{
1000
JOIN_BLOCKDEF;275#DRAWING
1002
}
  0
BLOCK_RECORD
  5
955
330
1
100
AcDbSymbolTableRecord
100
AcDbBlockTableRecord
  2
*D38
340
0
 70
     0
280
     1
281
     0
  0
BLOCK_RECORD
  5
964
330
1
100
AcDbSymbolTableRecord
100
AcDbBlockTableRecord
  2
*D39
340
0
 70
     0
280
     1
281
     0
  0
BLOCK_RECORD
  5
971
330
1
100
AcDbSymbolTableRecord
100
AcDbBlockTableRecord
  2
*D40
340
0
 70
     0
280
     1
281
     0
  0
BLOCK_RECORD
  5
97F
330
1
100
AcDbSymbolTableRecord
100
AcDbBlockTableRecord
  2
G051P__1
340
0
102
{BLKREFS
331
97E
331
9C2
331
C26
331
C6A
102
}
 70
     0
280
     1
281
     0
1001
SYSCON_ODA_APP
1002
{
1000
JOIN_BLOCKDEF;713#DRAWING_1
1002
}
  0
BLOCK_RECORD
  5
985
102
{ACAD_XDICTIONARY
360
986
102
}
330
1
100
AcDbSymbolTableRecord
100
AcDbBlockTableRecord
  2
G049P__1
340
0
102
{BLKREFS
331
984
331
9C3
331
C2C
331
C6B
102
}
 70
     0
280
     1
281
     0
1001
SYSCON_ODA_APP
1002
{
1000
JOIN_BLOCKDEF;88#DRAWING_1
1002
}
  0
BLOCK_RECORD
  5
98E
330
1
100
AcDbSymbolTableRecord
100
AcDbBlockTableRecord
  2
V309
340
0
102
{BLKREFS
331
98D
331
9C4
331
C35
331
C6C
102
}
 70
     0
280
     1
281
     0
1001
SYSCON_ODA_APP
1002
{
1000
JOIN_BLOCKDEF;410#DRAWING
1002
}
  0
BLOCK_RECORD
  5
993
330
1
100
AcDbSymbolTableRecord
100
AcDbBlockTableRecord
  2
*D44
340
0
 70
     0
280
     1
281
     0
  0
BLOCK_RECORD
  5
9A2
330
1
100
AcDbSymbolTableRecord
100
AcDbBlockTableRecord
  2
*D45
340
0
 70
     0
280
     1
281
     0
  0
BLOCK_RECORD
  5
9AF
330
1
100
AcDbSymbolTableRecord
100
AcDbBlockTableRecord
  2
*D46
340
0
 70
     0
280
     1
281
     0
  0
BLOCK_RECORD
  5
9C6
330
1
100
AcDbSymbolTableRecord
100
AcDbBlockTableRecord
  2
JOIN_INSERT_12_4314147741227
340
0
 70
     0
280
     1
281
     0
1001
SYSCON_ODA_APP
1002
{
1000
JOIN_BLOCKDEF;
1002
}
  0
BLOCK_RECORD
  5
9CD
330
1
100
AcDbSymbolTableRecord
100
AcDbBlockTableRecord
  2
CUTLINE_1
340
0
102
{BLKREFS
331
9D9
102
}
 70
     0
280
     1
281
     0
  0
BLOCK_RECORD
  5
9DC
330
1
100
AcDbSymbolTableRecord
100
AcDbBlockTableRecord
  2
CUT_2
340
0
102
{BLKREFS
331
9DF
102
}
 70
     0
280
     1
281
     0
1001
SYSCON_ODA_APP
1002
{
1000
CUT;glass_continuous0;1;vert;641.7981;1492.4954;-;-;
1002
}
  0
BLOCK_RECORD
  5
9E0
330
1
100
AcDbSymbolTableRecord
100
AcDbBlockTableRecord
  2
CUT_2_CUT
340
0
102
{BLKREFS
331
C73
102
}
 70
     0
280
     1
281
     0
  0
BLOCK_RECORD
  5
A51
330
1
100
AcDbSymbolTableRecord
100
AcDbBlockTableRecord
  2
JOIN_INSERT_1_431427357432
340
0
102
{BLKREFS
331
A50
102
}
 70
     0
280
     1
281
     0
1001
SYSCON_ODA_APP
1002
{
1000
JOIN_BLOCKDEF;
1002
}
  0
BLOCK_RECORD
  5
A55
330
1
100
AcDbSymbolTableRecord
100
AcDbBlockTableRecord
  2
*D52
340
0
 70
     0
280
     1
281
     0
  0
BLOCK_RECORD
  5
A63
330
1
100
AcDbSymbolTableRecord
100
AcDbBlockTableRecord
  2
*D53
340
0
 70
     0
280
     1
281
     0
  0
BLOCK_RECORD
  5
A71
330
1
100
AcDbSymbolTableRecord
100
AcDbBlockTableRecord
  2
*D54
340
0
 70
     0
280
     1
281
     0
  0
BLOCK_RECORD
  5
A7F
330
1
100
AcDbSymbolTableRecord
100
AcDbBlockTableRecord
  2
*D55
340
0
 70
     0
280
     1
281
     0
  0
BLOCK_RECORD
  5
A8D
330
1
100
AcDbSymbolTableRecord
100
AcDbBlockTableRecord
  2
*D56
340
0
 70
     0
280
     1
281
     0
  0
BLOCK_RECORD
  5
A9B
330
1
100
AcDbSymbolTableRecord
100
AcDbBlockTableRecord
  2
*D57
340
0
 70
     0
280
     1
281
     0
  0
BLOCK_RECORD
  5
AA9
330
1
100
AcDbSymbolTableRecord
100
AcDbBlockTableRecord
  2
*D58
340
0
 70
     0
280
     1
281
     0
  0
BLOCK_RECORD
  5
AB7
330
1
100
AcDbSymbolTableRecord
100
AcDbBlockTableRecord
  2
*D59
340
0
 70
     0
280
     1
281
     0
  0
BLOCK_RECORD
  5
AC5
330
1
100
AcDbSymbolTableRecord
100
AcDbBlockTableRecord
  2
*D60
340
0
 70
     0
280
     1
281
     0
  0
BLOCK_RECORD
  5
AD3
330
1
100
AcDbSymbolTableRecord
100
AcDbBlockTableRecord
  2
*D61
340
0
 70
     0
280
     1
281
     0
  0
BLOCK_RECORD
  5
AE1
330
1
100
AcDbSymbolTableRecord
100
AcDbBlockTableRecord
  2
*D62
340
0
 70
     0
280
     1
281
     0
  0
BLOCK_RECORD
  5
B9E
330
1
100
AcDbSymbolTableRecord
100
AcDbBlockTableRecord
  2
JOIN_INSERT_23_GLASS_4_16_4_16_4_4314273647584
340
0
102
{BLKREFS
331
B9D
102
}
 70
     0
280
     1
281
     0
1001
SYSCON_ODA_APP
1002
{
1000
JOIN_BLOCKDEF;
1002
}
  0
BLOCK_RECORD
  5
C6E
330
1
100
AcDbSymbolTableRecord
100
AcDbBlockTableRecord
  2
JOIN_INSERT_12_4314273576682
340
0
 70
     0
280
     1
281
     0
1001
SYSCON_ODA_APP
1002
{
1000
JOIN_BLOCKDEF;
1002
}
  0
BLOCK_RECORD
  5
C75
330
1
100
AcDbSymbolTableRecord
100
AcDbBlockTableRecord
  2
CUTLINE_2
340
0
102
{BLKREFS
331
C81
102
}
 70
     0
280
     1
281
     0
  0
BLOCK_RECORD
  5
C84
330
1
100
AcDbSymbolTableRecord
100
AcDbBlockTableRecord
  2
USERTEXT_3
340
0
102
{BLKREFS
331
CFC
102
}
 70
     0
280
     1
281
     0
  0
ENDTAB
  0
ENDSEC
  0
SECTION
  2
BLOCKS
  0
BLOCK
  5
20
330
1F
100
AcDbEntity
  8
0
370
    -1
100
AcDbBlockBegin
  2
*Model_Space
 70
     0
 10
0.0
 20
0.0
 30
0.0
  3
*Model_Space
  1

  0
ENDBLK
  5
21
330
1F
100
AcDbEntity
  8
0
370
    -1
100
AcDbBlockEnd
  0
BLOCK
  5
52
330
50
100
AcDbEntity
 67
     1
  8
0
370
    -1
100
AcDbBlockBegin
  2
*Paper_Space
 70
     0
 10
0.0
 20
0.0
 30
0.0
  3
*Paper_Space
  1

  0
ENDBLK
  5
53
330
50
100
AcDbEntity
 67
     1
  8
0
370
    -1
100
AcDbBlockEnd
  0
BLOCK
  5
57
330
55
100
AcDbEntity
  8
0
370
    -1
100
AcDbBlockBegin
  2
*Paper_Space0
 70
     0
 10
0.0
 20
0.0
 30
0.0
  3
*Paper_Space0
  1

  0
ENDBLK
  5
58
330
55
100
AcDbEntity
  8
0
370
    -1
100
AcDbBlockEnd
  0
BLOCK
  5
CA
330
C8
100
AcDbEntity
  8
0
370
    -1
100
AcDbBlockBegin
  2
_Oblique
 70
     0
 10
0.0
 20
0.0
 30
0.0
  3
_Oblique
  1

  0
LINE
  5
C9
330
C8
100
AcDbEntity
  8
0
  6
ByBlock
 62
     0
370
    -2
100
AcDbLine
 10
-0.5
 20
-0.5
 30
0.0
 11
0.5
 21
0.5
 31
0.0
  0
ENDBLK
  5
CB
330
C8
100
AcDbEntity
  8
0
370
    -1
100
AcDbBlockEnd
  0
BLOCK
  5
717
330
716
100
AcDbEntity
  8
0
100
AcDbBlockBegin
  2
*D2
 70
     1
 10
0.0
 20
0.0
 30
0.0
  3
*D2
  1

  0
LINE
  5
719
330
716
100
AcDbEntity
  8
CON_DIM
  6
Continuous
 62
     0
370
    -2
100
AcDbLine
 10
0.0
 20
-10.0
 30
0.0
 11
0.0
 21
-130.0
 31
0.0
  0
LINE
  5
71A
330
716
100
AcDbEntity
  8
CON_DIM
  6
Continuous
 62
     0
370
    -2
100
AcDbLine
 10
1230.0
 20
-10.0
 30
0.0
 11
1230.0
 21
-130.0
 31
0.0
  0
LINE
  5
71B
330
716
100
AcDbEntity
  8
CON_DIM
  6
Continuous
 62
     0
370
    -2
100
AcDbLine
 10
0.0
 20
-120.0
 30
0.0
 11
1230.0
 21
-120.0
 31
0.0
  0
INSERT
  5
71C
330
716
100
AcDbEntity
  8
CON_DIM
 62
     0
370
    -2
100
AcDbBlockReference
  2
_Oblique
 10
0.0
 20
-120.0
 30
0.0
 41
25.0
 42
25.0
 43
25.0
 50
180.0
  0
INSERT
  5
71D
330
716
100
AcDbEntity
  8
CON_DIM
 62
     0
370
    -2
100
AcDbBlockReference
  2
_Oblique
 10
1230.0
 20
-120.0
 30
0.0
 41
25.0
 42
25.0
 43
25.0
  0
MTEXT
  5
71E
330
716
100
AcDbEntity
  8
CON_DIM
  6
Continuous
 62
     0
100
AcDbMText
 10
615.0
 20
-64.26499999999999
 30
0.0
 40
70.0
 41
0.0
 46
0.0
 71
     5
 72
     1
  1
1230
  7
CON_DIM
 73
     1
 44
1.0
  0
POINT
  5
71F
330
716
100
AcDbEntity
  8
Defpoints
 62
     0
100
AcDbPoint
 10
0.0
 20
0.0
 30
0.0
  0
POINT
  5
720
330
716
100
AcDbEntity
  8
Defpoints
 62
     0
100
AcDbPoint
 10
1230.0
 20
0.0
 30
0.0
  0
POINT
  5
721
330
716
100
AcDbEntity
  8
Defpoints
 62
     0
100
AcDbPoint
 10
1230.0
 20
-120.0
 30
0.0
  0
ENDBLK
  5
718
330
716
100
AcDbEntity
  8
0
100
AcDbBlockEnd
  0
BLOCK
  5
725
330
724
100
AcDbEntity
  8
0
100
AcDbBlockBegin
  2
*D3
 70
     1
 10
0.0
 20
0.0
 30
0.0
  3
*D3
  1

  0
LINE
  5
727
330
724
100
AcDbEntity
  8
CON_DIM
  6
Continuous
 62
     0
370
    -2
100
AcDbLine
 10
1240.0
 20
0.0
 30
0.0
 11
1360.0
 21
0.0
 31
0.0
  0
LINE
  5
728
330
724
100
AcDbEntity
  8
CON_DIM
  6
Continuous
 62
     0
370
    -2
100
AcDbLine
 10
1240.0
 20
1480.0
 30
0.0
 11
1360.0
 21
1480.0
 31
0.0
  0
LINE
  5
729
330
724
100
AcDbEntity
  8
CON_DIM
  6
Continuous
 62
     0
370
    -2
100
AcDbLine
 10
1350.0
 20
0.0
 30
0.0
 11
1350.0
 21
1480.0
 31
0.0
  0
INSERT
  5
72A
330
724
100
AcDbEntity
  8
CON_DIM
 62
     0
370
    -2
100
AcDbBlockReference
  2
_Oblique
 10
1350.0
 20
0.0
 30
0.0
 41
25.0
 42
25.0
 43
25.0
 50
270.0
  0
INSERT
  5
72B
330
724
100
AcDbEntity
  8
CON_DIM
 62
     0
370
    -2
100
AcDbBlockReference
  2
_Oblique
 10
1350.0
 20
1480.0
 30
0.0
 41
25.0
 42
25.0
 43
25.0
 50
90.0
  0
MTEXT
  5
72C
330
724
100
AcDbEntity
  8
CON_DIM
  6
Continuous
 62
     0
100
AcDbMText
 10
1294.265
 20
740.0
 30
0.0
 40
70.0
 41
0.0
 46
0.0
 71
     5
 72
     1
  1
1480
  7
CON_DIM
 11
0.0
 21
1.0
 31
0.0
 73
     1
 44
1.0
  0
POINT
  5
72D
330
724
100
AcDbEntity
  8
Defpoints
 62
     0
100
AcDbPoint
 10
1230.0
 20
0.0
 30
0.0
  0
POINT
  5
72E
330
724
100
AcDbEntity
  8
Defpoints
 62
     0
100
AcDbPoint
 10
1230.0
 20
1480.0
 30
0.0
  0
POINT
  5
72F
330
724
100
AcDbEntity
  8
Defpoints
 62
     0
100
AcDbPoint
 10
1350.0
 20
1480.0
 30
0.0
  0
ENDBLK
  5
726
330
724
100
AcDbEntity
  8
0
100
AcDbBlockEnd
  0
BLOCK
  5
735
330
734
100
AcDbEntity
  8
0
100
AcDbBlockBegin
  2
CUT_1
 70
     0
 10
0.0
 20
0.0
 30
0.0
  3
CUT_1
  1

  0
INSERT
  5
9CB
330
734
100
AcDbEntity
  8
cut
 62
     0
100
AcDbBlockReference
  2
CUT_1_CUT
 10
-4.931209616199226
 20
-459.2054983758208
 30
0.0
  0
TEXT
  5
9CC
330
734
100
AcDbEntity
  8
cut
  6
Continuous
 62
     0
100
AcDbText
 10
-6.636554114957676
 20
-566.2054983758213
 30
0.0
 40
50.0
  1
Schnitt S1, M 1:1
  7
arialstyle
 11
-6.636554114957676
 21
-516.2054983758213
 31
0.0
100
AcDbText
 73
     3
1001
SYSCON_ODA_APP
1002
{
1000
CUT;1
1002
}
  0
ENDBLK
  5
736
330
734
100
AcDbEntity
  8
0
100
AcDbBlockEnd
  0
BLOCK
  5
9C9
330
738
100
AcDbEntity
  8
0
100
AcDbBlockBegin
  2
CUT_1_CUT
 70
     0
 10
0.0
 20
0.0
 30
0.0
  3
CUT_1_CUT
  1

  0
INSERT
  5
7A8
330
738
100
AcDbEntity
  8
0
100
AcDbBlockReference
  2
JOIN_INSERT_1_43141477418452
 10
0.2946555012415502
 20
104.8693675115514
 30
0.0
1001
SYSCON_ODA_APP
1002
{
1000
JOIN_BLOCKREF;1;0
1002
}
  0
ENDBLK
  5
9CA
330
738
100
AcDbEntity
  8
0
100
AcDbBlockEnd
  0
BLOCK
  5
77A
330
779
100
AcDbEntity
  8
0
370
    -1
100
AcDbBlockBegin
  2
_OPEN
 70
     0
 10
0.0
 20
0.0
 30
0.0
  3
_OPEN
  1

  0
LINE
  5
77B
330
779
100
AcDbEntity
  8
0
  6
ByBlock
 62
     0
370
    -1
100
AcDbLine
 10
-1.0
 20
0.1666666666666667
 30
0.0
 11
0.0
 21
0.0
 31
0.0
  0
LINE
  5
77C
330
779
100
AcDbEntity
  8
0
  6
ByBlock
 62
     0
370
    -1
100
AcDbLine
 10
-1.0
 20
-0.1666666666666667
 30
0.0
 11
0.0
 21
0.0
 31
0.0
  0
LINE
  5
77D
330
779
100
AcDbEntity
  8
0
  6
ByBlock
 62
     0
370
    -1
100
AcDbLine
 10
0.0
 20
0.0
 30
0.0
 11
-1.0
 21
0.0
 31
0.0
  0
ENDBLK
  5
77E
330
779
100
AcDbEntity
  8
0
370
    -1
100
AcDbBlockEnd
  0
BLOCK
  5
7AA
330
7A9
100
AcDbEntity
  8
0
100
AcDbBlockBegin
  2
JOIN_INSERT_1_43141477418452
 70
     0
 10
0.0
 20
0.0
 30
0.0
  3
JOIN_INSERT_1_43141477418452
  1

  0
DIMENSION
  5
7AB
102
{ACAD_XDICTIONARY
360
7AC
102
}
330
7A9
100
AcDbEntity
  8
DIM_CUT
  6
Continuous
100
AcDbDimension
280
     0
  2
*D8
 10
116.0
 20
56.75
 30
0.0
 11
58.0
 21
61.3025
 31
0.0
 70
    33
 71
     5
 42
116.0
 73
     0
 74
     0
 75
     0
  3
CUT_DIM
100
AcDbAlignedDimension
 13
0.0
 23
16.75
 33
0.0
 14
116.0
 24
16.75
 34
0.0
1001
ACAD_DSTYLE_DIMJAG
1070
   388
1040
1.5
  0
DIMENSION
  5
7B9
102
{ACAD_XDICTIONARY
360
7BA
102
}
330
7A9
100
AcDbEntity
  8
DIM_CUT
  6
Continuous
100
AcDbDimension
280
     0
  2
*D9
 10
1114.0
 20
56.75
 30
0.0
 11
615.0
 21
61.3025
 31
0.0
 70
    33
  1
998
 71
     5
 42
998.0
 73
     0
 74
     0
 75
     0
  3
CUT_DIM
100
AcDbAlignedDimension
 13
116.0
 23
16.75
 33
0.0
 14
1114.0
 24
16.75
 34
0.0
1001
ACAD_DSTYLE_DIMJAG
1070
   388
1040
1.5
  0
DIMENSION
  5
7C7
102
{ACAD_XDICTIONARY
360
7C8
102
}
330
7A9
100
AcDbEntity
  8
DIM_CUT
  6
Continuous
100
AcDbDimension
280
     0
  2
*D10
 10
1230.0
 20
56.75
 30
0.0
 11
1172.0
 21
61.3025
 31
0.0
 70
    33
 71
     5
 42
116.0
 73
     0
 74
     0
 75
     0
  3
CUT_DIM
100
AcDbAlignedDimension
 13
1114.0
 23
16.75
 33
0.0
 14
1230.0
 24
16.75
 34
0.0
1001
ACAD_DSTYLE_DIMJAG
1070
   388
1040
1.5
  0
DIMENSION
  5
7D5
102
{ACAD_XDICTIONARY
360
7D6
102
}
330
7A9
100
AcDbEntity
  8
DIM_CUT
  6
Continuous
100
AcDbDimension
280
     0
  2
*D11
 10
73.99999999999977
 20
36.75
 30
0.0
 11
36.99999999999989
 21
41.25
 31
0.0
 70
    33
 71
     5
 42
73.99999999999977
 73
     0
 74
     0
 75
     0
  3
CUT_DIM
100
AcDbAlignedDimension
 13
0.0
 23
16.75
 33
0.0
 14
73.99999999999977
 24
16.75
 34
0.0
1001
ACAD_DSTYLE_DIMJAG
1070
   388
1040
1.5
  0
DIMENSION
  5
7E3
102
{ACAD_XDICTIONARY
360
7E4
102
}
330
7A9
100
AcDbEntity
  8
DIM_CUT
  6
Continuous
100
AcDbDimension
280
     0
  2
*D12
 10
116.0
 20
36.75
 30
0.0
 11
94.99999999999989
 21
41.26
 31
0.0
 70
    33
 71
     5
 42
42.00000000000023
 73
     0
 74
     0
 75
     0
  3
CUT_DIM
100
AcDbAlignedDimension
 13
73.99999999999977
 23
16.75
 33
0.0
 14
116.0
 24
16.75
 34
0.0
1001
ACAD_DSTYLE_DIMJAG
1070
   388
1040
1.5
  0
DIMENSION
  5
7F1
102
{ACAD_XDICTIONARY
360
7F2
102
}
330
7A9
100
AcDbEntity
  8
DIM_CUT
  6
Continuous
100
AcDbDimension
280
     0
  2
*D13
 10
1156.0
 20
36.75
 30
0.0
 11
1135.0
 21
41.26
 31
0.0
 70
    33
 71
     5
 42
41.99999999999955
 73
     0
 74
     0
 75
     0
  3
CUT_DIM
100
AcDbAlignedDimension
 13
1114.0
 23
16.75
 33
0.0
 14
1156.0
 24
16.75
 34
0.0
1001
ACAD_DSTYLE_DIMJAG
1070
   388
1040
1.5
  0
DIMENSION
  5
7FF
102
{ACAD_XDICTIONARY
360
800
102
}
330
7A9
100
AcDbEntity
  8
DIM_CUT
  6
Continuous
100
AcDbDimension
280
     0
  2
*D14
 10
1230.0
 20
36.75
 30
0.0
 11
1193.0
 21
41.25
 31
0.0
 70
    33
 71
     5
 42
74.00000000000045
 73
     0
 74
     0
 75
     0
  3
CUT_DIM
100
AcDbAlignedDimension
 13
1156.0
 23
16.75
 33
0.0
 14
1230.0
 24
16.75
 34
0.0
1001
ACAD_DSTYLE_DIMJAG
1070
   388
1040
1.5
  0
DIMENSION
  5
80D
102
{ACAD_XDICTIONARY
360
80E
102
}
330
7A9
100
AcDbEntity
  8
DIM_CUT
  6
Continuous
100
AcDbDimension
280
     0
  2
*D15
 10
37.99999999999977
 20
-124.8693675115519
 30
0.0
 11
18.99999999999989
 21
-120.3168675115519
 31
0.0
 70
    33
 71
     5
 42
37.99999999999977
 73
     0
 74
     0
 75
     0
  3
CUT_DIM
100
AcDbAlignedDimension
 13
0.0
 23
-104.8693675115519
 33
0.0
 14
37.99999999999977
 24
-104.8693675115519
 34
0.0
1001
ACAD_DSTYLE_DIMJAG
1070
   388
1040
1.5
  0
DIMENSION
  5
81B
102
{ACAD_XDICTIONARY
360
81C
102
}
330
7A9
100
AcDbEntity
  8
DIM_CUT
  6
Continuous
100
AcDbDimension
280
     0
  2
*D16
 10
95.0
 20
-124.8693675115519
 30
0.0
 11
66.49999999999989
 21
-120.3268675115519
 31
0.0
 70
    33
 71
     5
 42
57.00000000000023
 73
     0
 74
     0
 75
     0
  3
CUT_DIM
100
AcDbAlignedDimension
 13
37.99999999999977
 23
-104.8693675115519
 33
0.0
 14
95.0
 24
-104.8693675115519
 34
0.0
1001
ACAD_DSTYLE_DIMJAG
1070
   388
1040
1.5
  0
DIMENSION
  5
829
102
{ACAD_XDICTIONARY
360
82A
102
}
330
7A9
100
AcDbEntity
  8
DIM_CUT
  6
Continuous
100
AcDbDimension
280
     0
  2
*D17
 10
1192.0
 20
-124.8693675115519
 30
0.0
 11
1163.5
 21
-120.3268675115519
 31
0.0
 70
    33
 71
     5
 42
57.00000000000045
 73
     0
 74
     0
 75
     0
  3
CUT_DIM
100
AcDbAlignedDimension
 13
1135.0
 23
-104.8693675115519
 33
0.0
 14
1192.0
 24
-104.8693675115519
 34
0.0
1001
ACAD_DSTYLE_DIMJAG
1070
   388
1040
1.5
  0
DIMENSION
  5
837
102
{ACAD_XDICTIONARY
360
838
102
}
330
7A9
100
AcDbEntity
  8
DIM_CUT
  6
Continuous
100
AcDbDimension
280
     0
  2
*D18
 10
1230.0
 20
-124.8693675115519
 30
0.0
 11
1211.0
 21
-120.3168675115519
 31
0.0
 70
    33
 71
     5
 42
38.0
 73
     0
 74
     0
 75
     0
  3
CUT_DIM
100
AcDbAlignedDimension
 13
1192.0
 23
-104.8693675115519
 33
0.0
 14
1230.0
 24
-104.8693675115519
 34
0.0
1001
ACAD_DSTYLE_DIMJAG
1070
   388
1040
1.5
  0
INSERT
  5
845
330
7A9
100
AcDbEntity
  8
0
100
AcDbBlockReference
  2
76171P__2S
 10
1230.0
 20
0.0
 30
0.0
 41
-1.0
 50
89.99999999999999
  0
INSERT
  5
891
330
7A9
100
AcDbEntity
  8
0
100
AcDbBlockReference
  2
76271P__2S
 10
1192.0
 20
-94.0
 30
0.0
 41
-1.0
 50
89.99999999999999
  0
INSERT
  5
8F5
330
7A9
100
AcDbEntity
  8
0
100
AcDbBlockReference
  2
JOIN_INSERT_23_GLASS_4_16_4_16_4_43141478512440
 10
1135.0
 20
-35.49999999999999
 30
0.0
 41
-1.0
 50
89.99999999999999
  0
INSERT
  5
919
330
7A9
100
AcDbEntity
  8
0
100
AcDbBlockReference
  2
G049P__3
 10
1119.6
 20
-31.99999999999998
 30
0.0
 41
-1.0
 50
89.99999999999999
  0
INSERT
  5
922
330
7A9
100
AcDbEntity
  8
0
100
AcDbBlockReference
  2
76507____S_3_0
 10
1135.0
 20
-92.99999999999999
 30
0.0
 41
-1.0
 50
89.99999999999999
  0
INSERT
  5
947
330
7A9
100
AcDbEntity
  8
0
100
AcDbBlockReference
  2
G050P__1
 10
1186.4
 20
-79.99999999999999
 30
0.0
 41
-1.0
 50
270.0
  0
INSERT
  5
94F
330
7A9
100
AcDbEntity
  8
0
100
AcDbBlockReference
  2
V306
 10
1141.5
 20
-77.39999999999999
 30
0.0
 41
-1.0
 50
89.99999999999999
  0
INSERT
  5
97E
330
7A9
100
AcDbEntity
  8
0
100
AcDbBlockReference
  2
G051P__1
 10
1181.6
 20
-36.99999999999999
 30
0.0
 41
-1.0
 50
89.99999999999999
  0
INSERT
  5
984
330
7A9
100
AcDbEntity
  8
0
100
AcDbBlockReference
  2
G049P__1
 10
1161.6
 20
-13.99999999999999
 30
0.0
 41
-1.0
 50
89.99999999999999
  0
INSERT
  5
98D
330
7A9
100
AcDbEntity
  8
0
100
AcDbBlockReference
  2
V309
 10
1218.5
 20
-57.8
 30
0.0
 50
270.0
  0
INSERT
  5
9BC
330
7A9
100
AcDbEntity
  8
0
100
AcDbBlockReference
  2
76171P__2S
 10
0.0
 20
0.0
 30
0.0
 50
270.0
  0
INSERT
  5
9BD
330
7A9
100
AcDbEntity
  8
0
100
AcDbBlockReference
  2
76271P__2S
 10
37.99999999999999
 20
-94.0
 30
0.0
 50
270.0
  0
INSERT
  5
9BE
330
7A9
100
AcDbEntity
  8
0
100
AcDbBlockReference
  2
G049P__3
 10
110.4
 20
-32.00000000000002
 30
0.0
 50
270.0
  0
INSERT
  5
9BF
330
7A9
100
AcDbEntity
  8
0
100
AcDbBlockReference
  2
76507____S_3_0
 10
94.99999999999999
 20
-93.00000000000001
 30
0.0
 50
270.0
  0
INSERT
  5
9C0
330
7A9
100
AcDbEntity
  8
0
100
AcDbBlockReference
  2
G050P__1
 10
43.59999999999999
 20
-80.00000000000001
 30
0.0
 50
89.99999999999999
  0
INSERT
  5
9C1
330
7A9
100
AcDbEntity
  8
0
100
AcDbBlockReference
  2
V306
 10
88.49999999999999
 20
-77.40000000000002
 30
0.0
 50
270.0
  0
INSERT
  5
9C2
330
7A9
100
AcDbEntity
  8
0
100
AcDbBlockReference
  2
G051P__1
 10
48.39999999999999
 20
-37.00000000000001
 30
0.0
 50
270.0
  0
INSERT
  5
9C3
330
7A9
100
AcDbEntity
  8
0
100
AcDbBlockReference
  2
G049P__1
 10
68.4
 20
-14.00000000000001
 30
0.0
 50
270.0
  0
INSERT
  5
9C4
330
7A9
100
AcDbEntity
  8
0
100
AcDbBlockReference
  2
V309
 10
11.49999999999999
 20
-57.8
 30
0.0
 41
-1.0
 50
89.99999999999997
  0
ENDBLK
  5
9C5
330
7A9
100
AcDbEntity
  8
0
100
AcDbBlockEnd
  0
BLOCK
  5
7AE
330
7AD
100
AcDbEntity
  8
0
100
AcDbBlockBegin
  2
*D8
 70
     1
 10
0.0
 20
0.0
 30
0.0
  3
*D8
  1

  0
LINE
  5
7AF
330
7AD
100
AcDbEntity
  8
DIM_CUT
  6
Continuous
 62
     0
370
    -2
100
AcDbLine
 10
0.0
 20
17.375
 30
0.0
 11
0.0
 21
58.0
 31
0.0
  0
LINE
  5
7B0
330
7AD
100
AcDbEntity
  8
DIM_CUT
  6
Continuous
 62
     0
370
    -2
100
AcDbLine
 10
116.0
 20
17.375
 30
0.0
 11
116.0
 21
58.0
 31
0.0
  0
LINE
  5
7B1
330
7AD
100
AcDbEntity
  8
DIM_CUT
  6
Continuous
 62
     0
370
    -2
100
AcDbLine
 10
0.0
 20
56.75
 30
0.0
 11
116.0
 21
56.75
 31
0.0
  0
INSERT
  5
7B2
330
7AD
100
AcDbEntity
  8
DIM_CUT
 62
     0
370
    -2
100
AcDbBlockReference
  2
_Oblique
 10
0.0
 20
56.75
 30
0.0
 41
4.0
 42
4.0
 43
4.0
 50
180.0
  0
INSERT
  5
7B3
330
7AD
100
AcDbEntity
  8
DIM_CUT
 62
     0
370
    -2
100
AcDbBlockReference
  2
_Oblique
 10
116.0
 20
56.75
 30
0.0
 41
4.0
 42
4.0
 43
4.0
  0
MTEXT
  5
7B4
330
7AD
100
AcDbEntity
  8
DIM_CUT
  6
Continuous
 62
     0
100
AcDbMText
 10
58.0
 20
61.3025
 30
0.0
 40
5.0
 41
0.0
 46
0.0
 71
     5
 72
     1
  1
116
  7
arialstyle
 73
     1
 44
1.0
  0
POINT
  5
7B5
330
7AD
100
AcDbEntity
  8
Defpoints
 62
     0
100
AcDbPoint
 10
0.0
 20
16.75
 30
0.0
  0
POINT
  5
7B6
330
7AD
100
AcDbEntity
  8
Defpoints
 62
     0
100
AcDbPoint
 10
116.0
 20
16.75
 30
0.0
  0
POINT
  5
7B7
330
7AD
100
AcDbEntity
  8
Defpoints
 62
     0
100
AcDbPoint
 10
116.0
 20
56.75
 30
0.0
  0
ENDBLK
  5
7B8
330
7AD
100
AcDbEntity
  8
0
100
AcDbBlockEnd
  0
BLOCK
  5
7BC
330
7BB
100
AcDbEntity
  8
0
100
AcDbBlockBegin
  2
*D9
 70
     1
 10
0.0
 20
0.0
 30
0.0
  3
*D9
  1

  0
LINE
  5
7BD
330
7BB
100
AcDbEntity
  8
DIM_CUT
  6
Continuous
 62
     0
370
    -2
100
AcDbLine
 10
116.0
 20
17.375
 30
0.0
 11
116.0
 21
58.0
 31
0.0
  0
LINE
  5
7BE
330
7BB
100
AcDbEntity
  8
DIM_CUT
  6
Continuous
 62
     0
370
    -2
100
AcDbLine
 10
1114.0
 20
17.375
 30
0.0
 11
1114.0
 21
58.0
 31
0.0
  0
LINE
  5
7BF
330
7BB
100
AcDbEntity
  8
DIM_CUT
  6
Continuous
 62
     0
370
    -2
100
AcDbLine
 10
116.0
 20
56.75
 30
0.0
 11
1114.0
 21
56.75
 31
0.0
  0
INSERT
  5
7C0
330
7BB
100
AcDbEntity
  8
DIM_CUT
 62
     0
370
    -2
100
AcDbBlockReference
  2
_Oblique
 10
116.0
 20
56.75
 30
0.0
 41
4.0
 42
4.0
 43
4.0
 50
180.0
  0
INSERT
  5
7C1
330
7BB
100
AcDbEntity
  8
DIM_CUT
 62
     0
370
    -2
100
AcDbBlockReference
  2
_Oblique
 10
1114.0
 20
56.75
 30
0.0
 41
4.0
 42
4.0
 43
4.0
  0
MTEXT
  5
7C2
330
7BB
100
AcDbEntity
  8
DIM_CUT
  6
Continuous
 62
     0
100
AcDbMText
 10
615.0
 20
61.3025
 30
0.0
 40
5.0
 41
0.0
 46
0.0
 71
     5
 72
     1
  1
998
  7
arialstyle
 73
     1
 44
1.0
  0
POINT
  5
7C3
330
7BB
100
AcDbEntity
  8
Defpoints
 62
     0
100
AcDbPoint
 10
116.0
 20
16.75
 30
0.0
  0
POINT
  5
7C4
330
7BB
100
AcDbEntity
  8
Defpoints
 62
     0
100
AcDbPoint
 10
1114.0
 20
16.75
 30
0.0
  0
POINT
  5
7C5
330
7BB
100
AcDbEntity
  8
Defpoints
 62
     0
100
AcDbPoint
 10
1114.0
 20
56.75
 30
0.0
  0
ENDBLK
  5
7C6
330
7BB
100
AcDbEntity
  8
0
100
AcDbBlockEnd
  0
BLOCK
  5
7CA
330
7C9
100
AcDbEntity
  8
0
100
AcDbBlockBegin
  2
*D10
 70
     1
 10
0.0
 20
0.0
 30
0.0
  3
*D10
  1

  0
LINE
  5
7CB
330
7C9
100
AcDbEntity
  8
DIM_CUT
  6
Continuous
 62
     0
370
    -2
100
AcDbLine
 10
1114.0
 20
17.375
 30
0.0
 11
1114.0
 21
58.0
 31
0.0
  0
LINE
  5
7CC
330
7C9
100
AcDbEntity
  8
DIM_CUT
  6
Continuous
 62
     0
370
    -2
100
AcDbLine
 10
1230.0
 20
17.375
 30
0.0
 11
1230.0
 21
58.0
 31
0.0
  0
LINE
  5
7CD
330
7C9
100
AcDbEntity
  8
DIM_CUT
  6
Continuous
 62
     0
370
    -2
100
AcDbLine
 10
1114.0
 20
56.75
 30
0.0
 11
1230.0
 21
56.75
 31
0.0
  0
INSERT
  5
7CE
330
7C9
100
AcDbEntity
  8
DIM_CUT
 62
     0
370
    -2
100
AcDbBlockReference
  2
_Oblique
 10
1114.0
 20
56.75
 30
0.0
 41
4.0
 42
4.0
 43
4.0
 50
180.0
  0
INSERT
  5
7CF
330
7C9
100
AcDbEntity
  8
DIM_CUT
 62
     0
370
    -2
100
AcDbBlockReference
  2
_Oblique
 10
1230.0
 20
56.75
 30
0.0
 41
4.0
 42
4.0
 43
4.0
  0
MTEXT
  5
7D0
330
7C9
100
AcDbEntity
  8
DIM_CUT
  6
Continuous
 62
     0
100
AcDbMText
 10
1172.0
 20
61.3025
 30
0.0
 40
5.0
 41
0.0
 46
0.0
 71
     5
 72
     1
  1
116
  7
arialstyle
 73
     1
 44
1.0
  0
POINT
  5
7D1
330
7C9
100
AcDbEntity
  8
Defpoints
 62
     0
100
AcDbPoint
 10
1114.0
 20
16.75
 30
0.0
  0
POINT
  5
7D2
330
7C9
100
AcDbEntity
  8
Defpoints
 62
     0
100
AcDbPoint
 10
1230.0
 20
16.75
 30
0.0
  0
POINT
  5
7D3
330
7C9
100
AcDbEntity
  8
Defpoints
 62
     0
100
AcDbPoint
 10
1230.0
 20
56.75
 30
0.0
  0
ENDBLK
  5
7D4
330
7C9
100
AcDbEntity
  8
0
100
AcDbBlockEnd
  0
BLOCK
  5
7D8
330
7D7
100
AcDbEntity
  8
0
100
AcDbBlockBegin
  2
*D11
 70
     1
 10
0.0
 20
0.0
 30
0.0
  3
*D11
  1

  0
LINE
  5
7D9
330
7D7
100
AcDbEntity
  8
DIM_CUT
  6
Continuous
 62
     0
370
    -2
100
AcDbLine
 10
0.0
 20
17.375
 30
0.0
 11
0.0
 21
38.0
 31
0.0
  0
LINE
  5
7DA
330
7D7
100
AcDbEntity
  8
DIM_CUT
  6
Continuous
 62
     0
370
    -2
100
AcDbLine
 10
73.99999999999977
 20
17.375
 30
0.0
 11
73.99999999999977
 21
38.0
 31
0.0
  0
LINE
  5
7DB
330
7D7
100
AcDbEntity
  8
DIM_CUT
  6
Continuous
 62
     0
370
    -2
100
AcDbLine
 10
0.0
 20
36.75
 30
0.0
 11
73.99999999999977
 21
36.75
 31
0.0
  0
INSERT
  5
7DC
330
7D7
100
AcDbEntity
  8
DIM_CUT
 62
     0
370
    -2
100
AcDbBlockReference
  2
_Oblique
 10
0.0
 20
36.75
 30
0.0
 41
4.0
 42
4.0
 43
4.0
 50
180.0
  0
INSERT
  5
7DD
330
7D7
100
AcDbEntity
  8
DIM_CUT
 62
     0
370
    -2
100
AcDbBlockReference
  2
_Oblique
 10
73.99999999999977
 20
36.75
 30
0.0
 41
4.0
 42
4.0
 43
4.0
  0
MTEXT
  5
7DE
330
7D7
100
AcDbEntity
  8
DIM_CUT
  6
Continuous
 62
     0
100
AcDbMText
 10
36.99999999999989
 20
41.25
 30
0.0
 40
5.0
 41
0.0
 46
0.0
 71
     5
 72
     1
  1
74
  7
arialstyle
 73
     1
 44
1.0
  0
POINT
  5
7DF
330
7D7
100
AcDbEntity
  8
Defpoints
 62
     0
100
AcDbPoint
 10
0.0
 20
16.75
 30
0.0
  0
POINT
  5
7E0
330
7D7
100
AcDbEntity
  8
Defpoints
 62
     0
100
AcDbPoint
 10
73.99999999999977
 20
16.75
 30
0.0
  0
POINT
  5
7E1
330
7D7
100
AcDbEntity
  8
Defpoints
 62
     0
100
AcDbPoint
 10
73.99999999999977
 20
36.75
 30
0.0
  0
ENDBLK
  5
7E2
330
7D7
100
AcDbEntity
  8
0
100
AcDbBlockEnd
  0
BLOCK
  5
7E6
330
7E5
100
AcDbEntity
  8
0
100
AcDbBlockBegin
  2
*D12
 70
     1
 10
0.0
 20
0.0
 30
0.0
  3
*D12
  1

  0
LINE
  5
7E7
330
7E5
100
AcDbEntity
  8
DIM_CUT
  6
Continuous
 62
     0
370
    -2
100
AcDbLine
 10
73.99999999999977
 20
17.375
 30
0.0
 11
73.99999999999977
 21
38.0
 31
0.0
  0
LINE
  5
7E8
330
7E5
100
AcDbEntity
  8
DIM_CUT
  6
Continuous
 62
     0
370
    -2
100
AcDbLine
 10
116.0
 20
17.375
 30
0.0
 11
116.0
 21
38.0
 31
0.0
  0
LINE
  5
7E9
330
7E5
100
AcDbEntity
  8
DIM_CUT
  6
Continuous
 62
     0
370
    -2
100
AcDbLine
 10
73.99999999999977
 20
36.75
 30
0.0
 11
116.0
 21
36.75
 31
0.0
  0
INSERT
  5
7EA
330
7E5
100
AcDbEntity
  8
DIM_CUT
 62
     0
370
    -2
100
AcDbBlockReference
  2
_Oblique
 10
73.99999999999977
 20
36.75
 30
0.0
 41
4.0
 42
4.0
 43
4.0
 50
180.0
  0
INSERT
  5
7EB
330
7E5
100
AcDbEntity
  8
DIM_CUT
 62
     0
370
    -2
100
AcDbBlockReference
  2
_Oblique
 10
116.0
 20
36.75
 30
0.0
 41
4.0
 42
4.0
 43
4.0
  0
MTEXT
  5
7EC
330
7E5
100
AcDbEntity
  8
DIM_CUT
  6
Continuous
 62
     0
100
AcDbMText
 10
94.99999999999989
 20
41.26
 30
0.0
 40
5.0
 41
0.0
 46
0.0
 71
     5
 72
     1
  1
42
  7
arialstyle
 73
     1
 44
1.0
  0
POINT
  5
7ED
330
7E5
100
AcDbEntity
  8
Defpoints
 62
     0
100
AcDbPoint
 10
73.99999999999977
 20
16.75
 30
0.0
  0
POINT
  5
7EE
330
7E5
100
AcDbEntity
  8
Defpoints
 62
     0
100
AcDbPoint
 10
116.0
 20
16.75
 30
0.0
  0
POINT
  5
7EF
330
7E5
100
AcDbEntity
  8
Defpoints
 62
     0
100
AcDbPoint
 10
116.0
 20
36.75
 30
0.0
  0
ENDBLK
  5
7F0
330
7E5
100
AcDbEntity
  8
0
100
AcDbBlockEnd
  0
BLOCK
  5
7F4
330
7F3
100
AcDbEntity
  8
0
100
AcDbBlockBegin
  2
*D13
 70
     1
 10
0.0
 20
0.0
 30
0.0
  3
*D13
  1

  0
LINE
  5
7F5
330
7F3
100
AcDbEntity
  8
DIM_CUT
  6
Continuous
 62
     0
370
    -2
100
AcDbLine
 10
1114.0
 20
17.375
 30
0.0
 11
1114.0
 21
38.0
 31
0.0
  0
LINE
  5
7F6
330
7F3
100
AcDbEntity
  8
DIM_CUT
  6
Continuous
 62
     0
370
    -2
100
AcDbLine
 10
1156.0
 20
17.375
 30
0.0
 11
1156.0
 21
38.0
 31
0.0
  0
LINE
  5
7F7
330
7F3
100
AcDbEntity
  8
DIM_CUT
  6
Continuous
 62
     0
370
    -2
100
AcDbLine
 10
1114.0
 20
36.75
 30
0.0
 11
1156.0
 21
36.75
 31
0.0
  0
INSERT
  5
7F8
330
7F3
100
AcDbEntity
  8
DIM_CUT
 62
     0
370
    -2
100
AcDbBlockReference
  2
_Oblique
 10
1114.0
 20
36.75
 30
0.0
 41
4.0
 42
4.0
 43
4.0
 50
180.0
  0
INSERT
  5
7F9
330
7F3
100
AcDbEntity
  8
DIM_CUT
 62
     0
370
    -2
100
AcDbBlockReference
  2
_Oblique
 10
1156.0
 20
36.75
 30
0.0
 41
4.0
 42
4.0
 43
4.0
  0
MTEXT
  5
7FA
330
7F3
100
AcDbEntity
  8
DIM_CUT
  6
Continuous
 62
     0
100
AcDbMText
 10
1135.0
 20
41.26
 30
0.0
 40
5.0
 41
0.0
 46
0.0
 71
     5
 72
     1
  1
42
  7
arialstyle
 73
     1
 44
1.0
  0
POINT
  5
7FB
330
7F3
100
AcDbEntity
  8
Defpoints
 62
     0
100
AcDbPoint
 10
1114.0
 20
16.75
 30
0.0
  0
POINT
  5
7FC
330
7F3
100
AcDbEntity
  8
Defpoints
 62
     0
100
AcDbPoint
 10
1156.0
 20
16.75
 30
0.0
  0
POINT
  5
7FD
330
7F3
100
AcDbEntity
  8
Defpoints
 62
     0
100
AcDbPoint
 10
1156.0
 20
36.75
 30
0.0
  0
ENDBLK
  5
7FE
330
7F3
100
AcDbEntity
  8
0
100
AcDbBlockEnd
  0
BLOCK
  5
802
330
801
100
AcDbEntity
  8
0
100
AcDbBlockBegin
  2
*D14
 70
     1
 10
0.0
 20
0.0
 30
0.0
  3
*D14
  1

  0
LINE
  5
803
330
801
100
AcDbEntity
  8
DIM_CUT
  6
Continuous
 62
     0
370
    -2
100
AcDbLine
 10
1156.0
 20
17.375
 30
0.0
 11
1156.0
 21
38.0
 31
0.0
  0
LINE
  5
804
330
801
100
AcDbEntity
  8
DIM_CUT
  6
Continuous
 62
     0
370
    -2
100
AcDbLine
 10
1230.0
 20
17.375
 30
0.0
 11
1230.0
 21
38.0
 31
0.0
  0
LINE
  5
805
330
801
100
AcDbEntity
  8
DIM_CUT
  6
Continuous
 62
     0
370
    -2
100
AcDbLine
 10
1156.0
 20
36.75
 30
0.0
 11
1230.0
 21
36.75
 31
0.0
  0
INSERT
  5
806
330
801
100
AcDbEntity
  8
DIM_CUT
 62
     0
370
    -2
100
AcDbBlockReference
  2
_Oblique
 10
1156.0
 20
36.75
 30
0.0
 41
4.0
 42
4.0
 43
4.0
 50
180.0
  0
INSERT
  5
807
330
801
100
AcDbEntity
  8
DIM_CUT
 62
     0
370
    -2
100
AcDbBlockReference
  2
_Oblique
 10
1230.0
 20
36.75
 30
0.0
 41
4.0
 42
4.0
 43
4.0
  0
MTEXT
  5
808
330
801
100
AcDbEntity
  8
DIM_CUT
  6
Continuous
 62
     0
100
AcDbMText
 10
1193.0
 20
41.25
 30
0.0
 40
5.0
 41
0.0
 46
0.0
 71
     5
 72
     1
  1
74
  7
arialstyle
 73
     1
 44
1.0
  0
POINT
  5
809
330
801
100
AcDbEntity
  8
Defpoints
 62
     0
100
AcDbPoint
 10
1156.0
 20
16.75
 30
0.0
  0
POINT
  5
80A
330
801
100
AcDbEntity
  8
Defpoints
 62
     0
100
AcDbPoint
 10
1230.0
 20
16.75
 30
0.0
  0
POINT
  5
80B
330
801
100
AcDbEntity
  8
Defpoints
 62
     0
100
AcDbPoint
 10
1230.0
 20
36.75
 30
0.0
  0
ENDBLK
  5
80C
330
801
100
AcDbEntity
  8
0
100
AcDbBlockEnd
  0
BLOCK
  5
810
330
80F
100
AcDbEntity
  8
0
100
AcDbBlockBegin
  2
*D15
 70
     1
 10
0.0
 20
0.0
 30
0.0
  3
*D15
  1

  0
LINE
  5
811
330
80F
100
AcDbEntity
  8
DIM_CUT
  6
Continuous
 62
     0
370
    -2
100
AcDbLine
 10
0.0
 20
-105.4943675115519
 30
0.0
 11
0.0
 21
-126.1193675115519
 31
0.0
  0
LINE
  5
812
330
80F
100
AcDbEntity
  8
DIM_CUT
  6
Continuous
 62
     0
370
    -2
100
AcDbLine
 10
37.99999999999977
 20
-105.4943675115519
 30
0.0
 11
37.99999999999977
 21
-126.1193675115519
 31
0.0
  0
LINE
  5
813
330
80F
100
AcDbEntity
  8
DIM_CUT
  6
Continuous
 62
     0
370
    -2
100
AcDbLine
 10
0.0
 20
-124.8693675115519
 30
0.0
 11
37.99999999999977
 21
-124.8693675115519
 31
0.0
  0
INSERT
  5
814
330
80F
100
AcDbEntity
  8
DIM_CUT
 62
     0
370
    -2
100
AcDbBlockReference
  2
_Oblique
 10
0.0
 20
-124.8693675115519
 30
0.0
 41
4.0
 42
4.0
 43
4.0
 50
180.0
  0
INSERT
  5
815
330
80F
100
AcDbEntity
  8
DIM_CUT
 62
     0
370
    -2
100
AcDbBlockReference
  2
_Oblique
 10
37.99999999999977
 20
-124.8693675115519
 30
0.0
 41
4.0
 42
4.0
 43
4.0
  0
MTEXT
  5
816
330
80F
100
AcDbEntity
  8
DIM_CUT
  6
Continuous
 62
     0
100
AcDbMText
 10
18.99999999999989
 20
-120.3168675115519
 30
0.0
 40
5.0
 41
0.0
 46
0.0
 71
     5
 72
     1
  1
38
  7
arialstyle
 73
     1
 44
1.0
  0
POINT
  5
817
330
80F
100
AcDbEntity
  8
Defpoints
 62
     0
100
AcDbPoint
 10
0.0
 20
-104.8693675115519
 30
0.0
  0
POINT
  5
818
330
80F
100
AcDbEntity
  8
Defpoints
 62
     0
100
AcDbPoint
 10
37.99999999999977
 20
-104.8693675115519
 30
0.0
  0
POINT
  5
819
330
80F
100
AcDbEntity
  8
Defpoints
 62
     0
100
AcDbPoint
 10
37.99999999999977
 20
-124.8693675115519
 30
0.0
  0
ENDBLK
  5
81A
330
80F
100
AcDbEntity
  8
0
100
AcDbBlockEnd
  0
BLOCK
  5
81E
330
81D
100
AcDbEntity
  8
0
100
AcDbBlockBegin
  2
*D16
 70
     1
 10
0.0
 20
0.0
 30
0.0
  3
*D16
  1

  0
LINE
  5
81F
330
81D
100
AcDbEntity
  8
DIM_CUT
  6
Continuous
 62
     0
370
    -2
100
AcDbLine
 10
37.99999999999977
 20
-105.4943675115519
 30
0.0
 11
37.99999999999977
 21
-126.1193675115519
 31
0.0
  0
LINE
  5
820
330
81D
100
AcDbEntity
  8
DIM_CUT
  6
Continuous
 62
     0
370
    -2
100
AcDbLine
 10
95.0
 20
-105.4943675115519
 30
0.0
 11
95.0
 21
-126.1193675115519
 31
0.0
  0
LINE
  5
821
330
81D
100
AcDbEntity
  8
DIM_CUT
  6
Continuous
 62
     0
370
    -2
100
AcDbLine
 10
37.99999999999977
 20
-124.8693675115519
 30
0.0
 11
95.0
 21
-124.8693675115519
 31
0.0
  0
INSERT
  5
822
330
81D
100
AcDbEntity
  8
DIM_CUT
 62
     0
370
    -2
100
AcDbBlockReference
  2
_Oblique
 10
37.99999999999977
 20
-124.8693675115519
 30
0.0
 41
4.0
 42
4.0
 43
4.0
 50
180.0
  0
INSERT
  5
823
330
81D
100
AcDbEntity
  8
DIM_CUT
 62
     0
370
    -2
100
AcDbBlockReference
  2
_Oblique
 10
95.0
 20
-124.8693675115519
 30
0.0
 41
4.0
 42
4.0
 43
4.0
  0
MTEXT
  5
824
330
81D
100
AcDbEntity
  8
DIM_CUT
  6
Continuous
 62
     0
100
AcDbMText
 10
66.49999999999989
 20
-120.3268675115519
 30
0.0
 40
5.0
 41
0.0
 46
0.0
 71
     5
 72
     1
  1
57
  7
arialstyle
 73
     1
 44
1.0
  0
POINT
  5
825
330
81D
100
AcDbEntity
  8
Defpoints
 62
     0
100
AcDbPoint
 10
37.99999999999977
 20
-104.8693675115519
 30
0.0
  0
POINT
  5
826
330
81D
100
AcDbEntity
  8
Defpoints
 62
     0
100
AcDbPoint
 10
95.0
 20
-104.8693675115519
 30
0.0
  0
POINT
  5
827
330
81D
100
AcDbEntity
  8
Defpoints
 62
     0
100
AcDbPoint
 10
95.0
 20
-124.8693675115519
 30
0.0
  0
ENDBLK
  5
828
330
81D
100
AcDbEntity
  8
0
100
AcDbBlockEnd
  0
BLOCK
  5
82C
330
82B
100
AcDbEntity
  8
0
100
AcDbBlockBegin
  2
*D17
 70
     1
 10
0.0
 20
0.0
 30
0.0
  3
*D17
  1

  0
LINE
  5
82D
330
82B
100
AcDbEntity
  8
DIM_CUT
  6
Continuous
 62
     0
370
    -2
100
AcDbLine
 10
1135.0
 20
-105.4943675115519
 30
0.0
 11
1135.0
 21
-126.1193675115519
 31
0.0
  0
LINE
  5
82E
330
82B
100
AcDbEntity
  8
DIM_CUT
  6
Continuous
 62
     0
370
    -2
100
AcDbLine
 10
1192.0
 20
-105.4943675115519
 30
0.0
 11
1192.0
 21
-126.1193675115519
 31
0.0
  0
LINE
  5
82F
330
82B
100
AcDbEntity
  8
DIM_CUT
  6
Continuous
 62
     0
370
    -2
100
AcDbLine
 10
1135.0
 20
-124.8693675115519
 30
0.0
 11
1192.0
 21
-124.8693675115519
 31
0.0
  0
INSERT
  5
830
330
82B
100
AcDbEntity
  8
DIM_CUT
 62
     0
370
    -2
100
AcDbBlockReference
  2
_Oblique
 10
1135.0
 20
-124.8693675115519
 30
0.0
 41
4.0
 42
4.0
 43
4.0
 50
180.0
  0
INSERT
  5
831
330
82B
100
AcDbEntity
  8
DIM_CUT
 62
     0
370
    -2
100
AcDbBlockReference
  2
_Oblique
 10
1192.0
 20
-124.8693675115519
 30
0.0
 41
4.0
 42
4.0
 43
4.0
  0
MTEXT
  5
832
330
82B
100
AcDbEntity
  8
DIM_CUT
  6
Continuous
 62
     0
100
AcDbMText
 10
1163.5
 20
-120.3268675115519
 30
0.0
 40
5.0
 41
0.0
 46
0.0
 71
     5
 72
     1
  1
57
  7
arialstyle
 73
     1
 44
1.0
  0
POINT
  5
833
330
82B
100
AcDbEntity
  8
Defpoints
 62
     0
100
AcDbPoint
 10
1135.0
 20
-104.8693675115519
 30
0.0
  0
POINT
  5
834
330
82B
100
AcDbEntity
  8
Defpoints
 62
     0
100
AcDbPoint
 10
1192.0
 20
-104.8693675115519
 30
0.0
  0
POINT
  5
835
330
82B
100
AcDbEntity
  8
Defpoints
 62
     0
100
AcDbPoint
 10
1192.0
 20
-124.8693675115519
 30
0.0
  0
ENDBLK
  5
836
330
82B
100
AcDbEntity
  8
0
100
AcDbBlockEnd
  0
BLOCK
  5
83A
330
839
100
AcDbEntity
  8
0
100
AcDbBlockBegin
  2
*D18
 70
     1
 10
0.0
 20
0.0
 30
0.0
  3
*D18
  1

  0
LINE
  5
83B
330
839
100
AcDbEntity
  8
DIM_CUT
  6
Continuous
 62
     0
370
    -2
100
AcDbLine
 10
1192.0
 20
-105.4943675115519
 30
0.0
 11
1192.0
 21
-126.1193675115519
 31
0.0
  0
LINE
  5
83C
330
839
100
AcDbEntity
  8
DIM_CUT
  6
Continuous
 62
     0
370
    -2
100
AcDbLine
 10
1230.0
 20
-105.4943675115519
 30
0.0
 11
1230.0
 21
-126.1193675115519
 31
0.0
  0
LINE
  5
83D
330
839
100
AcDbEntity
  8
DIM_CUT
  6
Continuous
 62
     0
370
    -2
100
AcDbLine
 10
1192.0
 20
-124.8693675115519
 30
0.0
 11
1230.0
 21
-124.8693675115519
 31
0.0
  0
INSERT
  5
83E
330
839
100
AcDbEntity
  8
DIM_CUT
 62
     0
370
    -2
100
AcDbBlockReference
  2
_Oblique
 10
1192.0
 20
-124.8693675115519
 30
0.0
 41
4.0
 42
4.0
 43
4.0
 50
180.0
  0
INSERT
  5
83F
330
839
100
AcDbEntity
  8
DIM_CUT
 62
     0
370
    -2
100
AcDbBlockReference
  2
_Oblique
 10
1230.0
 20
-124.8693675115519
 30
0.0
 41
4.0
 42
4.0
 43
4.0
  0
MTEXT
  5
840
330
839
100
AcDbEntity
  8
DIM_CUT
  6
Continuous
 62
     0
100
AcDbMText
 10
1211.0
 20
-120.3168675115519
 30
0.0
 40
5.0
 41
0.0
 46
0.0
 71
     5
 72
     1
  1
38
  7
arialstyle
 73
     1
 44
1.0
  0
POINT
  5
841
330
839
100
AcDbEntity
  8
Defpoints
 62
     0
100
AcDbPoint
 10
1192.0
 20
-104.8693675115519
 30
0.0
  0
POINT
  5
842
330
839
100
AcDbEntity
  8
Defpoints
 62
     0
100
AcDbPoint
 10
1230.0
 20
-104.8693675115519
 30
0.0
  0
POINT
  5
843
330
839
100
AcDbEntity
  8
Defpoints
 62
     0
100
AcDbPoint
 10
1230.0
 20
-124.8693675115519
 30
0.0
  0
ENDBLK
  5
844
330
839
100
AcDbEntity
  8
0
100
AcDbBlockEnd
  0
BLOCK
  5
847
330
846
100
AcDbEntity
  8
0
100
AcDbBlockBegin
  2
76171P__2S
 70
     0
 10
0.0
 20
0.0
 30
0.0
  3
76171P__2S
  1

  0
DIMENSION
  5
848
330
846
100
AcDbEntity
  8
BEMASSUNG
370
    -1
100
AcDbDimension
280
     0
  2
*D20
 10
76.00000000000003
 20
86.78171885762555
 30
0.0
 11
38.00000020669007
 21
86.78171885762555
 31
0.0
 70
   160
 71
     5
 42
75.99999958661992
 73
     0
 74
     0
 75
     0
  3
PROFINE1ZU1
100
AcDbAlignedDimension
 13
0.000000413380107
 23
73.99999989446044
 33
0.0
 14
76.00000000000003
 24
73.99999989446047
 34
0.0
100
AcDbRotatedDimension
  0
DIMENSION
  5
855
330
846
100
AcDbEntity
  8
BEMASSUNG
370
    -1
100
AcDbDimension
280
     0
  2
*D21
 10
-12.75
 20
0.0000002750501815
 30
0.0
 11
-12.75
 21
37.00000008475531
 31
0.0
 70
   160
 71
     5
 42
73.99999961941027
 73
     0
 74
     0
 75
     0
  3
PROFINE1ZU1
100
AcDbAlignedDimension
 13
0.000000413380107
 23
73.99999989446044
 33
0.0
 14
0.0000005511635663
 24
0.0000002750501835
 34
0.0
 50
90.0
100
AcDbRotatedDimension
  0
DIMENSION
  5
862
330
846
100
AcDbEntity
  8
BEMASSUNG
370
    -1
100
AcDbDimension
280
     0
  2
*D22
 10
85.99999999999999
 20
46.00000000000002
 30
0.0
 11
85.99999999999999
 21
59.99999994723025
 31
0.0
 70
   160
 71
     5
 42
27.99999989446048
 73
     0
 74
     0
 75
     0
  3
PROFINE1ZU1
100
AcDbAlignedDimension
 13
76.00000000000003
 23
73.99999989446047
 33
0.0
 14
76.00000055116357
 24
46.0
 34
0.0
 50
90.0
100
AcDbRotatedDimension
  0
DIMENSION
  5
86F
330
846
100
AcDbEntity
  8
BEMASSUNG
370
    -1
100
AcDbDimension
280
     0
  2
*D23
 10
86.00000000000001
 20
0.0000161757982385
 30
0.0
 11
86.0
 21
22.9999919121009
 31
0.0
 70
   160
 71
     5
 42
45.99998382420177
 73
     0
 74
     0
 75
     0
  3
PROFINE1ZU1
100
AcDbAlignedDimension
 13
76.0
 23
46.0
 33
0.0
 14
76.00000155264297
 24
0.0000161757982369
 34
0.0
 50
90.0
100
AcDbRotatedDimension
  0
POINT
  5
87C
330
846
100
AcDbEntity
  8
ASSEMBLY
  6
Continuous
 62
   160
370
    -1
100
AcDbPoint
 10
14.00000055116357
 20
74.00000027505018
 30
0.0
  0
POINT
  5
87D
330
846
100
AcDbEntity
  8
ASSEMBLY
  6
Continuous
 62
    11
370
    -1
100
AcDbPoint
 10
76.00000055116357
 20
46.00000027505018
 30
0.0
  0
POINT
  5
87E
330
846
100
AcDbEntity
  8
ASSEMBLY
  6
Continuous
 62
    10
370
    -1
100
AcDbPoint
 10
76.00000055116357
 20
0.0000002750501835
 30
0.0
  0
POINT
  5
87F
330
846
100
AcDbEntity
  8
ASSEMBLY
  6
Continuous
 62
   161
370
    -1
100
AcDbPoint
 10
0.0000005511635663
 20
0.0000002750501835
 30
0.0
  0
LWPOLYLINE
  5
880
330
846
100
AcDbEntity
  8
PVC_INSIDE
370
    -3
100
AcDbPolyline
 90
       10
 70
     1
 43
0.0
 10
64.39999999999998
 20
8.0
 42
0.4142135623730951
 10
63.89999999999998
 20
8.5
 10
62.5
 20
8.5
 42
0.4142135623730951
 10
62.0
 20
8.0
 10
62.0
 20
2.5
 42
-0.2152504072806893
 10
61.55986960151193
 20
1.524999955764599
 42
0.6910804122922718
 10
61.75830099999996
 20
1.0
 10
64.64170000000001
 20
1.0
 42
0.6905743591644261
 10
64.84043952149312
 20
1.524727841169948
 42
-0.2153332474889329
 10
64.39999999999998
 20
2.5
  0
LWPOLYLINE
  5
881
330
846
100
AcDbEntity
  8
PVC_INSIDE
370
    -3
100
AcDbPolyline
 90
       10
 70
     1
 43
0.0
 10
14.0
 20
8.0
 42
0.4142135623730951
 10
13.5
 20
8.5
 10
12.10000000000002
 20
8.5
 42
0.4142135623730951
 10
11.60000000000002
 20
8.0
 10
11.60000000000002
 20
2.5
 42
-0.2152504072806894
 10
11.15986960151193
 20
1.524999955764599
 42
0.6910804122922743
 10
11.35830099999998
 20
1.0
 10
14.24169999999998
 20
1.0
 42
0.6905743595378893
 10
14.44043952126447
 20
1.524727841371487
 42
-0.2153332474275906
 10
14.0
 20
2.5
  0
LWPOLYLINE
  5
882
330
846
100
AcDbEntity
  8
PVC_INSIDE
370
    -3
100
AcDbPolyline
 90
       38
 70
     1
 43
0.0
 10
60.10000000000002
 20
28.90000000000001
 42
0.4142135623730951
 10
59.60000000000002
 20
29.40000000000003
 10
58.39999999999998
 20
29.39999999999998
 42
-0.4142135623730951
 10
58.09999999999997
 20
29.69999999999999
 10
58.09999999999997
 20
29.90000000000009
 42
-0.4142135623730117
 10
58.39999999999998
 20
30.19999999999999
 10
59.55434599999995
 20
30.19999999999999
 42
0.4403567722789135
 10
60.05239245613359
 20
30.74415571913988
 10
59.2840216151763
 20
39.52667618105608
 42
0.3883689009097358
 10
58.98521
 20
39.80000000000001
 10
26.03725499999996
 20
39.80000000000001
 42
0.3058450141578403
 10
25.57358477848479
 20
39.48710939495408
 10
19.79595685454834
 20
25.18697833293652
 42
0.1971555710762881
 10
19.79873380560923
 20
24.80743087510865
 10
25.57164580561775
 20
11.00684187508836
 42
0.3022726341099156
 10
26.03282899999999
 20
10.69999999999999
 10
29.30839199999997
 20
10.69999999999999
 42
0.3659774006510533
 10
29.60419601054375
 20
10.94999999821778
 42
-0.3659773835710456
 10
29.89999999999998
 20
11.19999999999999
 10
30.10000000000002
 20
11.19999999999999
 42
-0.3659774006510533
 10
30.3958040105438
 20
10.9500000017822
 42
0.3659773835710456
 10
30.69160800000003
 20
10.69999999999999
 10
51.40839199999999
 20
10.69999999999999
 42
0.3659774006509919
 10
51.70419601054374
 20
10.94999999821778
 42
-0.3659773835710255
 10
52.0
 20
11.19999999999999
 10
52.19999999999999
 20
11.19999999999999
 42
-0.3659774006509784
 10
52.49580401054374
 20
10.9500000017822
 42
0.3659773835710255
 10
52.791608
 20
10.69999999999999
 10
59.80000000000001
 20
10.69999999999999
 42
0.4142135623730951
 10
60.10000000000002
 20
11.0
 10
60.10000000000002
 20
12.80000000000001
 42
0.4142135623730951
 10
59.60000000000002
 20
13.30000000000001
 10
58.39999999999998
 20
13.29999999999998
 42
-0.4142135623730951
 10
58.09999999999997
 20
13.59999999999999
 10
58.09999999999997
 20
13.8000000000001
 42
-0.4142135623730117
 10
58.39999999999998
 20
14.10000000000002
 10
59.60000000000002
 20
14.09999999999999
 42
0.4142135623731034
 10
60.10000000000002
 20
14.59999999999999
  0
LWPOLYLINE
  5
883
330
846
100
AcDbEntity
  8
PVC_INSIDE
370
    -3
100
AcDbPolyline
 90
       19
 70
     1
 43
0.0
 10
73.30000000000001
 20
23.19999999999999
 42
0.4142135623730951
 10
72.30000000000001
 20
24.19999999999999
 10
71.60000000000002
 20
24.19999999999999
 42
-1.0
 10
71.60000000000002
 20
25.39999999999998
 10
72.5
 20
25.40000000000001
 42
1.0
 10
72.5
 20
26.40000000000001
 10
71.60000000000002
 20
26.40000000000001
 42
-1.0
 10
71.60000000000002
 20
27.59999999999999
 10
72.5
 20
27.59999999999999
 42
1.0
 10
72.5
 20
28.59999999999999
 10
71.55830099999997
 20
28.59999999999999
 42
-0.335436932768678
 10
70.9810457089996
 20
29.03636357964311
 42
0.3354367724398922
 10
70.5
 20
29.40000000000003
 10
67.80000000000001
 20
29.40000000000003
 42
0.4142135623730951
 10
67.30000000000001
 20
28.90000000000001
 10
67.30000000000001
 20
11.19999999999999
 42
0.4142135623730951
 10
67.80000000000001
 20
10.69999999999999
 10
72.30000000000001
 20
10.69999999999999
 42
0.4142135623730951
 10
73.30000000000001
 20
11.69999999999999
  0
LWPOLYLINE
  5
884
330
846
100
AcDbEntity
  8
PVC_INSIDE
370
    -3
100
AcDbPolyline
 90
       15
 70
     1
 43
0.0
 10
73.30000000000001
 20
34.80000000000001
 42
0.4142135623730951
 10
72.30000000000001
 20
35.80000000000001
 10
71.39999999999998
 20
35.80000000000001
 42
0.447035524179872
 10
70.89751859510494
 20
35.24975185951047
 42
-0.443716440839478
 10
70.39999999999998
 20
34.69999999999999
 10
69.60000000000002
 20
34.69999999999999
 42
-0.4142135623730951
 10
69.10000000000002
 20
35.19999999999999
 10
69.10000000000002
 20
35.30000000000001
 42
0.4142135623730951
 10
68.60000000000002
 20
35.80000000000001
 10
67.80000000000001
 20
35.80000000000001
 42
0.4142135623730951
 10
67.30000000000001
 20
35.30000000000001
 10
67.30000000000001
 20
30.69999999999999
 42
0.4142135623730951
 10
67.80000000000001
 20
30.19999999999999
 10
72.30000000000001
 20
30.19999999999999
 42
0.4142135623730951
 10
73.30000000000001
 20
31.19999999999999
  0
LWPOLYLINE
  5
885
330
846
100
AcDbEntity
  8
PVC_INSIDE
370
    -3
100
AcDbPolyline
 90
        8
 70
     1
 43
0.0
 10
66.5
 20
28.90000000000001
 42
0.4142135623730951
 10
66.0
 20
29.40000000000003
 10
61.60000000000002
 20
29.40000000000003
 42
0.4142135623730951
 10
61.10000000000002
 20
28.90000000000001
 10
61.10000000000002
 20
11.19999999999999
 42
0.4142135623730951
 10
61.60000000000002
 20
10.69999999999999
 10
66.0
 20
10.69999999999999
 42
0.4142135623730951
 10
66.5
 20
11.19999999999999
  0
LWPOLYLINE
  5
886
330
846
100
AcDbEntity
  8
PVC_INSIDE
370
    -3
100
AcDbPolyline
 90
       11
 70
     1
 43
0.0
 10
66.5
 20
35.61769299999997
 42
0.2966097132247419
 10
66.20270273313326
 20
36.07476158213041
 42
-0.2966096825153319
 10
64.30000000000001
 20
39.0
 10
64.30000000000001
 20
39.30000000000001
 42
0.4142135623730951
 10
63.80000000000001
 20
39.80000000000001
 10
60.80958300000003
 20
39.80000000000001
 42
0.4403567594520016
 10
60.31153654196891
 20
39.25584430226326
 10
61.06388864840801
 20
30.65642215772874
 42
0.3888787486688252
 10
61.56198599999999
 20
30.19999999999999
 10
66.0
 20
30.19999999999999
 42
0.4142135623730951
 10
66.5
 20
30.69999999999999
  0
LWPOLYLINE
  5
887
330
846
100
AcDbEntity
  8
PVC_INSIDE
370
    -3
100
AcDbPolyline
 90
       11
 70
     1
 43
0.0
 10
34.80000000000001
 20
42.61878100000001
 42
0.351000400687029
 10
34.40937500014422
 20
43.10667146939335
 42
-0.0407050669186036
 10
33.99033671727346
 20
43.2371673716396
 10
31.0100102741109
 20
44.44129752495746
 42
-0.0625138638234915
 10
30.31374564081503
 20
44.82927209743684
 42
0.441479084417935
 10
29.5892832939544
 20
44.68373294476373
 10
28.38927322054377
 20
42.68658043800912
 42
-0.0762543502302153
 10
27.38153744190595
 20
41.47367119934484
 42
0.6896006705485254
 10
27.71375699999999
 20
40.59999999999997
 10
34.30000000000001
 20
40.59999999999997
 42
0.4142135623730951
 10
34.80000000000001
 20
41.09999999999997
  0
LWPOLYLINE
  5
888
330
846
100
AcDbEntity
  8
PVC_INSIDE
370
    -3
100
AcDbPolyline
 90
        8
 70
     1
 43
0.0
 10
19.14668619983519
 20
24.29315811189218
 42
0.3022726418123936
 10
18.68550299999998
 20
24.59999999999999
 10
15.85727300000002
 20
24.59999999999999
 42
0.4668783638435244
 10
15.36503275661306
 20
24.01225296135848
 10
17.63965075661315
 20
11.11225296135797
 42
0.3634395661540389
 10
18.131891
 20
10.69999999999999
 10
24.08168999999998
 20
10.69999999999999
 42
0.5357767151135668
 10
24.5428731998237
 20
11.3931581119196
  0
LWPOLYLINE
  5
889
330
846
100
AcDbEntity
  8
PVC_INSIDE
370
    -3
100
AcDbPolyline
 90
        9
 70
     1
 43
0.0
 10
24.09589199999999
 20
39.80000000000001
 10
23.57542899999999
 20
39.80000000000001
 10
20.38343111431232
 20
38.79356647980865
 42
0.2331673071860731
 10
20.06393768815281
 20
38.48771806766746
 10
15.54462569622228
 20
26.07101008983804
 42
0.5205670628432617
 10
16.01447200000001
 20
25.40000000000001
 10
18.68194099999999
 20
25.40000000000001
 42
0.3057306889331011
 10
19.14553293240465
 20
25.71269671596761
 10
24.55948392811644
 20
39.11269670535387
 42
0.5317094302352372
  0
LWPOLYLINE
  5
88A
330
846
100
AcDbEntity
  8
PVC_INSIDE
370
    -3
100
AcDbPolyline
 90
        9
 70
     1
 43
0.0
 10
18.83998133516701
 20
37.46397043655844
 42
0.6219010680862872
 10
18.21896988748719
 20
38.11111447943193
 10
16.26296344029885
 20
37.49438851753337
 42
-0.0727004784252698
 10
15.06359068204668
 20
37.30048068700131
 42
0.3209054476389306
 10
14.59554005511987
 20
36.954760945087
 10
11.05363789149129
 20
26.05390751778518
 42
0.5091276148581161
 10
11.52936099999999
 20
25.40000000000001
 10
14.098952
 20
25.40000000000001
 42
0.3156079227677708
 10
14.56899033514782
 20
25.72951843650566
  0
LWPOLYLINE
  5
88B
330
846
100
AcDbEntity
  8
PVC_INSIDE
370
    -3
100
AcDbPolyline
 90
        8
 70
     1
 43
0.0
 10
14.52190887683989
 20
24.18682408694031
 42
0.3639702353547251
 10
14.02950499999997
 20
24.59999999999999
 10
11.30000000000001
 20
24.59999999999999
 42
0.414213562373094
 10
10.80000000000001
 20
24.09999999999999
 10
10.80000000000001
 20
11.19999999999999
 42
0.4142135623730951
 10
11.30000000000001
 20
10.69999999999999
 10
16.304124
 20
10.69999999999999
 42
0.4668783638442064
 10
16.79636424338676
 20
11.28774703864264
  0
LWPOLYLINE
  5
88C
330
846
100
AcDbEntity
  8
PVC_INSIDE
370
    -3
100
AcDbPolyline
 90
       11
 70
     1
 43
0.0
 10
10.0
 20
24.09999999999999
 42
0.4142135623730951
 10
9.5
 20
24.59999999999999
 10
8.010102000000018
 20
24.59999999999999
 42
0.236067977499809
 10
7.610102000000012
 20
24.40000000000001
 42
-0.2360679774997996
 10
7.210102000000006
 20
24.19999999999999
 10
3.699999999999989
 20
24.19999999999999
 42
0.4142135623730951
 10
2.699999999999989
 20
23.19999999999999
 10
2.699999999999989
 20
11.69999999999999
 42
0.4142135623730951
 10
3.699999999999989
 20
10.69999999999999
 10
9.5
 20
10.69999999999999
 42
0.4142135623730951
 10
10.0
 20
11.19999999999999
  0
LWPOLYLINE
  5
88D
330
846
100
AcDbEntity
  8
PVC_INSIDE
370
    -3
100
AcDbPolyline
 90
       10
 70
     1
 43
0.0
 10
13.75952610942906
 20
36.97063048505964
 42
0.3964201949517714
 10
13.46648597173169
 20
37.5899699841172
 42
-0.0701632907591529
 10
12.44500237173921
 20
38.16653504916576
 42
0.2330248938358895
 10
12.01142648936761
 20
38.25265691633814
 10
3.441181001321581
 20
35.95626683872837
 42
0.3394542722633485
 10
2.699999999999989
 20
34.990341
 10
2.699999999999989
 20
26.69999999999999
 42
0.4142135623730951
 10
3.699999999999989
 20
25.69999999999999
 10
9.734204999999946
 20
25.69999999999999
 42
0.3250856623650767
 10
10.20982594578331
 20
26.04577705769844
  0
LWPOLYLINE
  5
88E
330
846
100
AcDbEntity
  8
PVC_INSIDE
370
    -3
100
AcDbPolyline
 90
       14
 70
     1
 43
0.0
 10
11.80000000000001
 20
62.87406299999998
 42
0.3639701042596385
 10
11.38682431494274
 20
63.36646683663685
 10
9.944324155896709
 20
63.62081948580948
 42
-0.3639700837340443
 10
7.300000000000011
 20
66.77220399999999
 10
7.300000000000011
 20
69.48107999999996
 42
0.4663076474504729
 10
6.713175928484645
 20
69.97348387955975
 10
3.113175942788786
 20
69.33870688208196
 42
0.3639702524481251
 10
2.699999999999989
 20
68.84630299999998
 10
2.699999999999989
 20
38.303225
 42
0.493145430627026
 10
3.95881905938549
 20
37.33729917753806
 10
10.80662751905726
 20
39.17216408591923
 42
0.4563154419705537
 10
11.13708847848764
 20
39.85139010770678
 42
-0.125423448274848
 10
10.81922258278053
 20
41.90137287859
 10
11.80000000000001
 20
52.10548399999999
  0
LWPOLYLINE
  5
88F
330
846
100
AcDbEntity
  8
PVC_OUTSIDE
370
    -3
100
AcDbPolyline
 90
      107
 70
     1
 43
0.0
 10
29.88452999999998
 20
8.5
 10
30.0
 20
8.699999999999989
 10
30.11547000000002
 20
8.5
 10
60.69999999999999
 20
8.5
 42
-0.4142135623730951
 10
61.19999999999999
 20
8.0
 10
61.19999999999999
 20
2.5
 42
-0.4142135623730951
 10
60.69999999999999
 20
2.0
 10
59.19999999999999
 20
2.0
 10
59.19999999999999
 20
1.0
 10
60.0
 20
0.1999999999999886
 10
66.39999999999998
 20
0.1999999999999886
 10
67.19999999999999
 20
1.0
 10
67.19999999999999
 20
2.0
 10
65.69999999999999
 20
2.0
 42
-0.4142135623730951
 10
65.19999999999999
 20
2.5
 10
65.19999999999999
 20
8.0
 42
-0.4142135623730951
 10
65.69999999999999
 20
8.5
 10
72.30000000000001
 20
8.5
 42
-0.4142135623730951
 10
73.30000000000001
 20
7.5
 10
73.30000000000001
 20
2.5
 42
-0.4142135623730951
 10
72.80000000000001
 20
2.0
 10
71.19999999999999
 20
2.0
 10
71.19999999999999
 20
1.0
 10
72.19999999999999
 20
0.0
 10
76.0
 20
0.0
 10
76.0
 20
46.0
 10
72.0
 20
46.0
 10
72.0
 20
44.0
 42
0.2134217685507609
 10
72.33333332587966
 20
43.25464399166657
 42
-0.2134217665903377
 10
73.0
 20
41.76393200000001
 10
73.0
 20
40.0
 42
-0.4142135623730951
 10
71.0
 20
38.0
 10
67.5
 20
38.0
 42
-0.4142135623730951
 10
66.5
 20
39.0
 10
66.5
 20
39.5
 42
-0.4142135623730951
 10
67.5
 20
40.5
 10
68.0
 20
40.5
 10
68.0
 20
45.80000000000001
 10
64.5
 20
45.80000000000001
 10
65.18090776896588
 20
43.25881925903548
 42
-0.4931454948667734
 10
64.21498199999996
 20
42.0
 10
37.5
 20
42.0
 42
-0.4142135623730951
 10
37.0
 20
42.5
 10
37.0
 20
46.09999999999997
 42
0.4142135623730951
 10
36.30000000000001
 20
46.80000000000001
 10
35.5
 20
46.80000000000001
 10
35.5
 20
45.74128000000002
 42
-0.5315753347268384
 10
34.81289058881157
 20
45.27760978503602
 10
31.83276237750476
 20
46.48166015718203
 42
-0.4169751958834972
 10
31.28375488015865
 20
47.79216756779846
 10
31.93898280174196
 20
49.37093230713151
 42
-0.1804276403512836
 10
32.65394831188786
 20
50.13777007711485
 10
34.92134888882771
 20
51.26961494402286
 42
-0.5573219311602039
 10
35.5
 20
50.91172699999998
 10
35.5
 20
50.0
 10
36.30000000000001
 20
50.0
 42
0.4142135623730951
 10
37.0
 20
50.69999999999999
 10
37.0
 20
53.0
 10
35.39438100000001
 20
53.0
 42
0.0962890949838231
 10
35.01977423466013
 20
52.927183785105
 10
31.92918704301701
 20
51.67850514968364
 42
0.1627586786702019
 10
30.48278691688631
 20
50.44230239872701
 10
26.50373008327736
 20
43.82003860154543
 42
-0.182917270205571
 10
24.83637627850294
 20
42.50433940196473
 10
15.60141166468955
 20
39.59256611921268
 42
-0.5371032972320609
 10
13.00907946543236
 20
41.6903560480701
 10
14.0
 20
52.0
 10
14.0
 20
66.09999999999997
 42
0.4142135623730951
 10
13.30000000000001
 20
66.80000000000001
 10
12.5
 20
66.80000000000001
 10
12.5
 20
66.0
 42
-0.4663076795780146
 10
11.91317587650772
 20
65.50759612960513
 10
11.91317599999996
 20
65.50759599999998
 10
10.32635175301547
 20
65.78739625921031
 42
-0.3639702143383551
 10
9.5
 20
66.77220399999999
 10
9.5
 20
70.33657499999998
 42
-0.36397021433836
 10
10.3263517530155
 20
71.32138274078966
 10
11.91317581160462
 20
71.60118285895061
 42
-0.4663077196954181
 10
12.5
 20
71.10877899999997
 10
12.5
 20
70.0
 10
13.30000000000001
 20
70.0
 42
0.4142135623730951
 10
14.0
 20
70.69999999999999
 10
14.0
 20
74.0
 10
1.65122967510203
 20
71.82257803667329
 42
0.3637583617788902
 10
0.0
 20
69.85322300000001
 10
0.0
 20
0.0
 10
3.800000000000011
 20
0.0
 10
4.800000000000011
 20
1.0
 10
4.800000000000011
 20
2.0
 10
3.199999999999989
 20
2.0
 42
-0.4142135623730951
 10
2.699999999999989
 20
2.5
 10
2.699999999999989
 20
7.5
 42
-0.4142135623730951
 10
3.699999999999989
 20
8.5
 10
10.30000000000001
 20
8.5
 42
-0.4142135623730951
 10
10.80000000000001
 20
8.0
 10
10.80000000000001
 20
2.5
 42
-0.4142135623730951
 10
10.30000000000001
 20
2.0
 10
8.800000000000011
 20
2.0
 10
8.800000000000011
 20
1.0
 10
9.600000000000023
 20
0.1999999999999886
 10
16.0
 20
0.1999999999999886
 10
16.80000000000001
 20
1.0
 10
16.80000000000001
 20
2.0
 10
15.30000000000001
 20
2.0
 42
-0.4142135623730951
 10
14.80000000000001
 20
2.5
 10
14.80000000000001
 20
8.0
 42
-0.4142135623730951
 10
15.30000000000001
 20
8.5
  0
ENDBLK
  5
890
330
846
100
AcDbEntity
  8
0
100
AcDbBlockEnd
  0
BLOCK
  5
84A
330
849
100
AcDbEntity
  8
0
370
    -1
100
AcDbBlockBegin
  2
*D20
 70
     1
 10
0.0
 20
0.0
 30
0.0
  3
*D20
  1

  0
LINE
  5
84B
330
849
100
AcDbEntity
  8
BEMASSUNG
 62
     2
370
    -2
100
AcDbLine
 10
0.0000004133801071
 20
74.99999989446044
 30
0.0
 11
0.0000004133801079
 21
87.78171885762555
 31
0.0
  0
LINE
  5
84C
330
849
100
AcDbEntity
  8
BEMASSUNG
 62
     2
370
    -2
100
AcDbLine
 10
76.00000000000003
 20
74.99999989446047
 30
0.0
 11
76.00000000000003
 21
87.78171885762555
 31
0.0
  0
LINE
  5
84D
330
849
100
AcDbEntity
  8
BEMASSUNG
 62
     2
370
    -2
100
AcDbLine
 10
3.000000413380108
 20
86.78171885762555
 30
0.0
 11
73.00000000000003
 21
86.78171885762555
 31
0.0
  0
INSERT
  5
84E
330
849
100
AcDbEntity
  8
BEMASSUNG
 62
     2
370
    -2
100
AcDbBlockReference
  2
_OPEN
 10
0.0000004133801078
 20
86.78171885762555
 30
0.0
 41
3.0
 42
3.0
 43
3.0
 50
180.0
  0
INSERT
  5
84F
330
849
100
AcDbEntity
  8
BEMASSUNG
 62
     2
370
    -2
100
AcDbBlockReference
  2
_OPEN
 10
76.00000000000003
 20
86.78171885762555
 30
0.0
 41
3.0
 42
3.0
 43
3.0
  0
MTEXT
  5
850
330
849
100
AcDbEntity
  8
BEMASSUNG
 62
     0
100
AcDbMText
 10
38.00000020669007
 20
89.28171885762555
 30
0.0
 40
3.0
 41
0.0
 46
0.0
 71
     5
 72
     1
  1
76
 73
     1
 44
1.0
  0
POINT
  5
851
330
849
100
AcDbEntity
  8
Defpoints
 62
     0
370
     0
100
AcDbPoint
 10
0.000000413380107
 20
73.99999989446044
 30
0.0
  0
POINT
  5
852
330
849
100
AcDbEntity
  8
Defpoints
 62
     0
370
     0
100
AcDbPoint
 10
76.00000000000003
 20
73.99999989446047
 30
0.0
  0
POINT
  5
853
330
849
100
AcDbEntity
  8
Defpoints
 62
     0
370
     0
100
AcDbPoint
 10
76.00000000000003
 20
86.78171885762555
 30
0.0
  0
ENDBLK
  5
854
330
849
100
AcDbEntity
  8
0
370
    -1
100
AcDbBlockEnd
  0
BLOCK
  5
857
330
856
100
AcDbEntity
  8
0
370
    -1
100
AcDbBlockBegin
  2
*D21
 70
     1
 10
0.0
 20
0.0
 30
0.0
  3
*D21
  1

  0
LINE
  5
858
330
856
100
AcDbEntity
  8
BEMASSUNG
 62
     2
370
    -2
100
AcDbLine
 10
-0.9999995866198932
 20
73.99999989446047
 30
0.0
 11
-13.75000000000002
 21
73.99999989446047
 31
0.0
  0
LINE
  5
859
330
856
100
AcDbEntity
  8
BEMASSUNG
 62
     2
370
    -2
100
AcDbLine
 10
-0.9999994488364339
 20
0.0000002750501834
 30
0.0
 11
-13.75
 21
0.0000002750501813
 31
0.0
  0
LINE
  5
85A
330
856
100
AcDbEntity
  8
BEMASSUNG
 62
     2
370
    -2
100
AcDbLine
 10
-12.75000000000002
 20
70.99999989446047
 30
0.0
 11
-12.75
 21
3.000000275050183
 31
0.0
  0
INSERT
  5
85B
330
856
100
AcDbEntity
  8
BEMASSUNG
 62
     2
370
    -2
100
AcDbBlockReference
  2
_OPEN
 10
-12.75000000000002
 20
73.99999989446047
 30
0.0
 41
3.0
 42
3.0
 43
3.0
 50
90.0
  0
INSERT
  5
85C
330
856
100
AcDbEntity
  8
BEMASSUNG
 62
     2
370
    -2
100
AcDbBlockReference
  2
_OPEN
 10
-12.75
 20
0.0000002750501815
 30
0.0
 41
3.0
 42
3.0
 43
3.0
 50
270.0
  0
MTEXT
  5
85D
330
856
100
AcDbEntity
  8
BEMASSUNG
 62
     0
100
AcDbMText
 10
-15.25
 20
37.00000008475531
 30
0.0
 40
3.0
 41
0.0
 46
0.0
 71
     5
 72
     1
  1
74
 11
6.123233995736766E-17
 21
1.0
 31
0.0
 73
     1
 44
1.0
  0
POINT
  5
85E
330
856
100
AcDbEntity
  8
Defpoints
 62
     0
370
     0
100
AcDbPoint
 10
0.000000413380107
 20
73.99999989446047
 30
0.0
  0
POINT
  5
85F
330
856
100
AcDbEntity
  8
Defpoints
 62
     0
370
     0
100
AcDbPoint
 10
0.0000005511635663
 20
0.0000002750501835
 30
0.0
  0
POINT
  5
860
330
856
100
AcDbEntity
  8
Defpoints
 62
     0
370
     0
100
AcDbPoint
 10
-12.75
 20
0.0000002750501815
 30
0.0
  0
ENDBLK
  5
861
330
856
100
AcDbEntity
  8
0
370
    -1
100
AcDbBlockEnd
  0
BLOCK
  5
864
330
863
100
AcDbEntity
  8
0
370
    -1
100
AcDbBlockBegin
  2
*D22
 70
     1
 10
0.0
 20
0.0
 30
0.0
  3
*D22
  1

  0
LINE
  5
865
330
863
100
AcDbEntity
  8
BEMASSUNG
 62
     2
370
    -2
100
AcDbLine
 10
77.00000000000006
 20
73.9999998944605
 30
0.0
 11
86.99999999999999
 21
73.9999998944605
 31
0.0
  0
LINE
  5
866
330
863
100
AcDbEntity
  8
BEMASSUNG
 62
     2
370
    -2
100
AcDbLine
 10
77.0000005511636
 20
46.00000000000001
 30
0.0
 11
86.99999999999999
 21
46.00000000000002
 31
0.0
  0
LINE
  5
867
330
863
100
AcDbEntity
  8
BEMASSUNG
 62
     2
370
    -2
100
AcDbLine
 10
85.99999999999999
 20
70.9999998944605
 30
0.0
 11
85.99999999999999
 21
49.00000000000003
 31
0.0
  0
INSERT
  5
868
330
863
100
AcDbEntity
  8
BEMASSUNG
 62
     2
370
    -2
100
AcDbBlockReference
  2
_OPEN
 10
85.99999999999999
 20
73.9999998944605
 30
0.0
 41
3.0
 42
3.0
 43
3.0
 50
90.0
  0
INSERT
  5
869
330
863
100
AcDbEntity
  8
BEMASSUNG
 62
     2
370
    -2
100
AcDbBlockReference
  2
_OPEN
 10
85.99999999999999
 20
46.00000000000002
 30
0.0
 41
3.0
 42
3.0
 43
3.0
 50
270.0
  0
MTEXT
  5
86A
330
863
100
AcDbEntity
  8
BEMASSUNG
 62
     0
100
AcDbMText
 10
83.49999999999999
 20
59.99999994723025
 30
0.0
 40
3.0
 41
0.0
 46
0.0
 71
     5
 72
     1
  1
28
 11
6.123233995736766E-17
 21
1.0
 31
0.0
 73
     1
 44
1.0
  0
POINT
  5
86B
330
863
100
AcDbEntity
  8
Defpoints
 62
     0
370
     0
100
AcDbPoint
 10
76.00000000000006
 20
73.9999998944605
 30
0.0
  0
POINT
  5
86C
330
863
100
AcDbEntity
  8
Defpoints
 62
     0
370
     0
100
AcDbPoint
 10
76.0000005511636
 20
46.00000000000001
 30
0.0
  0
POINT
  5
86D
330
863
100
AcDbEntity
  8
Defpoints
 62
     0
370
     0
100
AcDbPoint
 10
85.99999999999999
 20
46.00000000000002
 30
0.0
  0
ENDBLK
  5
86E
330
863
100
AcDbEntity
  8
0
370
    -1
100
AcDbBlockEnd
  0
BLOCK
  5
871
330
870
100
AcDbEntity
  8
0
370
    -1
100
AcDbBlockBegin
  2
*D23
 70
     1
 10
0.0
 20
0.0
 30
0.0
  3
*D23
  1

  0
LINE
  5
872
330
870
100
AcDbEntity
  8
BEMASSUNG
 62
     2
370
    -2
100
AcDbLine
 10
77.00000000000003
 20
46.00000000000001
 30
0.0
 11
87.0
 21
46.00000000000002
 31
0.0
  0
LINE
  5
873
330
870
100
AcDbEntity
  8
BEMASSUNG
 62
     2
370
    -2
100
AcDbLine
 10
77.000001552643
 20
0.000016175798237
 30
0.0
 11
87.00000000000001
 21
0.0000161757982386
 31
0.0
  0
LINE
  5
874
330
870
100
AcDbEntity
  8
BEMASSUNG
 62
     2
370
    -2
100
AcDbLine
 10
86.0
 20
43.00000000000002
 30
0.0
 11
86.00000000000001
 21
3.00001617579824
 31
0.0
  0
INSERT
  5
875
330
870
100
AcDbEntity
  8
BEMASSUNG
 62
     2
370
    -2
100
AcDbBlockReference
  2
_OPEN
 10
86.0
 20
46.00000000000002
 30
0.0
 41
3.0
 42
3.0
 43
3.0
 50
90.0
  0
INSERT
  5
876
330
870
100
AcDbEntity
  8
BEMASSUNG
 62
     2
370
    -2
100
AcDbBlockReference
  2
_OPEN
 10
86.00000000000001
 20
0.0000161757982385
 30
0.0
 41
3.0
 42
3.0
 43
3.0
 50
270.0
  0
MTEXT
  5
877
330
870
100
AcDbEntity
  8
BEMASSUNG
 62
     0
100
AcDbMText
 10
83.5
 20
22.9999919121009
 30
0.0
 40
3.0
 41
0.0
 46
0.0
 71
     5
 72
     1
  1
46
 11
6.123233995736766E-17
 21
1.0
 31
0.0
 73
     1
 44
1.0
  0
POINT
  5
878
330
870
100
AcDbEntity
  8
Defpoints
 62
     0
370
     0
100
AcDbPoint
 10
76.00000000000003
 20
46.00000000000001
 30
0.0
  0
POINT
  5
879
330
870
100
AcDbEntity
  8
Defpoints
 62
     0
370
     0
100
AcDbPoint
 10
76.000001552643
 20
0.0000161757982369
 30
0.0
  0
POINT
  5
87A
330
870
100
AcDbEntity
  8
Defpoints
 62
     0
370
     0
100
AcDbPoint
 10
86.00000000000001
 20
0.0000161757982385
 30
0.0
  0
ENDBLK
  5
87B
330
870
100
AcDbEntity
  8
0
370
    -1
100
AcDbBlockEnd
  0
BLOCK
  5
893
330
892
100
AcDbEntity
  8
0
100
AcDbBlockBegin
  2
76271P__2S
 70
     0
 10
0.0
 20
0.0
 30
0.0
  3
76271P__2S
  1

  0
POINT
  5
894
330
892
100
AcDbEntity
  8
ASSEMBLY
  6
Continuous
 62
    11
370
    -1
100
AcDbPoint
 10
-4.0
 20
57.00000010354108
 30
0.0
  0
POINT
  5
895
330
892
100
AcDbEntity
  8
ASSEMBLY
  6
Continuous
 62
    10
370
    -1
100
AcDbPoint
 10
-13.99999944146316
 20
-0.0000001035409696
 30
0.0
  0
POINT
  5
896
330
892
100
AcDbEntity
  8
ASSEMBLY
  6
Continuous
 62
   160
370
    -1
100
AcDbPoint
 10
-61.99999944146319
 20
77.99999989645903
 30
0.0
  0
POINT
  5
897
330
892
100
AcDbEntity
  8
ASSEMBLY
  6
Continuous
 62
   161
370
    -1
100
AcDbPoint
 10
-75.99999944146319
 20
30.99999989645903
 30
0.0
  0
LWPOLYLINE
  5
898
330
892
100
AcDbEntity
  8
PVC_OUTSIDE
370
    -3
100
AcDbPolyline
 90
       97
 70
     1
 43
0.0
 10
-8.0
 20
56.80000000000001
 10
-11.5
 20
56.80000000000001
 10
-10.8194223016784
 20
54.26004797131094
 42
-0.4935409772280274
 10
-11.78501799999998
 20
53.00000000000006
 10
-52.75
 20
53.00000000000006
 10
-60.39953142021858
 20
50.59226902192808
 42
-0.536944055719568
 10
-62.99092053456206
 20
52.69035604812859
 10
-62.0
 20
63.0
 10
-62.00000000000006
 20
70.10000000000002
 42
0.4142135623730951
 10
-62.70000000000005
 20
70.80000000000001
 10
-63.5
 20
70.80000000000001
 10
-63.5
 20
70.00000000000006
 42
-0.4663076795780058
 10
-64.08682412349225
 20
69.50759612960525
 10
-64.08682399999998
 20
69.50759599999998
 10
-65.6736482469845
 20
69.78739625921037
 42
-0.3639702143383609
 10
-66.5
 20
70.77220400000004
 10
-66.5
 20
74.33657599999998
 42
-0.3636183606458775
 10
-65.67487214883744
 20
75.32116714944272
 10
-64.08682412349225
 20
75.60118287039484
 42
-0.4663076795780044
 10
-63.5
 20
75.10877900000003
 10
-63.5
 20
74.00000000000006
 10
-62.70000000000005
 20
74.00000000000006
 42
0.4142135623730951
 10
-62.00000000000006
 20
74.69999999999999
 10
-62.0
 20
78.00000000000006
 10
-74.34877032485036
 20
75.82257803668176
 42
0.3637583617857356
 10
-76.0
 20
73.85322300000001
 10
-76.0
 20
31.00000000000003
 10
-73.621711
 20
31.0
 42
0.4348123985935456
 10
-73.32244178658576
 20
31.32092696591513
 10
-73.4024367786966
 20
32.46491862411318
 42
-0.4349334493842848
 10
-72.90366900000004
 20
33.00000000000003
 10
-67.5
 20
33.00000000000003
 42
-0.4142135623730951
 10
-67.0
 20
32.50000000000003
 10
-67.0
 20
31.70000000000002
 42
0.4142135623730951
 10
-66.80000000000001
 20
31.50000000000003
 10
-66.40000000000003
 20
31.50000000000003
 42
0.4142135623730951
 10
-66.20000000000005
 20
31.70000000000002
 10
-66.20000000000005
 20
32.50000000000003
 42
-0.4142135623730951
 10
-65.70000000000005
 20
33.00000000000003
 10
-56.88366300000001
 20
33.00000000000003
 42
-0.3388919389074406
 10
-56.40096211702547
 20
32.6303835019304
 10
-53.31831382126853
 20
21.12578493616047
 42
0.3156176456498251
 10
-52.43838808737632
 20
20.38830887054726
 10
-48.21747457823096
 20
20.01902658517466
 42
0.0218201210325577
 10
-47.7816949999999
 20
20.0
 10
-38.60000000000002
 20
20.0
 10
-38.60000000000002
 20
22.5
 10
-36.60000000000002
 20
22.5
 10
-36.60000000000002
 20
24.5
 10
-37.75
 20
24.5
 42
-0.4688877505500602
 10
-38.2416509403738
 20
25.09099094916306
 10
-37.15139188280955
 20
30.9819818871847
 42
-0.3615744320530093
 10
-36.16809000000001
 20
31.80000000000001
 10
-31.24162000000001
 20
31.80000000000001
 42
0.3056147901227885
 10
-30.96351241874049
 20
31.98749996712891
 42
-0.6742001661904578
 10
-30.03648745124428
 20
31.98750001972266
 42
0.3056147039659662
 10
-29.75837999999999
 20
31.80000000000001
 10
-24.831909
 20
31.80000000000001
 42
-0.3612064314406055
 10
-23.84884488406431
 20
30.98326195447942
 10
-22.7583490596262
 20
25.09099094916306
 42
-0.4688877505500595
 10
-23.25
 20
24.5
 10
-24.40000000000003
 20
24.5
 10
-24.40000000000003
 20
22.5
 10
-22.40000000000003
 20
22.5
 10
-22.40000000000003
 20
20.0
 10
-15.0
 20
20.0
 42
-0.4142135623730951
 10
-14.0
 20
19.0
 10
-14.0
 20
7.900000000000034
 42
0.4142135623730951
 10
-13.30000000000001
 20
7.200000000000045
 10
-12.5
 20
7.200000000000017
 10
-12.5
 20
8.700000000000017
 42
-0.4142135623730951
 10
-12.0
 20
9.200000000000017
 10
-10.5
 20
9.200000000000017
 42
-0.4142135623730951
 10
-9.5
 20
8.200000000000017
 10
-9.5
 20
3.0
 42
-0.4142135623730951
 10
-10.5
 20
2.0
 10
-12.0
 20
2.0
 42
-0.4142135623730951
 10
-12.5
 20
2.5
 10
-12.5
 20
4.0
 10
-13.30000000000001
 20
4.0
 42
0.4142135623730919
 10
-14.0
 20
3.300000000000011
 10
-14.0
 20
0.0
 10
-1.5
 20
0.0
 42
0.4142135623730951
 10
0.0
 20
1.5
 10
0.0
 20
57.00000000000006
 10
-4.0
 20
57.00000000000006
 10
-4.0
 20
55.00000000000006
 42
0.2134217685507653
 10
-3.666666674120336
 20
54.25464399166657
 42
-0.2134217665903388
 10
-3.0
 20
52.76393200000001
 10
-3.0
 20
51.00000000000006
 42
-0.4142135623730951
 10
-5.0
 20
49.00000000000006
 10
-8.5
 20
49.00000000000006
 42
-0.4142135623730951
 10
-9.5
 20
50.00000000000006
 10
-9.5
 20
50.50000000000006
 42
-0.4142135623730951
 10
-8.5
 20
51.50000000000006
 10
-8.0
 20
51.50000000000006
 10
-8.0
 20
56.80000000000001
  0
LWPOLYLINE
  5
899
330
892
100
AcDbEntity
  8
PVC_INSIDE
370
    -3
100
AcDbPolyline
 90
       15
 70
     1
 43
0.0
 10
-64.20000000000005
 20
63.1054840000001
 10
-64.20000000000005
 20
66.87406400000003
 42
0.3645009545060638
 10
-64.61409894184754
 20
67.36662973998631
 10
-66.0556756156335
 20
67.62081944552398
 42
-0.3639701042596364
 10
-68.69999999999999
 20
70.77220400000004
 10
-68.70000000000005
 20
73.48108000000002
 42
0.4663076474504664
 10
-69.28682407151541
 20
73.97348387955975
 10
-72.88682405721121
 20
73.33870688208196
 42
0.3639702524481236
 10
-73.30000000000001
 20
72.84630299999998
 10
-73.30000000000001
 20
54.70020700000003
 42
0.3156079178849143
 10
-72.64096314368652
 20
53.76013033576066
 10
-65.80921857179311
 20
51.27357866786207
 42
0.5722865431939388
 10
-65.14515790050552
 20
51.82348985234745
 42
-0.0644614735648824
 10
-65.18077741721868
 20
52.90137287859835
 10
-64.20000000000005
 20
63.1054840000001
  0
LWPOLYLINE
  5
89A
330
892
100
AcDbEntity
  8
PVC_INSIDE
370
    -3
100
AcDbPolyline
 90
       11
 70
     1
 43
0.0
 10
-60.82853078972772
 20
47.6301030174738
 42
0.5062186785265373
 10
-61.26390385477026
 20
48.30829930035111
 42
-0.1462654069244178
 10
-63.52106432569713
 20
49.14079796292486
 42
0.0738216737355919
 10
-63.65018095571719
 20
49.21073932035847
 10
-71.95903684426463
 20
52.23491565986927
 42
0.520209766274183
 10
-73.30000000000001
 20
51.29483899999997
 10
-73.30000000000001
 20
35.70000000000002
 42
0.4142135623730951
 10
-72.80000000000001
 20
35.20000000000002
 10
-65.94364000000002
 20
35.20000000000002
 42
0.3107472509767344
 10
-65.47669374008899
 20
35.52122307096522
 10
-60.82853078972772
 20
47.6301030174738
 42
0.5062186785265373
  0
LWPOLYLINE
  5
89B
330
892
100
AcDbEntity
  8
PVC_INSIDE
370
    -3
100
AcDbPolyline
 90
        9
 70
     1
 43
0.0
 10
-56.80000000000001
 20
48.73727500000001
 42
0.5066250387375989
 10
-57.45011701999914
 20
49.21420778384544
 10
-59.39629897320651
 20
48.60163679857368
 42
0.2287015436662836
 10
-59.71297221339393
 20
48.30388797439406
 10
-64.48236920338314
 20
35.87918400047303
 42
0.5261254690665431
 10
-64.015579
 20
35.20000000000002
 10
-57.30000000000001
 20
35.20000000000002
 42
0.4142135623730951
 10
-56.80000000000001
 20
35.70000000000002
 10
-56.80000000000001
 20
48.73727500000001
 42
0.5066250387375989
  0
LWPOLYLINE
  5
89C
330
892
100
AcDbEntity
  8
PVC_INSIDE
370
    -3
100
AcDbPolyline
 90
       10
 70
     1
 43
0.0
 10
-49.95383274764197
 20
50.14549148499424
 42
0.5095254612940435
 10
-50.42936100000003
 20
50.80000000000001
 10
-52.41194400000001
 20
50.80000000000001
 10
-55.65011709702753
 20
49.78076775960034
 42
0.3274702604964736
 10
-56.0
 20
49.30383499999999
 10
-56.0
 20
35.38539000000003
 42
0.2883224887827494
 10
-55.71656337236755
 20
34.9347234872117
 42
-0.0170021603460397
 10
-55.55382212342238
 20
34.84979217016809
 42
0.4742290370560699
 10
-54.83235205860626
 20
35.13095204416109
 10
-49.95383274764197
 20
50.14549148499424
 42
0.5095254612940435
  0
LWPOLYLINE
  5
89D
330
892
100
AcDbEntity
  8
PVC_INSIDE
370
    -3
100
AcDbPolyline
 90
       53
 70
     1
 43
0.0
 10
-14.30000000000001
 20
47.40000000000003
 42
0.4142135623730951
 10
-14.80000000000001
 20
47.90000000000003
 10
-16.0
 20
47.90000000000003
 42
-0.4142135623730951
 10
-16.30000000000001
 20
48.19999999999999
 10
-16.30000000000001
 20
48.40000000000003
 42
-0.4142135623730951
 10
-16.0
 20
48.69999999999999
 10
-14.80000000000001
 20
48.69999999999999
 42
0.4142135623730951
 10
-14.30000000000001
 20
49.19999999999999
 10
-14.30000000000001
 20
50.50000000000006
 42
0.4142135623730951
 10
-14.60000000000002
 20
50.80000000000001
 10
-48.53672900000004
 20
50.80000000000001
 42
0.3252689785213139
 10
-49.01245211315745
 20
50.45390750341613
 10
-54.40015994950744
 20
33.87224693081646
 42
0.1775430814721354
 10
-54.38712844824533
 20
33.52825834880892
 42
-0.0320420229860855
 10
-54.27620708727733
 20
33.20083782946378
 10
-52.39245791556988
 20
26.17059048650026
 42
0.3394542640886803
 10
-51.90949499999999
 20
25.80000000000001
 10
-49.80000000000001
 20
25.80000000000004
 42
-0.4142135623730949
 10
-49.40000000000003
 20
25.40000000000003
 10
-49.40000000000003
 20
25.19999999999999
 42
-0.4142135623730951
 10
-49.80000000000001
 20
24.80000000000001
 10
-51.37359600000002
 20
24.80000000000001
 42
0.4931453978170899
 10
-51.85655892489234
 20
24.17059052129204
 10
-51.5013042450048
 20
22.84476072316039
 42
0.315493197407338
 10
-51.06139992591039
 20
22.47624142510708
 10
-48.02478493592002
 20
22.21057223017795
 42
0.0217352388500815
 10
-47.78169500000001
 20
22.19999999999999
 10
-41.10000000000002
 20
22.19999999999999
 42
0.4142135623730933
 10
-40.80000000000001
 20
22.5
 10
-40.80000000000001
 20
24.09154799999999
 42
-0.1827731811221409
 10
-40.67487532997694
 20
24.42240822271444
 42
0.1356066483786218
 10
-40.55842104702407
 20
24.66191311893024
 10
-39.31465609326204
 20
31.38234167009907
 42
-0.3615744651938538
 10
-36.16809000000001
 20
34.0
 10
-34.280776
 20
34.00000000000003
 42
0.3443989077444414
 10
-33.31041862850236
 20
34.75832548421454
 10
-33.1896394773961
 20
35.24144109267078
 42
-0.3444661786204219
 10
-32.219224
 20
36.00000000000003
 10
-28.780776
 20
36.00000000000003
 42
-0.3438350742143065
 10
-27.81090794798524
 20
35.24363078968202
 10
-27.68915062850232
 20
34.7566025157852
 42
0.34390232175151
 10
-26.719224
 20
34.00000000000003
 10
-24.831909
 20
34.0
 42
-0.3615346983931082
 10
-21.68542486029446
 20
31.38278431566187
 10
-20.44157895297593
 20
24.66191311893024
 42
0.1356066483942036
 10
-20.32512467000282
 20
24.4224082226915
 42
-0.1827731811063168
 10
-20.20000000000005
 20
24.09154799999999
 10
-20.20000000000005
 20
22.5
 42
0.4142135623730951
 10
-19.90000000000003
 20
22.19999999999999
 10
-14.99999999999989
 20
22.19999999999999
 42
-0.0135790384070617
 10
-14.82628442641095
 20
22.19528134903524
 42
0.4297029742380082
 10
-14.30000000000001
 20
22.69459000000003
 10
-14.30000000000001
 20
47.40000000000003
 42
0.4142135623730951
  0
LWPOLYLINE
  5
89E
330
892
100
AcDbEntity
  8
PVC_INSIDE
370
    -3
100
AcDbPolyline
 90
       12
 70
     1
 43
0.0
 10
-8.400000000000034
 20
46.32168500000006
 42
0.3828318477498248
 10
-8.845945930288394
 20
46.81875473857849
 42
-0.3828317616206213
 10
-11.69999999999999
 20
50.00000000000006
 10
-11.70000000000005
 20
50.30000000000013
 42
0.4142135623730395
 10
-12.20000000000005
 20
50.80000000000001
 10
-12.80000000000001
 20
50.80000000000001
 42
0.4142135623730951
 10
-13.30000000000001
 20
50.30000000000001
 10
-13.30000000000001
 20
38.50000000000003
 42
0.4142135623730951
 10
-12.80000000000001
 20
38.00000000000003
 10
-8.900000000000034
 20
38.00000000000003
 42
0.4142135623730951
 10
-8.400000000000034
 20
38.50000000000003
 10
-8.400000000000034
 20
46.32168500000006
 42
0.3828318477498248
  0
LWPOLYLINE
  5
89F
330
892
100
AcDbEntity
  8
PVC_INSIDE
370
    -3
100
AcDbPolyline
 90
        9
 70
     1
 43
0.0
 10
-2.700000000000045
 20
45.80000000000001
 42
0.4142135623730951
 10
-3.700000000000045
 20
46.80000000000001
 10
-7.100000000000023
 20
46.80000000000001
 42
0.4142135623730951
 10
-7.600000000000023
 20
46.30000000000001
 10
-7.600000000000023
 20
29.53866200000002
 42
0.1360940267559551
 10
-7.528583650680957
 20
29.281142963094
 10
-3.628583660217487
 20
22.79045297896536
 42
0.7604176850667699
 10
-2.700000000000045
 20
23.04797200000002
 10
-2.700000000000045
 20
45.80000000000001
 42
0.4142135623730951
  0
LWPOLYLINE
  5
8A0
330
892
100
AcDbEntity
  8
PVC_INSIDE
370
    -3
100
AcDbPolyline
 90
        9
 70
     1
 43
0.0
 10
-8.400000000000034
 20
36.70000000000002
 42
0.4142135623730951
 10
-8.900000000000034
 20
37.20000000000002
 10
-12.80000000000001
 20
37.20000000000002
 42
0.4142135623730951
 10
-13.30000000000001
 20
36.70000000000002
 10
-13.30000000000001
 20
23.04797200000002
 42
0.7604176704553852
 10
-12.37141634931908
 20
22.790452963094
 10
-8.471416358855606
 20
29.28114294722263
 42
0.1360940361854633
 10
-8.400000000000034
 20
29.53866200000002
 10
-8.400000000000034
 20
36.70000000000002
 42
0.4142135623730951
  0
LWPOLYLINE
  5
8A1
330
892
100
AcDbEntity
  8
PVC_INSIDE
370
    -3
100
AcDbPolyline
 90
        7
 70
     1
 43
0.0
 10
-7.571416334194566
 20
27.79914501173459
 42
0.565772817799055
 10
-8.428583665805434
 20
27.79914501173459
 10
-11.33811729949696
 20
22.95686776826039
 42
0.5826740083424841
 10
-10.90914299999997
 20
22.20000000000002
 10
-5.090857000000028
 20
22.20000000000002
 42
0.5836917202230851
 10
-4.662664969370667
 20
22.95816968239029
 10
-7.571416334194566
 20
27.79914501173459
 42
0.565772817799055
  0
LWPOLYLINE
  5
8A2
330
892
100
AcDbEntity
  8
PVC_INSIDE
370
    -3
100
AcDbPolyline
 90
       10
 70
     1
 43
0.0
 10
-2.700000000000045
 20
20.0
 42
0.4142135623730951
 10
-3.700000000000045
 20
21.0
 10
-11.61769299999997
 20
21.0
 42
0.5424843258016129
 10
-12.07476158213041
 20
20.29729726686679
 42
-0.1047360362855294
 10
-11.80000000000001
 20
19.00000000000009
 10
-11.80000000000001
 20
11.90000000000003
 42
0.4142135623730951
 10
-11.30000000000001
 20
11.40000000000003
 10
-3.700000000000045
 20
11.40000000000003
 42
0.4142135623730951
 10
-2.700000000000045
 20
12.40000000000003
 10
-2.700000000000045
 20
20.0
 42
0.4142135623730951
  0
LWPOLYLINE
  5
8A3
330
892
100
AcDbEntity
  8
PVC_INSIDE
370
    -3
100
AcDbPolyline
 90
       10
 70
     1
 43
0.0
 10
-2.700000000000045
 20
9.600000000000023
 42
0.4142135623730951
 10
-3.700000000000045
 20
10.60000000000002
 10
-7.325098000000025
 20
10.60000000000002
 42
0.5825877702860046
 10
-7.754139082549102
 20
9.84324308062321
 42
-0.1356413941488697
 10
-7.300000000000011
 20
8.200000000000074
 10
-7.300000000000011
 20
3.200000000000017
 42
0.4142135623730951
 10
-6.800000000000011
 20
2.700000000000017
 10
-3.700000000000045
 20
2.700000000000017
 42
0.4142135623730951
 10
-2.700000000000045
 20
3.700000000000017
 10
-2.700000000000045
 20
9.600000000000023
 42
0.4142135623730951
  0
LWPOLYLINE
  5
8A4
330
892
100
AcDbEntity
  8
GASKET_OUTSIDE
370
    -3
100
AcDbPolyline
 90
       11
 70
     1
 43
0.0
 10
-38.64397791060901
 20
61.27292402924024
 42
0.4137911707326514
 10
-39.33523948418247
 20
61.41933530561431
 10
-39.92291396838885
 20
61.03769512903324
 42
0.9992797558113566
 10
-39.37767001341126
 20
60.19941802065256
 10
-39.20993600000003
 20
60.30834499999997
 10
-34.96539171855528
 20
53.77231952140033
 42
-0.5949374846811375
 10
-35.384727
 20
53.00000000000006
 10
-33.0
 20
53.00000000000006
 42
-0.2539676383574529
 10
-33.41933527566624
 20
53.22768046970174
 10
-33.41933500000005
 20
53.22768000000002
 10
-38.64397791060901
 20
61.27292402924024
 42
0.4137911707326514
  0
HATCH
  5
8A5
330
892
100
AcDbEntity
  8
GASKET_HATCH
370
    -1
100
AcDbHatch
 10
0.0
 20
0.0
 30
0.0
210
0.0
220
0.0
230
1.0
  2
DOTS
 70
     0
 71
     0
 91
        1
 92
        7
 72
     1
 73
     1
 93
       10
 10
-34.96539170742058
 20
53.7723195042544
 42
-0.5949374708409219
 10
-35.384727
 20
53.00000000000006
 42
0.0
 10
-32.99999999999999
 20
53.00000000000006
 42
-0.2539676383574517
 10
-33.41933527566624
 20
53.22768046970174
 42
0.0
 10
-33.41933500000005
 20
53.22768000000002
 42
0.0
 10
-38.64397791060902
 20
61.27292402924027
 42
0.4137911604323321
 10
-39.33523946943112
 20
61.41933531519393
 42
0.0
 10
-39.92291396838891
 20
61.03769512903321
 42
0.9992775991245282
 10
-39.37767182346734
 20
60.19941684519108
 42
0.0
 10
-39.20993600000003
 20
60.30834499999997
 42
0.0
 97
        0
 75
     1
 76
     1
 52
0.0
 41
0.3
 77
     0
 78
     1
 53
0.0
 43
-327.6279651687821
 44
-132.9744720676784
 45
0.238125
 46
0.47625
 79
     2
 49
0.0
 49
-0.47625
 47
0.0392179097718608
 98
        1
 10
-38.14645709658663
 20
59.52333716379945
1001
GRADIENTCOLOR1ACI
1070
     5
1001
GRADIENTCOLOR2ACI
1070
     2
1001
ACAD
1010
0.0
1020
0.0
1030
0.0
  0
DIMENSION
  5
8A6
330
892
100
AcDbEntity
  8
BEMASSUNG
100
AcDbDimension
280
     0
  2
*D25
 10
0.0000000000000005
 20
86.49908519254137
 30
0.0
 11
-37.99998207101476
 21
89.03080415570645
 31
0.0
 70
    32
 71
     5
 42
75.99996414202951
 73
     0
 74
     0
 75
     0
  3
PROFINE1ZU1
100
AcDbAlignedDimension
 13
-75.99996414202951
 23
77.9999999999996
 33
0.0
 14
0.0
 24
77.9999999999996
 34
0.0
100
AcDbRotatedDimension
  0
DIMENSION
  5
8B3
330
892
100
AcDbEntity
  8
BEMASSUNG
100
AcDbDimension
280
     0
  2
*D26
 10
8.0
 20
57.00000000000006
 30
0.0
 11
5.474420190995897
 21
28.50000000000003
 31
0.0
 70
    32
 71
     5
 42
57.00000000000006
 73
     0
 74
     0
 75
     0
  3
PROFINE1ZU1
100
AcDbAlignedDimension
 13
0.0
 23
0.0
 33
0.0
 14
0.0
 24
57.00000000000006
 34
0.0
 50
90.0
100
AcDbRotatedDimension
  0
DIMENSION
  5
8C0
330
892
100
AcDbEntity
  8
BEMASSUNG
100
AcDbDimension
280
     0
  2
*D27
 10
8.0
 20
77.9999999999996
 30
0.0
 11
5.493860845839006
 21
67.49999999999983
 31
0.0
 70
    32
 71
     5
 42
20.99999999999955
 73
     0
 74
     0
 75
     0
  3
PROFINE1ZU1
100
AcDbAlignedDimension
 13
0.0
 23
57.00000000000006
 33
0.0
 14
0.0
 24
77.9999999999996
 34
0.0
 50
90.0
100
AcDbRotatedDimension
  0
DIMENSION
  5
8CD
330
892
100
AcDbEntity
  8
BEMASSUNG
100
AcDbDimension
280
     0
  2
*D28
 10
-84.0
 20
31.00000000000003
 30
0.0
 11
-86.5
 21
54.49999999999981
 31
0.0
 70
    32
 71
     5
 42
46.99999999999957
 73
     0
 74
     0
 75
     0
  3
PROFINE1ZU1
100
AcDbAlignedDimension
 13
-75.99996414202951
 23
77.9999999999996
 33
0.0
 14
-76.0
 24
31.00000000000003
 34
0.0
 50
90.0
100
AcDbRotatedDimension
  0
DIMENSION
  5
8DA
330
892
100
AcDbEntity
  8
BEMASSUNG
100
AcDbDimension
280
     0
  2
*D29
 10
-83.9999999999975
 20
0.0000000000000023
 30
0.0
 11
-86.53274215552274
 21
15.49999999999999
 31
0.0
 70
    32
 71
     5
 42
31.0
 73
     0
 74
     0
 75
     0
  3
PROFINE1ZU1
100
AcDbAlignedDimension
 13
-75.9999999999975
 23
31.0
 33
0.0
 14
-76.0
 24
0.0
 34
0.0
 50
90.0
100
AcDbRotatedDimension
  0
DIMENSION
  5
8E7
330
892
100
AcDbEntity
  8
BEMASSUNG
100
AcDbDimension
280
     0
  2
*D30
 10
-92.0
 20
0.0000000000000045
 30
0.0
 11
-94.53171896316508
 21
38.99999999999979
 31
0.0
 70
    32
 71
     5
 42
77.9999999999996
 73
     0
 74
     0
 75
     0
  3
PROFINE1ZU1
100
AcDbAlignedDimension
 13
-75.99996414202951
 23
77.9999999999996
 33
0.0
 14
-76.0
 24
0.0
 34
0.0
 50
90.0
100
AcDbRotatedDimension
  0
ENDBLK
  5
8F4
330
892
100
AcDbEntity
  8
0
100
AcDbBlockEnd
  0
BLOCK
  5
8A8
330
8A7
100
AcDbEntity
  8
0
370
     0
100
AcDbBlockBegin
  2
*D25
 70
     1
 10
0.0
 20
0.0
 30
0.0
  3
*D25
  1

  0
LINE
  5
8A9
330
8A7
100
AcDbEntity
  8
BEMASSUNG
 62
     2
370
    -2
100
AcDbLine
 10
-75.99996414202951
 20
78.9999999999996
 30
0.0
 11
-75.99996414202951
 21
87.49908519254137
 31
0.0
  0
LINE
  5
8AA
330
8A7
100
AcDbEntity
  8
BEMASSUNG
 62
     2
370
    -2
100
AcDbLine
 10
0.0000000000000001
 20
78.9999999999996
 30
0.0
 11
0.0000000000000006
 21
87.49908519254137
 31
0.0
  0
LINE
  5
8AB
330
8A7
100
AcDbEntity
  8
BEMASSUNG
 62
     2
370
    -2
100
AcDbLine
 10
-72.99996414202951
 20
86.49908519254137
 30
0.0
 11
-3.0
 21
86.49908519254137
 31
0.0
  0
INSERT
  5
8AC
330
8A7
100
AcDbEntity
  8
BEMASSUNG
 62
     2
370
    -2
100
AcDbBlockReference
  2
_OPEN
 10
-75.99996414202951
 20
86.49908519254137
 30
0.0
 41
3.0
 42
3.0
 43
3.0
 50
180.0
  0
INSERT
  5
8AD
330
8A7
100
AcDbEntity
  8
BEMASSUNG
 62
     2
370
    -2
100
AcDbBlockReference
  2
_OPEN
 10
0.0000000000000005
 20
86.49908519254137
 30
0.0
 41
3.0
 42
3.0
 43
3.0
  0
MTEXT
  5
8AE
330
8A7
100
AcDbEntity
  8
BEMASSUNG
 62
     0
100
AcDbMText
 10
-37.99998207101476
 20
89.03080415570645
 30
0.0
 40
3.0
 41
0.0
 46
0.0
 71
     5
 72
     1
  1
76
  7
PROFINE 1
 73
     1
 44
1.0
  0
POINT
  5
8AF
330
8A7
100
AcDbEntity
  8
Defpoints
 62
     0
370
     0
100
AcDbPoint
 10
-75.99996414202951
 20
77.9999999999996
 30
0.0
  0
POINT
  5
8B0
330
8A7
100
AcDbEntity
  8
Defpoints
 62
     0
370
     0
100
AcDbPoint
 10
0.0
 20
77.9999999999996
 30
0.0
  0
POINT
  5
8B1
330
8A7
100
AcDbEntity
  8
Defpoints
 62
     0
370
     0
100
AcDbPoint
 10
0.0000000000000005
 20
86.49908519254137
 30
0.0
  0
ENDBLK
  5
8B2
330
8A7
100
AcDbEntity
  8
0
370
     0
100
AcDbBlockEnd
  0
BLOCK
  5
8B5
330
8B4
100
AcDbEntity
  8
0
370
     0
100
AcDbBlockBegin
  2
*D26
 70
     1
 10
0.0
 20
0.0
 30
0.0
  3
*D26
  1

  0
LINE
  5
8B6
330
8B4
100
AcDbEntity
  8
BEMASSUNG
 62
     2
370
    -2
100
AcDbLine
 10
1.0
 20
-0.0000000000000003
 30
0.0
 11
8.999999999999988
 21
-0.0000000000000025
 31
0.0
  0
LINE
  5
8B7
330
8B4
100
AcDbEntity
  8
BEMASSUNG
 62
     2
370
    -2
100
AcDbLine
 10
1.0
 20
57.00000000000006
 30
0.0
 11
9.0
 21
57.00000000000006
 31
0.0
  0
LINE
  5
8B8
330
8B4
100
AcDbEntity
  8
BEMASSUNG
 62
     2
370
    -2
100
AcDbLine
 10
7.999999999999988
 20
2.999999999999998
 30
0.0
 11
8.0
 21
54.00000000000006
 31
0.0
  0
INSERT
  5
8B9
330
8B4
100
AcDbEntity
  8
BEMASSUNG
 62
     2
370
    -2
100
AcDbBlockReference
  2
_OPEN
 10
7.999999999999988
 20
-0.0000000000000023
 30
0.0
 41
3.0
 42
3.0
 43
3.0
 50
270.0
  0
INSERT
  5
8BA
330
8B4
100
AcDbEntity
  8
BEMASSUNG
 62
     2
370
    -2
100
AcDbBlockReference
  2
_OPEN
 10
8.0
 20
57.00000000000006
 30
0.0
 41
3.0
 42
3.0
 43
3.0
 50
90.0
  0
MTEXT
  5
8BB
330
8B4
100
AcDbEntity
  8
BEMASSUNG
 62
     0
100
AcDbMText
 10
5.474420190995897
 20
28.50000000000003
 30
0.0
 40
3.0
 41
0.0
 46
0.0
 71
     5
 72
     1
  1
57
  7
PROFINE 1
 11
6.123233995736766E-17
 21
1.0
 31
0.0
 73
     1
 44
1.0
  0
POINT
  5
8BC
330
8B4
100
AcDbEntity
  8
Defpoints
 62
     0
370
     0
100
AcDbPoint
 10
0.0
 20
0.0
 30
0.0
  0
POINT
  5
8BD
330
8B4
100
AcDbEntity
  8
Defpoints
 62
     0
370
     0
100
AcDbPoint
 10
0.0
 20
57.00000000000006
 30
0.0
  0
POINT
  5
8BE
330
8B4
100
AcDbEntity
  8
Defpoints
 62
     0
370
     0
100
AcDbPoint
 10
8.0
 20
57.00000000000006
 30
0.0
  0
ENDBLK
  5
8BF
330
8B4
100
AcDbEntity
  8
0
370
     0
100
AcDbBlockEnd
  0
BLOCK
  5
8C2
330
8C1
100
AcDbEntity
  8
0
370
     0
100
AcDbBlockBegin
  2
*D27
 70
     1
 10
0.0
 20
0.0
 30
0.0
  3
*D27
  1

  0
LINE
  5
8C3
330
8C1
100
AcDbEntity
  8
BEMASSUNG
 62
     2
370
    -2
100
AcDbLine
 10
1.0
 20
57.00000000000006
 30
0.0
 11
8.999999999999996
 21
57.00000000000006
 31
0.0
  0
LINE
  5
8C4
330
8C1
100
AcDbEntity
  8
BEMASSUNG
 62
     2
370
    -2
100
AcDbLine
 10
1.0
 20
77.9999999999996
 30
0.0
 11
9.0
 21
77.9999999999996
 31
0.0
  0
LINE
  5
8C5
330
8C1
100
AcDbEntity
  8
BEMASSUNG
 62
     2
370
    -2
100
AcDbLine
 10
7.999999999999996
 20
60.00000000000006
 30
0.0
 11
8.0
 21
74.9999999999996
 31
0.0
  0
INSERT
  5
8C6
330
8C1
100
AcDbEntity
  8
BEMASSUNG
 62
     2
370
    -2
100
AcDbBlockReference
  2
_OPEN
 10
7.999999999999996
 20
57.00000000000006
 30
0.0
 41
3.0
 42
3.0
 43
3.0
 50
270.0
  0
INSERT
  5
8C7
330
8C1
100
AcDbEntity
  8
BEMASSUNG
 62
     2
370
    -2
100
AcDbBlockReference
  2
_OPEN
 10
8.0
 20
77.9999999999996
 30
0.0
 41
3.0
 42
3.0
 43
3.0
 50
90.0
  0
MTEXT
  5
8C8
330
8C1
100
AcDbEntity
  8
BEMASSUNG
 62
     0
100
AcDbMText
 10
5.493860845839006
 20
67.49999999999983
 30
0.0
 40
3.0
 41
0.0
 46
0.0
 71
     5
 72
     1
  1
21
  7
PROFINE 1
 11
6.123233995736766E-17
 21
1.0
 31
0.0
 73
     1
 44
1.0
  0
POINT
  5
8C9
330
8C1
100
AcDbEntity
  8
Defpoints
 62
     0
370
     0
100
AcDbPoint
 10
0.0
 20
57.00000000000006
 30
0.0
  0
POINT
  5
8CA
330
8C1
100
AcDbEntity
  8
Defpoints
 62
     0
370
     0
100
AcDbPoint
 10
0.0
 20
77.9999999999996
 30
0.0
  0
POINT
  5
8CB
330
8C1
100
AcDbEntity
  8
Defpoints
 62
     0
370
     0
100
AcDbPoint
 10
8.0
 20
77.9999999999996
 30
0.0
  0
ENDBLK
  5
8CC
330
8C1
100
AcDbEntity
  8
0
370
     0
100
AcDbBlockEnd
  0
BLOCK
  5
8CF
330
8CE
100
AcDbEntity
  8
0
370
     0
100
AcDbBlockBegin
  2
*D28
 70
     1
 10
0.0
 20
0.0
 30
0.0
  3
*D28
  1

  0
LINE
  5
8D0
330
8CE
100
AcDbEntity
  8
BEMASSUNG
 62
     2
370
    -2
100
AcDbLine
 10
-76.99996414202951
 20
77.9999999999996
 30
0.0
 11
-84.99999999999999
 21
77.9999999999996
 31
0.0
  0
LINE
  5
8D1
330
8CE
100
AcDbEntity
  8
BEMASSUNG
 62
     2
370
    -2
100
AcDbLine
 10
-77.0
 20
31.00000000000003
 30
0.0
 11
-85.0
 21
31.00000000000003
 31
0.0
  0
LINE
  5
8D2
330
8CE
100
AcDbEntity
  8
BEMASSUNG
 62
     2
370
    -2
100
AcDbLine
 10
-83.99999999999999
 20
74.9999999999996
 30
0.0
 11
-83.99999999999999
 21
34.00000000000004
 31
0.0
  0
INSERT
  5
8D3
330
8CE
100
AcDbEntity
  8
BEMASSUNG
 62
     2
370
    -2
100
AcDbBlockReference
  2
_OPEN
 10
-83.99999999999999
 20
77.9999999999996
 30
0.0
 41
3.0
 42
3.0
 43
3.0
 50
90.0
  0
INSERT
  5
8D4
330
8CE
100
AcDbEntity
  8
BEMASSUNG
 62
     2
370
    -2
100
AcDbBlockReference
  2
_OPEN
 10
-84.0
 20
31.00000000000003
 30
0.0
 41
3.0
 42
3.0
 43
3.0
 50
270.0
  0
MTEXT
  5
8D5
330
8CE
100
AcDbEntity
  8
BEMASSUNG
 62
     0
100
AcDbMText
 10
-86.5
 20
54.49999999999981
 30
0.0
 40
3.0
 41
0.0
 46
0.0
 71
     5
 72
     1
  1
47
  7
PROFINE 1
 11
6.123233995736766E-17
 21
1.0
 31
0.0
 73
     1
 44
1.0
  0
POINT
  5
8D6
330
8CE
100
AcDbEntity
  8
Defpoints
 62
     0
370
     0
100
AcDbPoint
 10
-75.99996414202951
 20
77.9999999999996
 30
0.0
  0
POINT
  5
8D7
330
8CE
100
AcDbEntity
  8
Defpoints
 62
     0
370
     0
100
AcDbPoint
 10
-76.0
 20
31.00000000000003
 30
0.0
  0
POINT
  5
8D8
330
8CE
100
AcDbEntity
  8
Defpoints
 62
     0
370
     0
100
AcDbPoint
 10
-84.0
 20
31.00000000000003
 30
0.0
  0
ENDBLK
  5
8D9
330
8CE
100
AcDbEntity
  8
0
370
     0
100
AcDbBlockEnd
  0
BLOCK
  5
8DC
330
8DB
100
AcDbEntity
  8
0
370
     0
100
AcDbBlockBegin
  2
*D29
 70
     1
 10
0.0
 20
0.0
 30
0.0
  3
*D29
  1

  0
LINE
  5
8DD
330
8DB
100
AcDbEntity
  8
BEMASSUNG
 62
     2
370
    -2
100
AcDbLine
 10
-76.9999999999975
 20
31.0
 30
0.0
 11
-84.9999999999975
 21
31.0
 31
0.0
  0
LINE
  5
8DE
330
8DB
100
AcDbEntity
  8
BEMASSUNG
 62
     2
370
    -2
100
AcDbLine
 10
-77.0
 20
0.0000000000000003
 30
0.0
 11
-84.9999999999975
 21
0.0000000000000025
 31
0.0
  0
LINE
  5
8DF
330
8DB
100
AcDbEntity
  8
BEMASSUNG
 62
     2
370
    -2
100
AcDbLine
 10
-83.9999999999975
 20
28.0
 30
0.0
 11
-83.9999999999975
 21
3.000000000000002
 31
0.0
  0
INSERT
  5
8E0
330
8DB
100
AcDbEntity
  8
BEMASSUNG
 62
     2
370
    -2
100
AcDbBlockReference
  2
_OPEN
 10
-83.9999999999975
 20
31.0
 30
0.0
 41
3.0
 42
3.0
 43
3.0
 50
90.0
  0
INSERT
  5
8E1
330
8DB
100
AcDbEntity
  8
BEMASSUNG
 62
     2
370
    -2
100
AcDbBlockReference
  2
_OPEN
 10
-83.9999999999975
 20
0.0000000000000023
 30
0.0
 41
3.0
 42
3.0
 43
3.0
 50
270.0
  0
MTEXT
  5
8E2
330
8DB
100
AcDbEntity
  8
BEMASSUNG
 62
     0
100
AcDbMText
 10
-86.53274215552274
 20
15.49999999999999
 30
0.0
 40
3.0
 41
0.0
 46
0.0
 71
     5
 72
     1
  1
31
  7
PROFINE 1
 11
6.123233995736766E-17
 21
1.0
 31
0.0
 73
     1
 44
1.0
  0
POINT
  5
8E3
330
8DB
100
AcDbEntity
  8
Defpoints
 62
     0
370
     0
100
AcDbPoint
 10
-75.9999999999975
 20
31.0
 30
0.0
  0
POINT
  5
8E4
330
8DB
100
AcDbEntity
  8
Defpoints
 62
     0
370
     0
100
AcDbPoint
 10
-76.0
 20
0.0
 30
0.0
  0
POINT
  5
8E5
330
8DB
100
AcDbEntity
  8
Defpoints
 62
     0
370
     0
100
AcDbPoint
 10
-83.9999999999975
 20
0.0000000000000023
 30
0.0
  0
ENDBLK
  5
8E6
330
8DB
100
AcDbEntity
  8
0
370
     0
100
AcDbBlockEnd
  0
BLOCK
  5
8E9
330
8E8
100
AcDbEntity
  8
0
370
     0
100
AcDbBlockBegin
  2
*D30
 70
     1
 10
0.0
 20
0.0
 30
0.0
  3
*D30
  1

  0
LINE
  5
8EA
330
8E8
100
AcDbEntity
  8
BEMASSUNG
 62
     2
370
    -2
100
AcDbLine
 10
-76.99996414202951
 20
77.9999999999996
 30
0.0
 11
-92.99999999999999
 21
77.9999999999996
 31
0.0
  0
LINE
  5
8EB
330
8E8
100
AcDbEntity
  8
BEMASSUNG
 62
     2
370
    -2
100
AcDbLine
 10
-77.0
 20
0.0000000000000003
 30
0.0
 11
-93.0
 21
0.0000000000000048
 31
0.0
  0
LINE
  5
8EC
330
8E8
100
AcDbEntity
  8
BEMASSUNG
 62
     2
370
    -2
100
AcDbLine
 10
-91.99999999999999
 20
74.9999999999996
 30
0.0
 11
-92.0
 21
3.000000000000004
 31
0.0
  0
INSERT
  5
8ED
330
8E8
100
AcDbEntity
  8
BEMASSUNG
 62
     2
370
    -2
100
AcDbBlockReference
  2
_OPEN
 10
-91.99999999999999
 20
77.9999999999996
 30
0.0
 41
3.0
 42
3.0
 43
3.0
 50
90.0
  0
INSERT
  5
8EE
330
8E8
100
AcDbEntity
  8
BEMASSUNG
 62
     2
370
    -2
100
AcDbBlockReference
  2
_OPEN
 10
-92.0
 20
0.0000000000000045
 30
0.0
 41
3.0
 42
3.0
 43
3.0
 50
270.0
  0
MTEXT
  5
8EF
330
8E8
100
AcDbEntity
  8
BEMASSUNG
 62
     0
100
AcDbMText
 10
-94.53171896316508
 20
38.99999999999979
 30
0.0
 40
3.0
 41
0.0
 46
0.0
 71
     5
 72
     1
  1
78
  7
PROFINE 1
 11
6.123233995736766E-17
 21
1.0
 31
0.0
 73
     1
 44
1.0
  0
POINT
  5
8F0
330
8E8
100
AcDbEntity
  8
Defpoints
 62
     0
370
     0
100
AcDbPoint
 10
-75.99996414202951
 20
77.9999999999996
 30
0.0
  0
POINT
  5
8F1
330
8E8
100
AcDbEntity
  8
Defpoints
 62
     0
370
     0
100
AcDbPoint
 10
-76.0
 20
0.0
 30
0.0
  0
POINT
  5
8F2
330
8E8
100
AcDbEntity
  8
Defpoints
 62
     0
370
     0
100
AcDbPoint
 10
-92.0
 20
0.0000000000000045
 30
0.0
  0
ENDBLK
  5
8F3
330
8E8
100
AcDbEntity
  8
0
370
     0
100
AcDbBlockEnd
  0
BLOCK
  5
8F7
330
8F6
100
AcDbEntity
  8
0
100
AcDbBlockBegin
  2
JOIN_INSERT_23_GLASS_4_16_4_16_4_43141478512440
 70
     0
 10
0.0
 20
0.0
 30
0.0
  3
JOIN_INSERT_23_GLASS_4_16_4_16_4_43141478512440
  1

  0
LINE
  5
8F8
330
8F6
100
AcDbEntity
  8
HATCH_GLASS
100
AcDbLine
 10
1.0
 20
3.0
 30
0.0
 11
1.0
 21
1037.0
 31
0.0
210
-1.0
220
0.0
230
0.0
  0
LINE
  5
8F9
330
8F6
100
AcDbEntity
  8
HATCH_GLASS
100
AcDbLine
 10
2.0
 20
3.0
 30
0.0
 11
2.0
 21
1037.0
 31
0.0
210
-1.0
220
0.0
230
0.0
  0
LINE
  5
8FA
330
8F6
100
AcDbEntity
  8
HATCH_GLASS
100
AcDbLine
 10
3.0
 20
3.0
 30
0.0
 11
3.0
 21
1037.0
 31
0.0
210
-1.0
220
0.0
230
0.0
  0
LWPOLYLINE
  5
8FB
330
8F6
100
AcDbEntity
  8
GLASS_GLASS_0
370
    -3
100
AcDbPolyline
 90
        4
 70
     1
 43
0.0
 10
0.0
 20
3.0
 10
4.0
 20
3.0
 10
4.0
 20
1037.0
 10
0.0
 20
1037.0
  0
LWPOLYLINE
  5
8FC
330
8F6
100
AcDbEntity
  8
GLASS_SPACER_INSIDE_0
370
    -3
100
AcDbPolyline
 90
        6
 70
     1
 43
0.0
 10
18.8
 20
15.0
 10
5.2
 20
15.0
 10
5.2
 20
9.9
 10
7.5
 20
7.600000000000001
 10
16.5
 20
7.600000000000001
 10
18.8
 20
9.9
  0
LWPOLYLINE
  5
8FD
330
8F6
100
AcDbEntity
  8
GLASS_SPACER_OUTSIDE_0
370
    -3
100
AcDbPolyline
 90
        6
 70
     1
 43
0.0
 10
20.0
 20
16.2
 10
4.0
 20
16.2
 10
4.0
 20
9.4
 10
7.0
 20
6.4
 10
17.0
 20
6.4
 10
20.0
 20
9.4
  0
LWPOLYLINE
  5
8FE
330
8F6
100
AcDbEntity
  8
GLASS_SPACER_GASKET
370
    -3
100
AcDbPolyline
 90
        6
 70
     1
 43
0.0
 10
4.0
 20
3.0
 10
20.0
 20
3.0
 10
20.0
 20
9.4
 10
17.0
 20
6.4
 10
7.0
 20
6.4
 10
4.0
 20
9.4
  0
LWPOLYLINE
  5
8FF
330
8F6
100
AcDbEntity
  8
GLASS_SPACER_INSIDE_0
370
    -3
100
AcDbPolyline
 90
        6
 70
     1
 43
0.0
 10
16.5
 20
1032.4
 10
7.5
 20
1032.4
 10
5.2
 20
1030.1
 10
5.2
 20
1025.0
 10
18.8
 20
1025.0
 10
18.8
 20
1030.1
  0
LWPOLYLINE
  5
900
330
8F6
100
AcDbEntity
  8
GLASS_SPACER_OUTSIDE_0
370
    -3
100
AcDbPolyline
 90
        6
 70
     1
 43
0.0
 10
17.0
 20
1033.6
 10
7.0
 20
1033.6
 10
4.0
 20
1030.6
 10
4.0
 20
1023.8
 10
20.0
 20
1023.8
 10
20.0
 20
1030.6
  0
LWPOLYLINE
  5
901
330
8F6
100
AcDbEntity
  8
GLASS_SPACER_GASKET
370
    -3
100
AcDbPolyline
 90
        6
 70
     1
 43
0.0
 10
20.0
 20
1037.0
 10
4.0
 20
1037.0
 10
4.0
 20
1030.6
 10
7.0
 20
1033.6
 10
17.0
 20
1033.6
 10
20.0
 20
1030.6
  0
LWPOLYLINE
  5
902
330
8F6
100
AcDbEntity
  8
AIR_1
370
    -3
100
AcDbPolyline
 90
        4
 70
     1
 43
0.0
 10
4.0
 20
16.2
 10
20.0
 20
16.2
 10
20.0
 20
1037.0
 10
4.0
 20
1037.0
  0
LINE
  5
903
330
8F6
100
AcDbEntity
  8
HATCH_GLASS
100
AcDbLine
 10
21.0
 20
3.0
 30
0.0
 11
21.0
 21
1037.0
 31
0.0
210
-1.0
220
0.0
230
0.0
  0
LINE
  5
904
330
8F6
100
AcDbEntity
  8
HATCH_GLASS
100
AcDbLine
 10
22.0
 20
3.0
 30
0.0
 11
22.0
 21
1037.0
 31
0.0
210
-1.0
220
0.0
230
0.0
  0
LINE
  5
905
330
8F6
100
AcDbEntity
  8
HATCH_GLASS
100
AcDbLine
 10
23.0
 20
3.0
 30
0.0
 11
23.0
 21
1037.0
 31
0.0
210
-1.0
220
0.0
230
0.0
  0
LWPOLYLINE
  5
906
330
8F6
100
AcDbEntity
  8
GLASS_GLASS_2
370
    -3
100
AcDbPolyline
 90
        4
 70
     1
 43
0.0
 10
20.0
 20
3.0
 10
24.0
 20
3.0
 10
24.0
 20
1037.0
 10
20.0
 20
1037.0
  0
LWPOLYLINE
  5
907
330
8F6
100
AcDbEntity
  8
GLASS_SPACER_INSIDE_0
370
    -3
100
AcDbPolyline
 90
        6
 70
     1
 43
0.0
 10
38.8
 20
15.0
 10
25.2
 20
15.0
 10
25.2
 20
9.9
 10
27.5
 20
7.600000000000001
 10
36.5
 20
7.600000000000001
 10
38.8
 20
9.9
  0
LWPOLYLINE
  5
908
330
8F6
100
AcDbEntity
  8
GLASS_SPACER_OUTSIDE_0
370
    -3
100
AcDbPolyline
 90
        6
 70
     1
 43
0.0
 10
40.0
 20
16.2
 10
24.0
 20
16.2
 10
24.0
 20
9.4
 10
27.0
 20
6.4
 10
37.0
 20
6.4
 10
40.0
 20
9.4
  0
LWPOLYLINE
  5
909
330
8F6
100
AcDbEntity
  8
GLASS_SPACER_GASKET
370
    -3
100
AcDbPolyline
 90
        6
 70
     1
 43
0.0
 10
24.0
 20
3.0
 10
40.0
 20
3.0
 10
40.0
 20
9.4
 10
37.0
 20
6.4
 10
27.0
 20
6.4
 10
24.0
 20
9.4
  0
LWPOLYLINE
  5
90A
330
8F6
100
AcDbEntity
  8
GLASS_SPACER_INSIDE_0
370
    -3
100
AcDbPolyline
 90
        6
 70
     1
 43
0.0
 10
36.5
 20
1032.4
 10
27.5
 20
1032.4
 10
25.2
 20
1030.1
 10
25.2
 20
1025.0
 10
38.8
 20
1025.0
 10
38.8
 20
1030.1
  0
LWPOLYLINE
  5
90B
330
8F6
100
AcDbEntity
  8
GLASS_SPACER_OUTSIDE_0
370
    -3
100
AcDbPolyline
 90
        6
 70
     1
 43
0.0
 10
37.0
 20
1033.6
 10
27.0
 20
1033.6
 10
24.0
 20
1030.6
 10
24.0
 20
1023.8
 10
40.0
 20
1023.8
 10
40.0
 20
1030.6
  0
LWPOLYLINE
  5
90C
330
8F6
100
AcDbEntity
  8
GLASS_SPACER_GASKET
370
    -3
100
AcDbPolyline
 90
        6
 70
     1
 43
0.0
 10
40.0
 20
1037.0
 10
24.0
 20
1037.0
 10
24.0
 20
1030.6
 10
27.0
 20
1033.6
 10
37.0
 20
1033.6
 10
40.0
 20
1030.6
  0
LWPOLYLINE
  5
90D
330
8F6
100
AcDbEntity
  8
AIR_3
370
    -3
100
AcDbPolyline
 90
        4
 70
     1
 43
0.0
 10
24.0
 20
16.2
 10
40.0
 20
16.2
 10
40.0
 20
1037.0
 10
24.0
 20
1037.0
  0
LINE
  5
90E
330
8F6
100
AcDbEntity
  8
HATCH_GLASS
100
AcDbLine
 10
41.0
 20
3.0
 30
0.0
 11
41.0
 21
1037.0
 31
0.0
210
-1.0
220
0.0
230
0.0
  0
LINE
  5
90F
330
8F6
100
AcDbEntity
  8
HATCH_GLASS
100
AcDbLine
 10
42.0
 20
3.0
 30
0.0
 11
42.0
 21
1037.0
 31
0.0
210
-1.0
220
0.0
230
0.0
  0
LINE
  5
910
330
8F6
100
AcDbEntity
  8
HATCH_GLASS
100
AcDbLine
 10
43.0
 20
3.0
 30
0.0
 11
43.0
 21
1037.0
 31
0.0
210
-1.0
220
0.0
230
0.0
  0
LWPOLYLINE
  5
911
330
8F6
100
AcDbEntity
  8
GLASS_GLASS_4
370
    -3
100
AcDbPolyline
 90
        4
 70
     1
 43
0.0
 10
40.0
 20
3.0
 10
44.0
 20
3.0
 10
44.0
 20
1037.0
 10
40.0
 20
1037.0
  0
LWPOLYLINE
  5
912
330
8F6
100
AcDbEntity
  8
GLAZING_PACKER
370
    -3
100
AcDbPolyline
 90
        4
 70
     1
 43
0.0
 10
-1.0
 20
0.0
 10
45.0
 20
0.0
 10
45.0
 20
3.0
 10
-1.0
 20
3.0
  0
LINE
  5
913
330
8F6
100
AcDbEntity
  8
GLAZING_PACKER
100
AcDbLine
 10
-1.0
 20
0.0
 30
0.0
 11
45.0
 21
3.0
 31
0.0
210
-0.06507913734559685
220
0.9978801059658186
230
0.0
  0
LINE
  5
914
330
8F6
100
AcDbEntity
  8
GLAZING_PACKER
100
AcDbLine
 10
-1.0
 20
3.0
 30
0.0
 11
45.0
 21
0.0
 31
0.0
210
0.06507913734559685
220
0.9978801059658186
230
0.0
  0
LWPOLYLINE
  5
915
330
8F6
100
AcDbEntity
  8
GLAZING_PACKER
370
    -3
100
AcDbPolyline
 90
        4
 70
     1
 43
0.0
 10
-1.0
 20
1037.0
 10
45.0
 20
1037.0
 10
45.0
 20
1040.0
 10
-1.0
 20
1040.0
  0
LINE
  5
916
330
8F6
100
AcDbEntity
  8
GLAZING_PACKER
100
AcDbLine
 10
-1.0
 20
1037.0
 30
0.0
 11
45.0
 21
1040.0
 31
0.0
210
-0.06507913734559685
220
0.9978801059658186
230
0.0
  0
LINE
  5
917
330
8F6
100
AcDbEntity
  8
GLAZING_PACKER
100
AcDbLine
 10
-1.0
 20
1040.0
 30
0.0
 11
45.0
 21
1037.0
 31
0.0
210
0.06507913734559685
220
0.9978801059658186
230
0.0
  0
ENDBLK
  5
918
330
8F6
100
AcDbEntity
  8
0
100
AcDbBlockEnd
  0
BLOCK
  5
91D
330
91A
100
AcDbEntity
  8
0
100
AcDbBlockBegin
  2
G049P__3
 70
     0
 10
0.0
 20
0.0
 30
0.0
  3
G049P__3
  1

  0
LWPOLYLINE
  5
91E
102
{ACAD_REACTORS
330
920
102
}
330
91A
100
AcDbEntity
  8
GASKET_INSIDE
370
    -3
100
AcDbPolyline
 90
       20
 70
     1
 43
0.0
 10
2.400520511942432
 20
6.124368161561049
 42
-0.6119425492446172
 10
2.730494613071265
 20
5.990285437940253
 42
0.0447822738145033
 10
2.860982819055156
 20
3.247855589968355
 42
-0.3892269226451933
 10
2.673905572963417
 20
2.887951445822579
 10
2.272196272567729
 20
2.7417408113256
 42
0.3389071930148191
 10
1.975325731909834
 20
1.923232069589647
 42
-0.1362590974245736
 10
1.179751062379633
 20
-2.915240750008258
 42
-0.5062818997758477
 10
0.6961659733910892
 20
-2.915280667999924
 10
0.8582222165132407
 20
-2.470274768205854
 42
-0.1597275243586516
 10
0.8000000284910129
 20
-2.292669898804347
 10
0.8000000284905582
 20
-1.703100898803807
 42
0.1826758176547707
 10
0.7250000254384901
 20
-1.504669547013251
 42
-0.3205893990322565
 10
0.4282391120650573
 20
1.387252409255781
 42
-0.8403387937161986
 10
0.7130516949091543
 20
1.633723435766569
 10
1.142004938814228
 20
1.43369980707081
 42
1.000538667760936
 10
1.479708227122611
 20
2.158928256223992
 10
0.8997423444459827
 20
2.429371386582348
 42
-0.2914731899418409
 10
0.611051858978044
 20
2.882525101196062
 10
0.6110518589775893
 20
4.228505101195738
 42
-0.3048481735767188
 10
0.7355321424693457
 20
4.413698979114565
 42
0.1126419882568188
  0
LWPOLYLINE
  5
91F
102
{ACAD_REACTORS
330
920
102
}
330
91A
100
AcDbEntity
  8
GASKET_OUTSIDE
370
    -3
100
AcDbPolyline
 90
       25
 70
     1
 43
0.0
 10
3.500000028490376
 20
5.402531372234978
 10
3.489073791033206
 20
6.70836665443631
 42
0.6360670413456276
 10
2.662465380088143
 20
7.078525048085297
 42
-0.1691269536929274
 10
0.0000000284903763
 20
5.599999910875794
 10
0.0000000284862836
 20
2.299999999996721
 42
-0.4142135623730647
 10
-0.6999999715131011
 20
1.599999999999
 10
-1.499999971509624
 20
1.599999999999909
 10
-1.499999971509624
 20
1.849999999999769
 42
1.364369230887916
 10
-1.95467939121091
 20
1.706450931209031
 10
-1.680847489375013
 20
1.315377811042155
 42
-0.1539145256986398
 10
-1.499999971509624
 20
0.7418019999999634
 10
-1.499999971509624
 20
-0.9301270892770059
 42
-0.2291676863321023
 10
-1.68041384477192
 20
-1.314759002551454
 10
-1.954896503152142
 20
-1.706760999303142
 42
1.363286644388372
 10
-1.499999971509624
 20
-1.850000000000272
 10
-1.499999971509624
 20
-1.599999999999909
 10
-0.699999971509742
 20
-1.599999999999909
 42
-0.3133299188657995
 10
-0.0439479914323897
 20
-2.05587749092591
 10
0.637900799305978
 20
-3.888269968678379
 42
0.6205098876429994
 10
1.172618469575056
 20
-3.943992883749361
 42
0.1148337129646571
 10
2.634736103731484
 20
0.2528184379302747
 42
0.0133431643920728
 10
2.74513395740501
 20
-0.583060616724496
 42
0.7596112400452205
 10
3.510856260133096
 20
-0.6703837598092823
 10
3.510856260133096
 20
-0.2991751486929388
 42
-0.0725434236020908
 10
3.500000028490376
 20
4.03063077295201
  0
HATCH
  5
920
330
91A
100
AcDbEntity
  8
GASKET_HATCH
100
AcDbHatch
 10
0.0
 20
0.0
 30
0.0
210
0.0
220
0.0
230
1.0
  2
DOTS
 70
     0
 71
     1
 91
        2
 92
        7
 72
     1
 73
     1
 93
       25
 10
0.0000000284862834
 20
2.299999999996721
 42
-0.4142135623730648
 10
-0.6999999715131016
 20
1.599999999999
 42
0.0
 10
-1.499999971509624
 20
1.599999999999909
 42
0.0
 10
-1.499999971509624
 20
1.849999999999769
 42
1.364369230887811
 10
-1.954679391210931
 20
1.706450931209062
 42
0.0
 10
-1.680847489375012
 20
1.315377811042153
 42
-0.1539145256986392
 10
-1.499999971509624
 20
0.7418019999999643
 42
0.0
 10
-1.499999971509624
 20
-0.9301270892769864
 42
-0.229167686332113
 10
-1.68041384477192
 20
-1.314759002551454
 42
0.0
 10
-1.954896503152415
 20
-1.706760999303532
 42
1.363286644387009
 10
-1.499999971509624
 20
-1.850000000000271
 42
0.0
 10
-1.499999971509624
 20
-1.599999999999909
 42
0.0
 10
-0.6999999715097425
 20
-1.599999999999909
 42
-0.3133299188657996
 10
-0.0439479914323899
 20
-2.05587749092591
 42
0.0
 10
0.6379007993059778
 20
-3.888269968678378
 42
0.6205098876429995
 10
1.172618469575056
 20
-3.943992883749358
 42
0.1148337129646582
 10
2.634736103731482
 20
0.2528184379303209
 42
0.0133431643920735
 10
2.74513395740501
 20
-0.5830606167244952
 42
0.7596112400452206
 10
3.510856260133096
 20
-0.6703837598092814
 42
0.0
 10
3.510856260133096
 20
-0.2991751486929601
 42
-0.0725434236020916
 10
3.500000028490376
 20
4.030630772952037
 42
0.0
 10
3.500000028490376
 20
5.402531372234964
 42
0.0
 10
3.489073791033206
 20
6.708366654436293
 42
0.6360670413456422
 10
2.662465380088138
 20
7.078525048085291
 42
-0.1691269536929269
 10
0.0000000284903762
 20
5.599999910875795
 42
0.0
 97
        1
330
91F
 92
       22
 72
     1
 73
     1
 93
       20
 10
2.400520511942434
 20
6.124368161561051
 42
-0.6119425492417068
 10
2.730494613071356
 20
5.990285437942521
 42
0.0447822738145402
 10
2.860982819055154
 20
3.247855589968362
 42
-0.3892269226451996
 10
2.673905572963418
 20
2.887951445822579
 42
0.0
 10
2.272196272567729
 20
2.7417408113256
 42
0.3389071930147548
 10
1.97532573190982
 20
1.923232069589791
 42
-0.1362590974245777
 10
1.179751062379634
 20
-2.915240750008256
 42
-0.5062818997758494
 10
0.6961659733910892
 20
-2.915280667999924
 42
0.0
 10
0.8582222165132407
 20
-2.470274768205854
 42
-0.1597275243586523
 10
0.8000000284910129
 20
-2.292669898804346
 42
0.0
 10
0.8000000284905582
 20
-1.703100898803806
 42
0.1826758176547702
 10
0.7250000254384894
 20
-1.504669547013251
 42
-0.3205893990322563
 10
0.4282391120650571
 20
1.387252409255781
 42
-0.8403387937161961
 10
0.7130516949091539
 20
1.633723435766569
 42
0.0
 10
1.142004938814573
 20
1.433699807070649
 42
1.000538667761419
 10
1.479708227122775
 20
2.158928256223915
 42
0.0
 10
0.8997423444459804
 20
2.429371386582349
 42
-0.2914731899418401
 10
0.611051858978044
 20
2.882525101196063
 42
0.0
 10
0.6110518589775893
 20
4.228505101195745
 42
-0.3048481735767136
 10
0.735532142469348
 20
4.413698979114566
 42
0.1126419882568188
 97
        1
330
91E
 75
     0
 76
     1
 52
0.0
 41
0.2
 77
     0
 78
     1
 53
0.0
 43
-16.41138572401394
 44
0.0
 45
0.15875
 46
0.3175
 79
     2
 49
0.0
 49
-0.3175
 47
0.0261104134454741
 98
        2
 10
0.6509302176297922
 20
4.827339438251286
 10
0.6509302176297922
 20
4.827339438251286
1001
GRADIENTCOLOR1ACI
1070
     5
1001
GRADIENTCOLOR2ACI
1070
     2
1001
ACAD
1010
0.0
1020
0.0
1030
0.0
  0
ENDBLK
  5
921
330
91A
100
AcDbEntity
  8
0
100
AcDbBlockEnd
  0
BLOCK
  5
924
330
923
100
AcDbEntity
  8
0
100
AcDbBlockBegin
  2
76507____S_3_0
 70
     0
 10
0.0
 20
0.0
 30
0.0
  3
76507____S_3_0
  1

  0
LWPOLYLINE
  5
925
330
923
100
AcDbEntity
  8
PVC_INSIDE
  6
Continuous
370
    -3
100
AcDbPolyline
 90
       12
 70
     1
 43
0.0
 10
-8.170809320348326
 20
15.11592549878765
 10
-4.14694936745309
 20
14.03773498113787
 42
-0.3395462920397197
 10
-1.699999999999818
 20
10.84989799999994
 10
-1.699999999999818
 20
2.351550000000088
 42
-0.4338479961460253
 10
-2.233259353290578
 20
1.852657410940537
 10
-2.888552418611653
 20
1.896342959605363
 42
0.3380643120390152
 10
-4.606950096660967
 20
0.7547173936711715
 42
-0.6738452455485506
 10
-5.162249414451708
 20
0.7247917884787967
 42
0.2903564114188399
 10
-6.699999999999818
 20
1.700000000000045
 10
-8.300000000000182
 20
1.700000000000045
 42
-0.4142135623730951
 10
-8.800000000000182
 20
2.200000000000045
 10
-8.800000000000182
 20
14.63290400000005
 42
-0.493004611837969
  0
LWPOLYLINE
  5
926
330
923
100
AcDbEntity
  8
PVC_OUTSIDE
370
    -3
100
AcDbPolyline
 90
       20
 70
     1
 43
0.0
 10
-3.707219321535376
 20
15.6798791715355
 10
-10.5
 20
17.5
 10
-10.5
 20
15.90000000000009
 10
-10.5
 20
0.0
 10
-6.699999999999818
 20
0.0
 10
-6.699999999999818
 20
-0.9171580000004269
 42
0.1994957695589895
 10
-6.641103574342651
 20
-1.058896425657395
 10
-6.257192574342753
 20
-1.442807425657065
 42
0.1869943406260368
 10
-6.124829404668617
 20
-1.500877922038626
 42
-0.4801875604861707
 10
-5.200797110385793
 20
-2.758818808771139
 10
-5.875714228467587
 20
-5.27764562528273
 42
-0.3394543437705078
 10
-6.165492000000086
 20
-5.5
 10
-7.150000000000091
 20
-5.5
 42
1.0
 10
-7.150000000000091
 20
-7.0
 10
-5.70144399999981
 20
-7.0
 42
0.3394542925401197
 10
-4.155962627917233
 20
-5.814110285487459
 10
-3.0
 20
-1.5
 10
-3.0
 20
0.2000000000000455
 10
0.0
 20
0.0
 10
0.0
 20
10.84989799999994
 42
0.3395301446938772
  0
LWPOLYLINE
  5
927
330
923
100
AcDbEntity
  8
GASKET_OUTSIDE
370
    -3
100
AcDbPolyline
 90
        4
 70
     1
 43
0.0
 10
-10.5
 20
11.90000000000009
 10
-12.75
 20
11.90000000000009
 42
0.8207824910499593
 10
-13.03684082804079
 20
10.45701923593174
 10
-10.5
 20
9.200000000000045
  0
HATCH
  5
928
330
923
100
AcDbEntity
  8
GASKET_HATCH
370
    -1
100
AcDbHatch
 10
0.0
 20
0.0
 30
0.0
210
0.0
220
0.0
230
1.0
  2
DOTS
 70
     0
 71
     0
 91
        2
 92
        1
 93
        4
 72
     1
 10
-10.5
 20
11.90000000000009
 11
-12.74999999999994
 21
11.90000000000009
 72
     2
 10
-12.74999999999994
 20
11.15000000000009
 40
0.75
 50
90.0
 51
247.5141957926394
 73
     1
 72
     1
 10
-13.03684088786991
 20
10.45701926069637
 11
-10.5
 21
9.200000000000045
 72
     1
 10
-10.5
 20
9.200000000000045
 11
-10.5
 21
11.90000000000009
 97
        0
 92
        1
 93
        4
 72
     2
 10
-13.08777045774747
 20
20.65004307126173
 40
0.4124882419260692
 50
49.87837824782248
 51
177.9706708939155
 73
     1
 72
     2
 10
-5.228303222556406
 20
22.5460344064561
 40
8.482957969482952
 50
192.8138398548222
 51
231.5782242389101
 73
     1
 72
     1
 10
-10.5
 20
15.89999882133429
 11
-10.5
 21
17.49999988356558
 72
     2
 10
-5.355911092752876
 20
23.45730405985091
 40
7.870903616132622
 50
130.8103701142573
 51
161.543243120542
 73
     0
 97
        0
 75
     0
 76
     1
 52
0.0
 41
0.5
 77
     0
 78
     1
 53
0.0
 43
274.9509981767253
 44
-1490.448778765983
 45
0.396875
 46
0.79375
 79
     2
 49
0.0
 49
-0.79375
 98
        2
 10
-11.38361576595503
 20
10.7224995730769
 10
-10.99188750361759
 20
17.76996854616959
1001
GRADIENTCOLOR1ACI
1070
     5
1001
GRADIENTCOLOR2ACI
1070
     2
1001
ACAD
1010
0.0
1020
0.0
1030
0.0
  0
LWPOLYLINE
  5
929
330
923
100
AcDbEntity
  8
GASKET_OUTSIDE
370
    -3
100
AcDbPolyline
 90
        4
 70
     1
 43
0.0
 10
-12.82195798461254
 20
20.96546386774344
 42
0.6254294354751928
 10
-13.49999999999994
 20
20.66464972116614
 42
0.1714976193992692
 10
-10.5
 20
15.89999882133429
 10
-10.5
 20
17.49999988356558
 42
-0.1295748455558026
  0
POINT
  5
92A
330
923
100
AcDbEntity
  8
ASSEMBLY
  6
Continuous
 62
    11
370
    -1
100
AcDbPoint
 10
-10.5
 20
17.5
 30
0.0
  0
POINT
  5
92B
330
923
100
AcDbEntity
  8
ASSEMBLY
  6
Continuous
 62
    10
370
    -1
100
AcDbPoint
 10
0.0
 20
0.0
 30
0.0
  0
DIMENSION
  5
92C
330
923
100
AcDbEntity
  8
BEMASSUNG
100
AcDbDimension
280
     0
  2
*D34
 10
-0.0000000000000008
 20
-13.62471790311832
 30
0.0
 11
-5.25
 21
-11.09299893995325
 31
0.0
 70
    32
 71
     5
 42
10.5
 73
     0
 74
     0
 75
     0
  3
PROFINE1ZU1
100
AcDbAlignedDimension
 13
-10.5
 23
0.0
 33
0.0
 14
0.0
 24
0.0
 34
0.0
100
AcDbRotatedDimension
  0
DIMENSION
  5
939
330
923
100
AcDbEntity
  8
BEMASSUNG
100
AcDbDimension
280
     0
  2
*D35
 10
10.86936751155134
 20
17.5
 30
0.0
 11
8.33764854838626
 21
8.75
 31
0.0
 70
    32
 71
     5
 42
17.5
 73
     0
 74
     0
 75
     0
  3
PROFINE1ZU1
100
AcDbAlignedDimension
 13
0.0
 23
0.0
 33
0.0
 14
0.0
 24
17.5
 34
0.0
 50
90.0
100
AcDbRotatedDimension
  0
ENDBLK
  5
946
330
923
100
AcDbEntity
  8
0
100
AcDbBlockEnd
  0
BLOCK
  5
92E
330
92D
100
AcDbEntity
  8
0
370
     0
100
AcDbBlockBegin
  2
*D34
 70
     1
 10
0.0
 20
0.0
 30
0.0
  3
*D34
  1

  0
LINE
  5
92F
330
92D
100
AcDbEntity
  8
BEMASSUNG
 62
     2
370
    -2
100
AcDbLine
 10
-10.5
 20
-1.0
 30
0.0
 11
-10.5
 21
-14.62471790311832
 31
0.0
  0
LINE
  5
930
330
92D
100
AcDbEntity
  8
BEMASSUNG
 62
     2
370
    -2
100
AcDbLine
 10
-0.0000000000000001
 20
-1.0
 30
0.0
 11
-0.0000000000000009
 21
-14.62471790311832
 31
0.0
  0
LINE
  5
931
330
92D
100
AcDbEntity
  8
BEMASSUNG
 62
     2
370
    -2
100
AcDbLine
 10
-7.5
 20
-13.62471790311832
 30
0.0
 11
-3.000000000000001
 21
-13.62471790311832
 31
0.0
  0
INSERT
  5
932
330
92D
100
AcDbEntity
  8
BEMASSUNG
 62
     2
370
    -2
100
AcDbBlockReference
  2
_OPEN
 10
-10.5
 20
-13.62471790311832
 30
0.0
 41
3.0
 42
3.0
 43
3.0
 50
180.0
  0
INSERT
  5
933
330
92D
100
AcDbEntity
  8
BEMASSUNG
 62
     2
370
    -2
100
AcDbBlockReference
  2
_OPEN
 10
-0.0000000000000008
 20
-13.62471790311832
 30
0.0
 41
3.0
 42
3.0
 43
3.0
  0
MTEXT
  5
934
330
92D
100
AcDbEntity
  8
BEMASSUNG
 62
     0
100
AcDbMText
 10
-5.25
 20
-11.09299893995325
 30
0.0
 40
3.0
 41
0.0
 46
0.0
 71
     5
 72
     1
  1
10.5
  7
PROFINE 1
 73
     1
 44
1.0
  0
POINT
  5
935
330
92D
100
AcDbEntity
  8
Defpoints
 62
     0
370
     0
100
AcDbPoint
 10
-10.5
 20
0.0
 30
0.0
  0
POINT
  5
936
330
92D
100
AcDbEntity
  8
Defpoints
 62
     0
370
     0
100
AcDbPoint
 10
0.0
 20
0.0
 30
0.0
  0
POINT
  5
937
330
92D
100
AcDbEntity
  8
Defpoints
 62
     0
370
     0
100
AcDbPoint
 10
-0.0000000000000008
 20
-13.62471790311832
 30
0.0
  0
ENDBLK
  5
938
330
92D
100
AcDbEntity
  8
0
370
     0
100
AcDbBlockEnd
  0
BLOCK
  5
93B
330
93A
100
AcDbEntity
  8
0
370
     0
100
AcDbBlockBegin
  2
*D35
 70
     1
 10
0.0
 20
0.0
 30
0.0
  3
*D35
  1

  0
LINE
  5
93C
330
93A
100
AcDbEntity
  8
BEMASSUNG
 62
     2
370
    -2
100
AcDbLine
 10
1.0
 20
-0.0000000000000003
 30
0.0
 11
11.86936751155134
 21
-0.0000000000000034
 31
0.0
  0
LINE
  5
93D
330
93A
100
AcDbEntity
  8
BEMASSUNG
 62
     2
370
    -2
100
AcDbLine
 10
1.0
 20
17.5
 30
0.0
 11
11.86936751155134
 21
17.5
 31
0.0
  0
LINE
  5
93E
330
93A
100
AcDbEntity
  8
BEMASSUNG
 62
     2
370
    -2
100
AcDbLine
 10
10.86936751155134
 20
2.999999999999997
 30
0.0
 11
10.86936751155134
 21
14.5
 31
0.0
  0
INSERT
  5
93F
330
93A
100
AcDbEntity
  8
BEMASSUNG
 62
     2
370
    -2
100
AcDbBlockReference
  2
_OPEN
 10
10.86936751155134
 20
-0.0000000000000031
 30
0.0
 41
3.0
 42
3.0
 43
3.0
 50
270.0
  0
INSERT
  5
940
330
93A
100
AcDbEntity
  8
BEMASSUNG
 62
     2
370
    -2
100
AcDbBlockReference
  2
_OPEN
 10
10.86936751155134
 20
17.5
 30
0.0
 41
3.0
 42
3.0
 43
3.0
 50
90.0
  0
MTEXT
  5
941
330
93A
100
AcDbEntity
  8
BEMASSUNG
 62
     0
100
AcDbMText
 10
8.33764854838626
 20
8.75
 30
0.0
 40
3.0
 41
0.0
 46
0.0
 71
     5
 72
     1
  1
17.5
  7
PROFINE 1
 11
6.123233995736766E-17
 21
1.0
 31
0.0
 73
     1
 44
1.0
  0
POINT
  5
942
330
93A
100
AcDbEntity
  8
Defpoints
 62
     0
370
     0
100
AcDbPoint
 10
0.0
 20
0.0
 30
0.0
  0
POINT
  5
943
330
93A
100
AcDbEntity
  8
Defpoints
 62
     0
370
     0
100
AcDbPoint
 10
0.0
 20
17.5
 30
0.0
  0
POINT
  5
944
330
93A
100
AcDbEntity
  8
Defpoints
 62
     0
370
     0
100
AcDbPoint
 10
10.86936751155134
 20
17.5
 30
0.0
  0
ENDBLK
  5
945
330
93A
100
AcDbEntity
  8
0
370
     0
100
AcDbBlockEnd
  0
BLOCK
  5
94B
330
948
100
AcDbEntity
  8
0
100
AcDbBlockBegin
  2
G050P__1
 70
     0
 10
0.0
 20
0.0
 30
0.0
  3
G050P__1
  1

  0
HATCH
  5
94C
330
948
100
AcDbEntity
  8
GASKET_HATCH
100
AcDbHatch
 10
0.0
 20
0.0
 30
0.0
210
0.0
220
0.0
230
1.0
  2
DOTS
 70
     0
 71
     1
 91
        1
 92
        1
 93
       30
 72
     1
 10
0.8000000000054115
 20
4.132180490299106
 11
0.800000000006321
 21
2.200000000000728
 72
     2
 10
-0.6999999999936244
 20
2.200000000000406
 40
1.499999999999945
 50
359.9999999999878
 51
396.8698976458564
 73
     0
 72
     2
 10
2.10000000000625
 20
0.1000000000001364
 40
2.000000000000116
 50
143.1301023541569
 51
216.8698976458431
 73
     1
 72
     2
 10
-0.6999999999935749
 20
-2.000000000000117
 40
1.499999999999896
 50
323.130102354143
 51
359.9999999999782
 73
     0
 72
     1
 10
0.800000000006321
 20
-1.999999999999545
 11
0.800000000006321
 21
-3.799999999999727
 72
     2
 10
0.600000000006288
 20
-3.799999999999967
 40
0.200000000000033
 50
359.9999999999313
 51
449.9999999999384
 73
     0
 72
     1
 10
0.6000000000065029
 20
-4.0
 11
0.2000000000064119
 21
-4.0
 72
     2
 10
0.200000000006412
 20
-3.799999999999727
 40
0.2000000000002729
 50
90.0
 51
180.0
 73
     0
 72
     1
 10
0.0000000000061391
 20
-3.799999999999727
 11
0.0000000000061391
 21
-2.299999999999727
 72
     2
 10
-0.6999999999937041
 20
-2.299999999999752
 40
0.6999999999998432
 50
0.0000000000020492
 51
89.99999999999795
 73
     1
 72
     1
 10
-0.699999999993679
 20
-1.599999999999909
 11
-1.499999999993861
 21
-1.599999999999909
 72
     1
 10
-1.499999999993861
 20
-1.599999999999909
 11
-1.499999999993861
 21
-1.849999999999909
 72
     2
 10
-1.749999999993786
 20
-1.849999999999979
 40
0.2499999999999249
 50
359.999999999984
 51
574.956606795965
 73
     0
 72
     1
 10
-1.954896552466607
 20
-1.706761029099198
 11
-1.499999999993861
 21
-1.057100999999875
 72
     1
 10
-1.499999999993861
 20
-1.057100999999875
 11
-1.499999999993861
 21
1.057102000000214
 72
     1
 10
-1.499999999993861
 20
1.057102000000214
 11
-1.954679336715117
 21
1.706450812892854
 72
     2
 10
-1.749999999993674
 20
1.85000000000019
 40
0.2499999999998134
 50
144.9566006146958
 51
360.0000000000644
 73
     0
 72
     1
 10
-1.499999999993861
 20
1.849999999999909
 11
-1.499999999993861
 21
1.599999999999909
 72
     1
 10
-1.499999999993861
 20
1.599999999999909
 11
-0.699999999993679
 21
1.600000000003547
 72
     2
 10
-0.6999999999964424
 20
2.30000000000249
 40
0.6999999999989435
 50
270.0000000002261
 51
359.9999999999226
 73
     1
 72
     1
 10
0.0000000000025011
 20
2.300000000001546
 11
0.0000000000061391
 21
5.599999999999909
 72
     1
 10
0.0000000000061391
 20
5.599999999999909
 11
3.517487579085127
 21
5.494627045848119
 72
     2
 10
3.500037836364514
 20
4.994931632141933
 40
0.5000000000000129
 50
271.9999993543832
 51
359.9999999999696
 73
     0
 72
     1
 10
4.000037836364527
 20
4.994931632142197
 11
4.000037836364527
 21
0.1167450651046238
 72
     2
 10
3.363843697394263
 20
0.2500005248041909
 40
0.6499999999998908
 50
11.82999074994415
 51
214.3335490248936
 73
     0
 72
     2
 10
2.661749339560677
 20
0.7291279999991668
 40
0.2000000000004105
 50
325.7637905384005
 51
352.0427170398739
 73
     1
 72
     1
 10
2.859823650447879
 20
0.7014410469937502
 11
2.859823650447879
 21
3.979162235028525
 72
     2
 10
2.359823650447941
 20
3.979162235028537
 40
0.4999999999999378
 50
359.9999999999987
 51
459.9999722553044
 73
     1
 72
     1
 10
2.272999800054322
 20
4.471566153577896
 11
0.9652704828570222
 21
4.329142085139665
 72
     2
 10
1.000000027849336
 20
4.132180490298952
 40
0.2000000278439249
 50
99.9999722552546
 51
179.9999999999556
 73
     1
 97
        1
330
94D
 75
     0
 76
     1
 52
0.0
 41
0.2
 77
     0
 78
     1
 53
0.0
 43
-535.0966156789827
 44
-1570.857397773741
 45
0.15875
 46
0.3175
 79
     2
 49
0.0
 49
-0.3175
 98
        1
 10
-1640.837113810553
 20
3812.016168187993
1001
GRADIENTCOLOR1ACI
1070
     5
1001
GRADIENTCOLOR2ACI
1070
     2
1001
ACAD
1010
0.0
1020
0.0
1030
0.0
  0
LWPOLYLINE
  5
94D
102
{ACAD_REACTORS
330
94C
102
}
330
948
100
AcDbEntity
  8
GASKET_OUTSIDE
370
    -3
100
AcDbPolyline
 90
       30
 70
     1
 43
0.0
 10
0.8000000000054115
 20
4.132180490299106
 10
0.800000000006321
 20
2.200000000000728
 42
-0.1622776601684893
 10
0.5000000000061391
 20
1.300000000000182
 42
0.3333333333333249
 10
0.5000000000061391
 20
-1.099999999999909
 42
-0.1622776601683393
 10
0.800000000006321
 20
-1.999999999999545
 10
0.800000000006321
 20
-3.799999999999727
 42
-0.4142135623731315
 10
0.6000000000065029
 20
-4.0
 10
0.2000000000064119
 20
-4.0
 42
-0.414213562373095
 10
0.0000000000061391
 20
-3.799999999999727
 10
0.0000000000061391
 20
-2.299999999999727
 42
0.4142135623730741
 10
-0.699999999993679
 20
-1.599999999999909
 10
-1.499999999993861
 20
-1.599999999999909
 10
-1.499999999993861
 20
-1.849999999999909
 42
-1.36328654046476
 10
-1.954896552466607
 20
-1.706761029099198
 10
-1.499999999993861
 20
-1.057100999999875
 10
-1.499999999993861
 20
1.057102000000214
 10
-1.954679336715117
 20
1.706450812892854
 42
-1.364369644417947
 10
-1.499999999993861
 20
1.849999999999909
 10
-1.499999999993861
 20
1.599999999999909
 10
-0.699999999993679
 20
1.600000000003547
 42
0.4142135623715437
 10
0.0000000000025011
 20
2.300000000001546
 10
0.0000000000061391
 20
5.599999999999909
 10
3.517487579085127
 20
5.494627045848119
 42
-0.4040262291118823
 10
4.000037836364527
 20
4.994931632142197
 10
4.000037836364527
 20
0.1167450651046238
 42
-1.218542104319345
 10
2.827094376935065
 20
0.6166068081470257
 42
0.1151686252150231
 10
2.859823650447879
 20
0.7014410469937502
 10
2.859823650447879
 20
3.979162235028525
 42
0.4663075107725149
 10
2.272999800054322
 20
4.471566153577896
 10
0.9652704828570222
 20
4.329142085139665
 42
0.3639703713625267
  0
ENDBLK
  5
94E
330
948
100
AcDbEntity
  8
0
100
AcDbBlockEnd
  0
BLOCK
  5
951
330
950
100
AcDbEntity
  8
0
100
AcDbBlockBegin
  2
V306
 70
     0
 10
0.0
 20
0.0
 30
0.0
  3
V306
  1

  0
HATCH
  5
952
330
950
100
AcDbEntity
  8
STEEL_HATCH
370
    -1
100
AcDbHatch
 10
0.0
 20
0.0
 30
0.0
210
0.0
220
0.0
230
1.0
  2
ANSI31
 70
     0
 71
     0
 91
        1
 92
        1
 93
       21
 72
     1
 10
-2.499999999999996
 20
0.0
 11
-30.0
 21
0.0
 72
     2
 10
-29.99999999999994
 20
-2.499999999999964
 40
2.499999999999964
 50
90.0000000000013
 51
190.054263898499
 73
     1
 72
     1
 10
-32.46160713002246
 20
-2.936451987533701
 11
-30.56190826842567
 21
-13.65083856539377
 72
     2
 10
-32.53119399999994
 20
-14.00000000000009
 40
1.999999999999595
 50
349.9457406234171
 51
370.054262979255
 73
     0
 72
     1
 10
-30.56190829038041
 20
-14.34916155843212
 11
-30.56190800000013
 21
-14.34916100000009
 72
     1
 10
-30.56190800000013
 20
-14.34916100000009
 11
-32.46160713702466
 21
-25.06354805195997
 72
     2
 10
-29.99999999999991
 20
-25.50000000000016
 40
2.499999999999842
 50
169.9457370207429
 51
269.9999999999981
 73
     1
 72
     1
 10
-30.0
 20
-28.0
 11
-24.5
 21
-28.0
 72
     1
 10
-24.5
 20
-28.0
 11
-24.5
 21
-26.5
 72
     1
 10
-24.5
 20
-26.5
 11
-30.0
 21
-26.5
 72
     2
 10
-29.99999999999994
 20
-25.50000000000001
 40
0.9999999999999947
 50
90.00000000000325
 51
190.0542577946852
 73
     0
 72
     1
 10
-30.98464287060733
 20
-25.32541930988214
 11
-29.08478477221615
 21
-14.61013394811539
 72
     2
 10
-32.53119400000017
 20
-13.99999999999937
 40
3.499999999999787
 50
349.9606793672359
 51
370.0542587139184
 73
     1
 72
     1
 10
-29.08494396267769
 20
-13.38896752929645
 11
-30.98464286869921
 21
-2.674580700879233
 72
     2
 10
-29.99999999999991
 20
-2.499999999999943
 40
0.9999999999999419
 50
169.9457415791136
 51
269.9999999999951
 73
     0
 72
     1
 10
-30.0
 20
-1.5
 11
-2.499999999999996
 21
-1.5
 72
     2
 10
-2.499999999999996
 20
-2.5
 40
1.0
 50
270.0
 51
360.0
 73
     0
 72
     1
 10
-1.499999999999996
 20
-2.5
 11
-1.499999999999996
 21
-28.0
 72
     1
 10
-1.499999999999996
 20
-28.0
 11
0.0
 21
-28.0
 72
     1
 10
0.0
 20
-28.0
 11
0.0
 21
-2.5
 72
     2
 10
-2.500000000000053
 20
-2.500000000000057
 40
2.500000000000057
 50
0.0000000000013028
 51
89.9999999999987
 73
     1
 97
        0
 75
     0
 76
     1
 52
0.0
 41
0.4
 77
     0
 78
     1
 53
45.0
 43
-155.8864703399402
 44
-40.45384243003786
 45
-0.8980256121069152
 46
0.8980256121069154
 79
     0
 98
        1
 10
-155.8864703399402
 20
-40.45384243003786
1001
GRADIENTCOLOR1ACI
1070
     5
1001
GRADIENTCOLOR2ACI
1070
     2
1001
ACAD
1010
0.0
1020
0.0
1030
0.0
  0
LWPOLYLINE
  5
953
330
950
100
AcDbEntity
  8
STEEL_OUTSIDE
370
    -3
100
AcDbPolyline
 90
       21
 70
     1
 43
0.0
 10
-2.499999999999996
 20
0.0
 10
-30.0
 20
0.0
 42
0.4665959450531719
 10
-32.46160713002246
 20
-2.936451987533701
 10
-30.56190826842566
 20
-13.65083856539377
 42
-0.0879658258682123
 10
-30.56190829038041
 20
-14.34916155843212
 10
-30.56190800000013
 20
-14.34916100000009
 10
-32.46160713702466
 20
-25.06354805195997
 42
0.4665959401689887
 10
-30.0
 20
-28.0
 10
-24.5
 20
-28.0
 10
-24.5
 20
-26.5
 10
-30.0
 20
-26.5
 42
-0.4665959126219509
 10
-30.98464287060733
 20
-25.32541930988214
 10
-29.08478477221615
 20
-14.61013394811539
 42
0.0879001205416586
 10
-29.08494396267769
 20
-13.38896752929645
 10
-30.98464286869921
 20
-2.674580700879233
 42
-0.4665959159491184
 10
-30.0
 20
-1.5
 10
-2.499999999999996
 20
-1.5
 42
-0.4142135623730951
 10
-1.499999999999996
 20
-2.5
 10
-1.499999999999996
 20
-28.0
 10
0.0
 20
-28.0
 10
0.0
 20
-2.5
 42
0.4142135623730817
  0
DIMENSION
  5
954
330
950
100
AcDbEntity
  8
BEMASSUNG
100
AcDbDimension
280
     0
  2
*D38
 10
-0.0000000000000004
 20
-33.85787923434776
 30
0.0
 11
9.600954979536153
 21
-31.32616027118268
 31
0.0
 70
    32
 71
     5
 42
1.5
 73
     0
 74
     0
 75
     0
  3
PROFINE1ZU1
100
AcDbAlignedDimension
 13
-1.5
 23
-28.0
 33
0.0
 14
0.0
 24
-28.0
 34
0.0
100
AcDbRotatedDimension
1001
ACAD
1000
DSTYLE
1002
{
1070
   271
1070
     1
1002
}
  0
DIMENSION
  5
963
330
950
100
AcDbEntity
  8
BEMASSUNG
100
AcDbDimension
280
     0
  2
*D39
 10
-40.73299514342857
 20
-28.0
 30
0.0
 11
-40.73299514342857
 21
-14.0
 31
0.0
 70
   160
 71
     5
 42
28.0
 73
     0
 74
     0
 75
     0
  3
PROFINE1ZU1
100
AcDbAlignedDimension
 13
-32.49906220389367
 23
0.0
 33
0.0
 14
-32.49906220389367
 24
-28.0
 34
0.0
 50
90.0
100
AcDbRotatedDimension
1001
ACAD
1000
DSTYLE
1002
{
1070
   271
1070
     1
1002
}
  0
DIMENSION
  5
970
330
950
100
AcDbEntity
  8
BEMASSUNG
100
AcDbDimension
280
     0
  2
*D40
 10
-32.49906220389367
 20
7.761913345716298
 30
0.0
 11
-17.06691164237575
 21
7.761913345716298
 31
0.0
 70
   160
 71
     5
 42
32.49906220389367
 73
     0
 74
     0
 75
     0
  3
PROFINE1ZU1
100
AcDbAlignedDimension
 13
0.0
 23
0.0
 33
0.0
 14
-32.49906220389367
 24
0.0
 34
0.0
100
AcDbRotatedDimension
1001
ACAD
1000
DSTYLE
1002
{
1070
   271
1070
     1
1002
}
  0
ENDBLK
  5
97D
330
950
100
AcDbEntity
  8
0
100
AcDbBlockEnd
  0
BLOCK
  5
956
330
955
100
AcDbEntity
  8
0
370
     0
100
AcDbBlockBegin
  2
*D38
 70
     1
 10
0.0
 20
0.0
 30
0.0
  3
*D38
  1

  0
LINE
  5
957
330
955
100
AcDbEntity
  8
BEMASSUNG
 62
     2
370
    -2
100
AcDbLine
 10
-1.5
 20
-29.0
 30
0.0
 11
-1.5
 21
-34.85787923434776
 31
0.0
  0
LINE
  5
958
330
955
100
AcDbEntity
  8
BEMASSUNG
 62
     2
370
    -2
100
AcDbLine
 10
-0.0000000000000001
 20
-29.0
 30
0.0
 11
-0.0000000000000004
 21
-34.85787923434776
 31
0.0
  0
LINE
  5
959
330
955
100
AcDbEntity
  8
BEMASSUNG
 62
     2
370
    -2
100
AcDbLine
 10
-4.5
 20
-33.85787923434776
 30
0.0
 11
-7.5
 21
-33.85787923434776
 31
0.0
  0
LINE
  5
95A
330
955
100
AcDbEntity
  8
BEMASSUNG
 62
     2
370
    -2
100
AcDbLine
 10
3.0
 20
-33.85787923434776
 30
0.0
 11
13.20190995907231
 21
-33.85787923434776
 31
0.0
  0
LINE
  5
95B
330
955
100
AcDbEntity
  8
BEMASSUNG
 62
     2
370
    -2
100
AcDbLine
 10
-1.5
 20
-33.85787923434776
 30
0.0
 11
-0.0000000000000004
 21
-33.85787923434776
 31
0.0
  0
INSERT
  5
95C
330
955
100
AcDbEntity
  8
BEMASSUNG
 62
     2
370
    -2
100
AcDbBlockReference
  2
_OPEN
 10
-1.5
 20
-33.85787923434776
 30
0.0
 41
3.0
 42
3.0
 43
3.0
  0
INSERT
  5
95D
330
955
100
AcDbEntity
  8
BEMASSUNG
 62
     2
370
    -2
100
AcDbBlockReference
  2
_OPEN
 10
-0.0000000000000004
 20
-33.85787923434776
 30
0.0
 41
3.0
 42
3.0
 43
3.0
 50
180.0
  0
MTEXT
  5
95E
330
955
100
AcDbEntity
  8
BEMASSUNG
 62
     0
100
AcDbMText
 10
9.600954979536153
 20
-31.32616027118268
 30
0.0
 40
3.0
 41
0.0
 46
0.0
 71
     5
 72
     1
  1
1.5
 73
     1
 44
1.0
  0
POINT
  5
95F
330
955
100
AcDbEntity
  8
Defpoints
 62
     0
370
     0
100
AcDbPoint
 10
-1.5
 20
-28.0
 30
0.0
  0
POINT
  5
960
330
955
100
AcDbEntity
  8
Defpoints
 62
     0
370
     0
100
AcDbPoint
 10
0.0
 20
-28.0
 30
0.0
  0
POINT
  5
961
330
955
100
AcDbEntity
  8
Defpoints
 62
     0
370
     0
100
AcDbPoint
 10
-0.0000000000000004
 20
-33.85787923434776
 30
0.0
  0
ENDBLK
  5
962
330
955
100
AcDbEntity
  8
0
370
     0
100
AcDbBlockEnd
  0
BLOCK
  5
965
330
964
100
AcDbEntity
  8
0
370
     0
100
AcDbBlockBegin
  2
*D39
 70
     1
 10
0.0
 20
0.0
 30
0.0
  3
*D39
  1

  0
LINE
  5
966
330
964
100
AcDbEntity
  8
BEMASSUNG
 62
     2
370
    -2
100
AcDbLine
 10
-33.49906220389367
 20
0.0000000000000003
 30
0.0
 11
-41.73299514342857
 21
0.0000000000000026
 31
0.0
  0
LINE
  5
967
330
964
100
AcDbEntity
  8
BEMASSUNG
 62
     2
370
    -2
100
AcDbLine
 10
-33.49906220389367
 20
-28.0
 30
0.0
 11
-41.73299514342857
 21
-28.0
 31
0.0
  0
LINE
  5
968
330
964
100
AcDbEntity
  8
BEMASSUNG
 62
     2
370
    -2
100
AcDbLine
 10
-40.73299514342857
 20
-2.999999999999998
 30
0.0
 11
-40.73299514342857
 21
-25.0
 31
0.0
  0
INSERT
  5
969
330
964
100
AcDbEntity
  8
BEMASSUNG
 62
     2
370
    -2
100
AcDbBlockReference
  2
_OPEN
 10
-40.73299514342857
 20
0.0000000000000023
 30
0.0
 41
3.0
 42
3.0
 43
3.0
 50
90.0
  0
INSERT
  5
96A
330
964
100
AcDbEntity
  8
BEMASSUNG
 62
     2
370
    -2
100
AcDbBlockReference
  2
_OPEN
 10
-40.73299514342857
 20
-28.0
 30
0.0
 41
3.0
 42
3.0
 43
3.0
 50
270.0
  0
MTEXT
  5
96B
330
964
100
AcDbEntity
  8
BEMASSUNG
 62
     0
100
AcDbMText
 10
-43.26471410659364
 20
-14.0
 30
0.0
 40
3.0
 41
0.0
 46
0.0
 71
     5
 72
     1
  1
28
 11
6.123233995736766E-17
 21
1.0
 31
0.0
 73
     1
 44
1.0
  0
POINT
  5
96C
330
964
100
AcDbEntity
  8
Defpoints
 62
     0
370
     0
100
AcDbPoint
 10
-32.49906220389367
 20
0.0
 30
0.0
  0
POINT
  5
96D
330
964
100
AcDbEntity
  8
Defpoints
 62
     0
370
     0
100
AcDbPoint
 10
-32.49906220389367
 20
-28.0
 30
0.0
  0
POINT
  5
96E
330
964
100
AcDbEntity
  8
Defpoints
 62
     0
370
     0
100
AcDbPoint
 10
-40.73299514342857
 20
-28.0
 30
0.0
  0
ENDBLK
  5
96F
330
964
100
AcDbEntity
  8
0
370
     0
100
AcDbBlockEnd
  0
BLOCK
  5
972
330
971
100
AcDbEntity
  8
0
370
     0
100
AcDbBlockBegin
  2
*D40
 70
     1
 10
0.0
 20
0.0
 30
0.0
  3
*D40
  1

  0
LINE
  5
973
330
971
100
AcDbEntity
  8
BEMASSUNG
 62
     2
370
    -2
100
AcDbLine
 10
0.0000000000000001
 20
1.0
 30
0.0
 11
0.0000000000000005
 21
8.761913345716298
 31
0.0
  0
LINE
  5
974
330
971
100
AcDbEntity
  8
BEMASSUNG
 62
     2
370
    -2
100
AcDbLine
 10
-32.49906220389367
 20
1.0
 30
0.0
 11
-32.49906220389367
 21
8.761913345716298
 31
0.0
  0
LINE
  5
975
330
971
100
AcDbEntity
  8
BEMASSUNG
 62
     2
370
    -2
100
AcDbLine
 10
-3.0
 20
7.761913345716298
 30
0.0
 11
-29.49906220389367
 21
7.761913345716298
 31
0.0
  0
INSERT
  5
976
330
971
100
AcDbEntity
  8
BEMASSUNG
 62
     2
370
    -2
100
AcDbBlockReference
  2
_OPEN
 10
0.0000000000000005
 20
7.761913345716298
 30
0.0
 41
3.0
 42
3.0
 43
3.0
  0
INSERT
  5
977
330
971
100
AcDbEntity
  8
BEMASSUNG
 62
     2
370
    -2
100
AcDbBlockReference
  2
_OPEN
 10
-32.49906220389367
 20
7.761913345716298
 30
0.0
 41
3.0
 42
3.0
 43
3.0
 50
180.0
  0
MTEXT
  5
978
330
971
100
AcDbEntity
  8
BEMASSUNG
 62
     0
100
AcDbMText
 10
-17.06691164237575
 20
10.29465550124154
 30
0.0
 40
3.0
 41
0.0
 46
0.0
 71
     5
 72
     1
  1
32.5
 73
     1
 44
1.0
  0
POINT
  5
979
330
971
100
AcDbEntity
  8
Defpoints
 62
     0
370
     0
100
AcDbPoint
 10
0.0
 20
0.0
 30
0.0
  0
POINT
  5
97A
330
971
100
AcDbEntity
  8
Defpoints
 62
     0
370
     0
100
AcDbPoint
 10
-32.49906220389367
 20
0.0
 30
0.0
  0
POINT
  5
97B
330
971
100
AcDbEntity
  8
Defpoints
 62
     0
370
     0
100
AcDbPoint
 10
-32.49906220389367
 20
7.761913345716298
 30
0.0
  0
ENDBLK
  5
97C
330
971
100
AcDbEntity
  8
0
370
     0
100
AcDbBlockEnd
  0
BLOCK
  5
980
330
97F
100
AcDbEntity
  8
0
100
AcDbBlockBegin
  2
G051P__1
 70
     0
 10
0.0
 20
0.0
 30
0.0
  3
G051P__1
  1

  0
HATCH
  5
981
330
97F
100
AcDbEntity
  8
GASKET_HATCH
 62
     2
370
    -1
100
AcDbHatch
 10
0.0
 20
0.0
 30
0.0
210
0.0
220
0.0
230
1.0
  2
DOTS
 70
     0
 71
     0
 91
        1
 92
        1
 93
       27
 72
     2
 10
2.670850982044612
 20
10.39278539510269
 40
1.062817272458229
 50
336.2585990538279
 51
373.7857551498623
 73
     1
 72
     1
 10
3.703052266107079
 20
10.64604625630159
 11
2.976640624362062
 21
13.35704992917272
 72
     2
 10
2.493677728895364
 20
13.22764034064676
 40
0.5000000000000354
 50
15.00000782683566
 51
184.1129024925933
 73
     1
 72
     1
 10
1.99496540036489
 20
13.19177931205536
 11
2.086090748499373
 21
11.88862281804495
 72
     2
 10
-3.562499023838427
 20
11.57736262634444
 40
5.657159121245985
 50
356.8459601014009
 51
377.9772806257857
 73
     0
 72
     1
 10
1.8184717926556
 20
9.831337885644643
 11
-0.5043640000003506
 21
4.850000499999624
 72
     1
 10
-0.5043640000003506
 20
4.850000499999624
 11
-0.5000000000004547
 21
4.600000499999624
 72
     1
 10
-0.5000000000004547
 20
4.600000499999624
 11
-0.0000000000004547
 21
4.600000499999624
 72
     1
 10
-0.0000000000004547
 20
4.600000499999624
 11
-0.0000000000004547
 21
2.300000499999669
 72
     2
 10
-0.7000000000002728
 20
2.300000499999669
 40
0.6999999999998181
 50
0.0
 51
90.0
 73
     0
 72
     1
 10
-0.7000000000002728
 20
1.600000499999624
 11
-1.500000000000455
 21
1.600000499999624
 72
     1
 10
-1.500000000000455
 20
1.600000499999624
 11
-1.500000000000455
 21
1.850000499999624
 72
     2
 10
-1.750000000000455
 20
1.850000499999624
 40
0.25
 50
0.0
 51
215.0433663226657
 73
     1
 72
     1
 10
-1.954679419557124
 20
1.706451431002961
 11
-1.680847862694918
 21
1.31537880350993
 72
     2
 10
-2.500000000000455
 20
0.7418025000004036
 40
0.9999999999999403
 50
325.000009291628
 51
360.0000000000392
 73
     0
 72
     1
 10
-1.500000000000455
 20
0.7418024999997215
 11
-1.5
 21
-0.7418025000001762
 72
     2
 10
-2.500000000001819
 20
-0.7418024999990394
 40
1.000000000001819
 50
0.0000000000651378
 51
34.95661511875579
 73
     0
 72
     1
 10
-1.68041387333642
 20
-1.314758502656559
 11
-1.954896531728082
 21
-1.706760499424718
 72
     2
 10
-1.75
 20
-1.849999500000422
 40
0.2500000000002469
 50
145.0433849060068
 51
360.0
 73
     1
 72
     1
 10
-1.500000000000455
 20
-1.849999500000422
 11
-1.500000000000455
 21
-1.599999500000422
 72
     1
 10
-1.500000000000455
 20
-1.599999500000422
 11
-0.7000000000002728
 21
-1.599999500000195
 72
     2
 10
-0.7000000000007276
 20
-2.299999500000695
 40
0.7000000000005002
 50
270.0000000000371
 51
311.83390844376
 73
     0
 72
     2
 10
0.0999999999999091
 20
-1.405572500000517
 40
0.499999999999776
 50
228.2227014809296
 51
299.0128731599513
 73
     1
 72
     2
 10
-0.7500000000009095
 20
0.1241334999997434
 40
2.250000000000313
 50
299.0489663958084
 51
360.0
 73
     1
 72
     1
 10
1.499999999999545
 20
0.1241334999997434
 11
1.5
 21
4.087217499999269
 72
     2
 10
6.499999697733529
 20
4.087218947570364
 40
4.999999697733738
 50
179.9999834120561
 51
203.9999806827568
 73
     0
 72
     1
 10
1.932271999999557
 20
6.120900499999607
 11
3.643724062711499
 21
9.964885262420694
 97
        0
 75
     1
 76
     1
 52
0.0
 41
0.3
 77
     0
 78
     1
 53
0.0
 43
-69.51036384093277
 44
-849.7080770523506
 45
0.238125
 46
0.47625
 79
     2
 49
0.0
 49
-0.47625
 98
        1
 10
-69.51036384093277
 20
-849.7080770523506
1001
GRADIENTCOLOR1ACI
1070
     5
1001
GRADIENTCOLOR2ACI
1070
     2
1001
ACAD
1010
0.0
1020
0.0
1030
0.0
  0
LWPOLYLINE
  5
982
330
97F
100
AcDbEntity
  8
GASKET_OUTSIDE
370
    -3
100
AcDbPolyline
 90
       27
 70
     1
 43
0.0
 10
1.932272588779597
 20
6.120901822420819
 10
3.650671952190805
 20
9.980490479691298
 42
0.1718314497289176
 10
3.703052266106624
 20
10.64604625630136
 10
2.976640624362062
 20
13.35704992917272
 42
0.9092354731412011
 10
1.994965400365345
 20
13.1917793120474
 10
2.086090748499373
 20
11.88862281804404
 42
-0.1272160241125599
 10
1.629809363248569
 20
9.426750003951838
 10
-0.5043640000003506
 20
4.850000499999624
 10
-0.5000000000004547
 20
4.600000499999624
 10
-0.0000000000004547
 20
4.600000499999624
 10
-0.0000000000004547
 20
2.300000499999669
 42
-0.4142135623730951
 10
-0.7000000000002728
 20
1.600000499999851
 10
-1.500000000000455
 20
1.600000499999624
 10
-1.500000000000455
 20
1.850000499999624
 42
1.364369235407169
 10
-1.954679418795877
 20
1.70645142991566
 10
-1.680847517865459
 20
1.315378311041968
 42
-0.1539145256986874
 10
-1.5
 20
0.7418024999997215
 10
-1.5
 20
-0.7418024999997215
 42
-0.1537209398822538
 10
-1.680413873237285
 20
-1.31475850251536
 10
-1.954896531728082
 20
-1.706760499424718
 42
1.363286643964086
 10
-1.499999999999545
 20
-1.849999500000422
 10
-1.500000000000455
 20
-1.599999500000422
 10
-0.7000000000002728
 20
-1.599999500000195
 42
-0.1845895401112194
 10
-0.2331185243583604
 20
-1.778442515862707
 42
0.3190934579218989
 10
0.3425030580765451
 20
-1.842827879410606
 42
0.2724017684484829
 10
1.499999999999545
 20
0.1241334999995161
 10
1.5
 20
4.087218947570136
 42
-0.1051042232252856
  0
ENDBLK
  5
983
330
97F
100
AcDbEntity
  8
0
100
AcDbBlockEnd
  0
BLOCK
  5
988
330
985
100
AcDbEntity
  8
0
100
AcDbBlockBegin
  2
G049P__1
 70
     0
 10
0.0
 20
0.0
 30
0.0
  3
G049P__1
  1

  0
LWPOLYLINE
  5
989
102
{ACAD_REACTORS
330
98B
102
}
330
985
100
AcDbEntity
  8
GASKET_INSIDE
370
    -3
100
AcDbPolyline
 90
       20
 70
     1
 43
0.0
 10
0.4282391120650573
 20
1.38725240925578
 42
-0.8403387937161935
 10
0.7130516949091543
 20
1.633723435766569
 10
1.14200493881423
 20
1.43369980707081
 42
1.00053866776013
 10
1.479708227122309
 20
2.158928256224133
 10
0.8997423444459809
 20
2.429371386582348
 42
-0.2914731899418411
 10
0.611051858978044
 20
2.882525101196062
 10
0.6110518589775893
 20
4.228505101195738
 42
-0.3048481735767814
 10
0.7355321424693866
 20
4.413698979114582
 42
0.097451709419418
 10
2.900520511942432
 20
6.124368161561053
 42
-0.611942549247237
 10
3.230494613071176
 20
5.990285437938184
 42
0.0447822738144695
 10
3.360982819055153
 20
3.247855589968359
 42
-0.3892269226451975
 10
3.17390557296342
 20
2.887951445822579
 10
2.772196272567726
 20
2.741740811325598
 42
0.3389071930147878
 10
2.475325731909834
 20
1.923232069589709
 42
-0.1333896481626757
 10
1.179751062379633
 20
-2.915240750008255
 42
-0.5062818997758514
 10
0.6961659733910892
 20
-2.915280667999923
 10
0.8582222165132407
 20
-2.470274768205854
 42
-0.1597275243586521
 10
0.8000000284910129
 20
-2.292669898804346
 10
0.8000000284905582
 20
-1.703100898803808
 42
0.1826758176547712
 10
0.7250000254384901
 20
-1.504669547013251
 42
-0.3205893990322563
  0
LWPOLYLINE
  5
98A
102
{ACAD_REACTORS
330
98B
102
}
330
985
100
AcDbEntity
  8
GASKET_OUTSIDE
370
    -3
100
AcDbPolyline
 90
       25
 70
     1
 43
0.0
 10
4.000000028490376
 20
4.030630772951981
 10
4.000000028490376
 20
5.402531372234979
 10
3.989073791033206
 20
6.70836665443631
 42
0.6360670413460947
 10
3.162465380087632
 20
7.078525048084851
 42
-0.1475406649473562
 10
0.0000000284903763
 20
5.599999910875795
 10
0.0000000284862836
 20
2.299999999996721
 42
-0.4142135623730647
 10
-0.6999999715131011
 20
1.599999999998999
 10
-1.499999971509624
 20
1.599999999999909
 10
-1.499999971509624
 20
1.849999999999769
 42
1.364369230888335
 10
-1.954679391210826
 20
1.706450931208911
 10
-1.680847489375013
 20
1.315377811042154
 42
-0.1539145256986397
 10
-1.499999971509624
 20
0.7418019999999637
 10
-1.499999971509624
 20
-0.930127089276988
 42
-0.229167686332113
 10
-1.68041384477192
 20
-1.314759002551455
 10
-1.954896503152268
 20
-1.706760999303321
 42
1.363286644387745
 10
-1.499999971509624
 20
-1.850000000000272
 10
-1.499999971509624
 20
-1.599999999999909
 10
-0.699999971509742
 20
-1.599999999999909
 42
-0.3133299188657997
 10
-0.0439479914323897
 20
-2.055877490925911
 10
0.6397863580938825
 20
-3.893337197345859
 42
0.588165309587721
 10
1.158193378696254
 20
-3.972333218574284
 42
0.1110078604482142
 10
3.134736103731484
 20
0.2528184379302594
 42
0.0133431643920726
 10
3.245133957405006
 20
-0.5830606167244963
 42
0.7596112400452206
 10
4.010856260133096
 20
-0.6703837598092832
 10
4.010856260133096
 20
-0.299175148692939
 42
-0.0725434236020902
  0
HATCH
  5
98B
330
985
100
AcDbEntity
  8
GASKET_HATCH
100
AcDbHatch
 10
0.0
 20
0.0
 30
0.0
210
0.0
220
0.0
230
1.0
  2
DOTS
 70
     0
 71
     1
 91
        2
 92
        7
 72
     1
 73
     1
 93
       25
 10
-1.499999971509622
 20
1.849999999999768
 42
1.364369230888437
 10
-1.954679391210803
 20
1.706450931208878
 42
0.0
 10
-1.68084748937501
 20
1.315377811042153
 42
-0.1539145256986381
 10
-1.499999971509624
 20
0.741801999999967
 42
0.0
 10
-1.499999971509624
 20
-0.9301270892770199
 42
-0.2291676863320956
 10
-1.68041384477192
 20
-1.314759002551455
 42
0.0
 10
-1.954896503152458
 20
-1.706760999303592
 42
1.363286644386796
 10
-1.499999971509624
 20
-1.850000000000271
 42
0.0
 10
-1.499999971509625
 20
-1.599999999999909
 42
0.0
 10
-0.699999971509742
 20
-1.599999999999909
 42
-0.3133299188657996
 10
-0.0439479914323897
 20
-2.055877490925909
 42
0.0
 10
0.6397863580938825
 20
-3.893337197345858
 42
0.5881653095877226
 10
1.158193378696254
 20
-3.972333218574287
 42
0.1110078604482141
 10
3.134736103731484
 20
0.2528184379302534
 42
0.0133431643920725
 10
3.245133957405002
 20
-0.5830606167244963
 42
0.7596112400452343
 10
4.010856260133096
 20
-0.6703837598092846
 42
0.0
 10
4.010856260133096
 20
-0.2991751486929177
 42
-0.0725434236020902
 10
4.000000028490376
 20
4.030630772951996
 42
0.0
 10
4.000000028490376
 20
5.402531372234716
 42
0.0
 10
3.989073791033206
 20
6.708366654436292
 42
0.6360670413461137
 10
3.162465380087625
 20
7.078525048084844
 42
-0.1475406649473558
 10
0.0000000284903763
 20
5.599999910875794
 42
0.0
 10
0.0000000284862836
 20
2.299999999996721
 42
-0.4142135623730647
 10
-0.6999999715131011
 20
1.599999999998999
 42
0.0
 10
-1.499999971509624
 20
1.599999999999909
 42
0.0
 97
        1
330
98A
 92
       22
 72
     1
 73
     1
 93
       20
 10
0.4282391120650537
 20
1.387252409255785
 42
-0.8403387937161951
 10
0.7130516949091561
 20
1.633723435766568
 42
0.0
 10
1.142004938814132
 20
1.433699807070856
 42
1.000538667758035
 10
1.47970822712222
 20
2.158928256224176
 42
0.0
 10
0.8997423444459827
 20
2.429371386582348
 42
-0.2914731899418415
 10
0.6110518589780458
 20
2.882525101196063
 42
0.0
 10
0.6110518589775911
 20
4.228505101195745
 42
-0.3048481735767768
 10
0.7355321424693919
 20
4.413698979114583
 42
0.0974517094194181
 10
2.900520511942439
 20
6.124368161561058
 42
-0.6119425492498833
 10
3.230494613071087
 20
5.990285437936092
 42
0.0447822738144353
 10
3.360982819055153
 20
3.247855589968362
 42
-0.3892269226452032
 10
3.173905572963417
 20
2.887951445822579
 42
0.0
 10
2.772196272567722
 20
2.741740811325597
 42
0.3389071930148284
 10
2.475325731909834
 20
1.923232069589619
 42
-0.1333896481626736
 10
1.179751062379626
 20
-2.915240750008264
 42
-0.5062818997758386
 10
0.6961659733910892
 20
-2.915280667999923
 42
0.0
 10
0.8582222165132407
 20
-2.470274768205854
 42
-0.1597275243586525
 10
0.8000000284910129
 20
-2.292669898804345
 42
0.0
 10
0.8000000284905582
 20
-1.703100898803807
 42
0.1826758176547713
 10
0.7250000254384883
 20
-1.504669547013251
 42
-0.320589399032257
 97
        1
330
989
 75
     0
 76
     1
 52
0.0
 41
0.2
 77
     0
 78
     1
 53
0.0
 43
-14.53065011625196
 44
0.0
 45
0.15875
 46
0.3175
 79
     2
 49
0.0
 49
-0.3175
 47
0.0261912421458394
 98
        2
 10
-15.01159158707546
 20
0.439061689675043
 10
-15.01159158707546
 20
0.439061689675043
1001
GRADIENTCOLOR1ACI
1070
     5
1001
GRADIENTCOLOR2ACI
1070
     2
1001
ACAD
1010
0.0
1020
0.0
1030
0.0
  0
ENDBLK
  5
98C
330
985
100
AcDbEntity
  8
0
100
AcDbBlockEnd
  0
BLOCK
  5
98F
330
98E
100
AcDbEntity
  8
0
100
AcDbBlockBegin
  2
V309
 70
     0
 10
0.0
 20
0.0
 30
0.0
  3
V309
  1

  0
HATCH
  5
990
330
98E
100
AcDbEntity
  8
STEEL_HATCH
370
    -1
100
AcDbHatch
 10
0.0
 20
0.0
 30
0.0
210
0.0
220
0.0
230
1.0
  2
ANSI31
 70
     0
 71
     0
 91
        1
 92
        1
 93
       20
 72
     1
 10
-2.5
 20
0.0
 11
-30.00000000000003
 21
0.0
 72
     2
 10
-30.00000000000003
 20
-2.5
 40
2.5
 50
90.0
 51
180.0
 73
     1
 72
     1
 10
-32.50000000000003
 20
-2.5
 11
-32.50000000000003
 21
-7.5
 72
     1
 10
-32.50000000000003
 20
-7.5
 11
-31.00000000000003
 21
-7.5
 72
     1
 10
-31.00000000000003
 20
-7.5
 11
-31.00000000000003
 21
-2.5
 72
     2
 10
-30.00000000000003
 20
-2.5
 40
1.0
 50
180.0
 51
270.0
 73
     0
 72
     1
 10
-30.00000000000003
 20
-1.5
 11
-2.5
 21
-1.5
 72
     2
 10
-2.5
 20
-2.5
 40
1.0
 50
270.0
 51
360.0
 73
     0
 72
     1
 10
-1.5
 20
-2.5
 11
-1.5
 21
-25.5
 72
     2
 10
-2.5
 20
-25.5
 40
1.0
 50
0.0
 51
90.0
 73
     0
 72
     1
 10
-2.5
 20
-26.5
 11
-30.00000000000003
 21
-26.5
 72
     2
 10
-30.00000000000003
 20
-25.5
 40
1.0
 50
90.0
 51
180.0
 73
     0
 72
     1
 10
-31.00000000000003
 20
-25.5
 11
-31.00000000000003
 21
-8.5
 72
     1
 10
-31.00000000000003
 20
-8.5
 11
-32.50000000000003
 21
-8.5
 72
     1
 10
-32.50000000000003
 20
-8.5
 11
-32.50000000000003
 21
-25.5
 72
     2
 10
-30.00000000000003
 20
-25.5
 40
2.5
 50
180.0
 51
270.0
 73
     1
 72
     1
 10
-30.00000000000003
 20
-28.0
 11
-2.5
 21
-28.0
 72
     2
 10
-2.5
 20
-25.5
 40
2.5
 50
270.0
 51
360.0
 73
     1
 72
     1
 10
0.0
 20
-25.5
 11
0.0
 21
-2.5
 72
     2
 10
-2.5
 20
-2.5
 40
2.5
 50
0.0
 51
90.0
 73
     1
 97
        0
 75
     0
 76
     1
 52
0.0
 41
0.4
 77
     0
 78
     1
 53
45.0
 43
-283.2205506294557
 44
-40.30367672065585
 45
-0.8980256121069152
 46
0.8980256121069154
 79
     0
 98
        1
 10
-283.2205506294557
 20
-40.30367672065585
1001
GRADIENTCOLOR1ACI
1070
     5
1001
GRADIENTCOLOR2ACI
1070
     2
1001
ACAD
1010
0.0
1020
0.0
1030
0.0
  0
LWPOLYLINE
  5
991
330
98E
100
AcDbEntity
  8
STEEL_OUTSIDE
370
    -3
100
AcDbPolyline
 90
       20
 70
     1
 43
0.0
 10
-2.5
 20
0.0
 10
-30.00000000000003
 20
0.0
 42
0.4142135623730951
 10
-32.50000000000003
 20
-2.5
 10
-32.50000000000003
 20
-7.5
 10
-31.00000000000003
 20
-7.5
 10
-31.00000000000003
 20
-2.5
 42
-0.4142135623730951
 10
-30.00000000000003
 20
-1.5
 10
-2.5
 20
-1.5
 42
-0.4142135623730951
 10
-1.5
 20
-2.5
 10
-1.5
 20
-25.5
 42
-0.4142135623730951
 10
-2.5
 20
-26.5
 10
-30.00000000000003
 20
-26.5
 42
-0.4142135623730951
 10
-31.00000000000003
 20
-25.5
 10
-31.00000000000003
 20
-8.5
 10
-32.50000000000003
 20
-8.5
 10
-32.50000000000003
 20
-25.5
 42
0.4142135623730951
 10
-30.00000000000003
 20
-28.0
 10
-2.5
 20
-28.0
 42
0.4142135623730951
 10
0.0
 20
-25.5
 10
0.0
 20
-2.5
 42
0.4142135623730951
  0
DIMENSION
  5
992
330
98E
100
AcDbEntity
  8
BEMASSUNG
100
AcDbDimension
280
     0
  2
*D44
 10
-0.0009377961063496
 20
-33.85787923434776
 30
0.0
 11
9.600017183429804
 21
-31.32616027118268
 31
0.0
 70
    32
 71
     5
 42
1.5
 73
     0
 74
     0
 75
     0
  3
PROFINE1ZU1
100
AcDbAlignedDimension
 13
-1.500937796106349
 23
-28.0
 33
0.0
 14
-0.0009377961063493
 24
-28.0
 34
0.0
100
AcDbRotatedDimension
1001
ACAD
1000
DSTYLE
1002
{
1070
   271
1070
     1
1002
}
  0
DIMENSION
  5
9A1
330
98E
100
AcDbEntity
  8
BEMASSUNG
100
AcDbDimension
280
     0
  2
*D45
 10
-40.73393293953493
 20
-28.0
 30
0.0
 11
-40.73393293953492
 21
-14.0
 31
0.0
 70
   160
 71
     5
 42
28.0
 73
     0
 74
     0
 75
     0
  3
PROFINE1ZU1
100
AcDbAlignedDimension
 13
-32.50000000000002
 23
0.0
 33
0.0
 14
-32.50000000000002
 24
-28.0
 34
0.0
 50
90.0
100
AcDbRotatedDimension
1001
ACAD
1000
DSTYLE
1002
{
1070
   271
1070
     1
1002
}
  0
DIMENSION
  5
9AE
330
98E
100
AcDbEntity
  8
BEMASSUNG
100
AcDbDimension
280
     0
  2
*D46
 10
-32.50000000000002
 20
7.761913345716298
 30
0.0
 11
-17.0678494384821
 21
7.761913345716298
 31
0.0
 70
   160
 71
     5
 42
32.49906220389367
 73
     0
 74
     0
 75
     0
  3
PROFINE1ZU1
100
AcDbAlignedDimension
 13
-0.0009377961063493
 23
0.0
 33
0.0
 14
-32.50000000000002
 24
0.0
 34
0.0
100
AcDbRotatedDimension
1001
ACAD
1000
DSTYLE
1002
{
1070
   271
1070
     1
1002
}
  0
ENDBLK
  5
9BB
330
98E
100
AcDbEntity
  8
0
100
AcDbBlockEnd
  0
BLOCK
  5
994
330
993
100
AcDbEntity
  8
0
370
     0
100
AcDbBlockBegin
  2
*D44
 70
     1
 10
0.0
 20
0.0
 30
0.0
  3
*D44
  1

  0
LINE
  5
995
330
993
100
AcDbEntity
  8
BEMASSUNG
 62
     2
370
    -2
100
AcDbLine
 10
-1.500937796106349
 20
-29.0
 30
0.0
 11
-1.50093779610635
 21
-34.85787923434776
 31
0.0
  0
LINE
  5
996
330
993
100
AcDbEntity
  8
BEMASSUNG
 62
     2
370
    -2
100
AcDbLine
 10
-0.0009377961063493
 20
-29.0
 30
0.0
 11
-0.0009377961063497
 21
-34.85787923434776
 31
0.0
  0
LINE
  5
997
330
993
100
AcDbEntity
  8
BEMASSUNG
 62
     2
370
    -2
100
AcDbLine
 10
-4.500937796106349
 20
-33.85787923434776
 30
0.0
 11
-7.500937796106349
 21
-33.85787923434776
 31
0.0
  0
LINE
  5
998
330
993
100
AcDbEntity
  8
BEMASSUNG
 62
     2
370
    -2
100
AcDbLine
 10
2.99906220389365
 20
-33.85787923434776
 30
0.0
 11
13.20097216296596
 21
-33.85787923434776
 31
0.0
  0
LINE
  5
999
330
993
100
AcDbEntity
  8
BEMASSUNG
 62
     2
370
    -2
100
AcDbLine
 10
-1.50093779610635
 20
-33.85787923434776
 30
0.0
 11
-0.0009377961063496
 21
-33.85787923434776
 31
0.0
  0
INSERT
  5
99A
330
993
100
AcDbEntity
  8
BEMASSUNG
 62
     2
370
    -2
100
AcDbBlockReference
  2
_OPEN
 10
-1.50093779610635
 20
-33.85787923434776
 30
0.0
 41
3.0
 42
3.0
 43
3.0
  0
INSERT
  5
99B
330
993
100
AcDbEntity
  8
BEMASSUNG
 62
     2
370
    -2
100
AcDbBlockReference
  2
_OPEN
 10
-0.0009377961063496
 20
-33.85787923434776
 30
0.0
 41
3.0
 42
3.0
 43
3.0
 50
180.0
  0
MTEXT
  5
99C
330
993
100
AcDbEntity
  8
BEMASSUNG
 62
     0
100
AcDbMText
 10
9.600017183429804
 20
-31.32616027118268
 30
0.0
 40
3.0
 41
0.0
 46
0.0
 71
     5
 72
     1
  1
1.5
 73
     1
 44
1.0
  0
POINT
  5
99D
330
993
100
AcDbEntity
  8
Defpoints
 62
     0
370
     0
100
AcDbPoint
 10
-1.500937796106349
 20
-28.0
 30
0.0
  0
POINT
  5
99E
330
993
100
AcDbEntity
  8
Defpoints
 62
     0
370
     0
100
AcDbPoint
 10
-0.0009377961063493
 20
-28.0
 30
0.0
  0
POINT
  5
99F
330
993
100
AcDbEntity
  8
Defpoints
 62
     0
370
     0
100
AcDbPoint
 10
-0.0009377961063496
 20
-33.85787923434776
 30
0.0
  0
ENDBLK
  5
9A0
330
993
100
AcDbEntity
  8
0
370
     0
100
AcDbBlockEnd
  0
BLOCK
  5
9A3
330
9A2
100
AcDbEntity
  8
0
370
     0
100
AcDbBlockBegin
  2
*D45
 70
     1
 10
0.0
 20
0.0
 30
0.0
  3
*D45
  1

  0
LINE
  5
9A4
330
9A2
100
AcDbEntity
  8
BEMASSUNG
 62
     2
370
    -2
100
AcDbLine
 10
-33.50000000000002
 20
0.0000000000000003
 30
0.0
 11
-41.73393293953492
 21
0.0000000000000026
 31
0.0
  0
LINE
  5
9A5
330
9A2
100
AcDbEntity
  8
BEMASSUNG
 62
     2
370
    -2
100
AcDbLine
 10
-33.50000000000002
 20
-28.0
 30
0.0
 11
-41.73393293953493
 21
-28.0
 31
0.0
  0
LINE
  5
9A6
330
9A2
100
AcDbEntity
  8
BEMASSUNG
 62
     2
370
    -2
100
AcDbLine
 10
-40.73393293953492
 20
-2.999999999999998
 30
0.0
 11
-40.73393293953493
 21
-25.0
 31
0.0
  0
INSERT
  5
9A7
330
9A2
100
AcDbEntity
  8
BEMASSUNG
 62
     2
370
    -2
100
AcDbBlockReference
  2
_OPEN
 10
-40.73393293953492
 20
0.0000000000000023
 30
0.0
 41
3.0
 42
3.0
 43
3.0
 50
90.0
  0
INSERT
  5
9A8
330
9A2
100
AcDbEntity
  8
BEMASSUNG
 62
     2
370
    -2
100
AcDbBlockReference
  2
_OPEN
 10
-40.73393293953493
 20
-28.0
 30
0.0
 41
3.0
 42
3.0
 43
3.0
 50
270.0
  0
MTEXT
  5
9A9
330
9A2
100
AcDbEntity
  8
BEMASSUNG
 62
     0
100
AcDbMText
 10
-43.2656519027
 20
-14.0
 30
0.0
 40
3.0
 41
0.0
 46
0.0
 71
     5
 72
     1
  1
28
 11
6.123233995736766E-17
 21
1.0
 31
0.0
 73
     1
 44
1.0
  0
POINT
  5
9AA
330
9A2
100
AcDbEntity
  8
Defpoints
 62
     0
370
     0
100
AcDbPoint
 10
-32.50000000000002
 20
0.0
 30
0.0
  0
POINT
  5
9AB
330
9A2
100
AcDbEntity
  8
Defpoints
 62
     0
370
     0
100
AcDbPoint
 10
-32.50000000000002
 20
-28.0
 30
0.0
  0
POINT
  5
9AC
330
9A2
100
AcDbEntity
  8
Defpoints
 62
     0
370
     0
100
AcDbPoint
 10
-40.73393293953493
 20
-28.0
 30
0.0
  0
ENDBLK
  5
9AD
330
9A2
100
AcDbEntity
  8
0
370
     0
100
AcDbBlockEnd
  0
BLOCK
  5
9B0
330
9AF
100
AcDbEntity
  8
0
370
     0
100
AcDbBlockBegin
  2
*D46
 70
     1
 10
0.0
 20
0.0
 30
0.0
  3
*D46
  1

  0
LINE
  5
9B1
330
9AF
100
AcDbEntity
  8
BEMASSUNG
 62
     2
370
    -2
100
AcDbLine
 10
-0.0009377961063492
 20
1.0
 30
0.0
 11
-0.0009377961063487
 21
8.761913345716298
 31
0.0
  0
LINE
  5
9B2
330
9AF
100
AcDbEntity
  8
BEMASSUNG
 62
     2
370
    -2
100
AcDbLine
 10
-32.50000000000002
 20
1.0
 30
0.0
 11
-32.50000000000002
 21
8.761913345716298
 31
0.0
  0
LINE
  5
9B3
330
9AF
100
AcDbEntity
  8
BEMASSUNG
 62
     2
370
    -2
100
AcDbLine
 10
-3.000937796106349
 20
7.761913345716298
 30
0.0
 11
-29.50000000000002
 21
7.761913345716298
 31
0.0
  0
INSERT
  5
9B4
330
9AF
100
AcDbEntity
  8
BEMASSUNG
 62
     2
370
    -2
100
AcDbBlockReference
  2
_OPEN
 10
-0.0009377961063488
 20
7.761913345716298
 30
0.0
 41
3.0
 42
3.0
 43
3.0
  0
INSERT
  5
9B5
330
9AF
100
AcDbEntity
  8
BEMASSUNG
 62
     2
370
    -2
100
AcDbBlockReference
  2
_OPEN
 10
-32.50000000000002
 20
7.761913345716298
 30
0.0
 41
3.0
 42
3.0
 43
3.0
 50
180.0
  0
MTEXT
  5
9B6
330
9AF
100
AcDbEntity
  8
BEMASSUNG
 62
     0
100
AcDbMText
 10
-17.0678494384821
 20
10.29465550124154
 30
0.0
 40
3.0
 41
0.0
 46
0.0
 71
     5
 72
     1
  1
32.5
 73
     1
 44
1.0
  0
POINT
  5
9B7
330
9AF
100
AcDbEntity
  8
Defpoints
 62
     0
370
     0
100
AcDbPoint
 10
-0.0009377961063493
 20
0.0
 30
0.0
  0
POINT
  5
9B8
330
9AF
100
AcDbEntity
  8
Defpoints
 62
     0
370
     0
100
AcDbPoint
 10
-32.50000000000002
 20
0.0
 30
0.0
  0
POINT
  5
9B9
330
9AF
100
AcDbEntity
  8
Defpoints
 62
     0
370
     0
100
AcDbPoint
 10
-32.50000000000002
 20
7.761913345716298
 30
0.0
  0
ENDBLK
  5
9BA
330
9AF
100
AcDbEntity
  8
0
370
     0
100
AcDbBlockEnd
  0
BLOCK
  5
9C7
330
9C6
100
AcDbEntity
  8
0
100
AcDbBlockBegin
  2
JOIN_INSERT_12_4314147741227
 70
     0
 10
0.0
 20
0.0
 30
0.0
  3
JOIN_INSERT_12_4314147741227
  1

  0
ENDBLK
  5
9C8
330
9C6
100
AcDbEntity
  8
0
100
AcDbBlockEnd
  0
BLOCK
  5
9CE
330
9CD
100
AcDbEntity
  8
0
100
AcDbBlockBegin
  2
CUTLINE_1
 70
     0
 10
0.0
 20
0.0
 30
0.0
  3
CUTLINE_1
  1

  0
LINE
  5
9D0
330
9CD
100
AcDbEntity
  8
cut
  6
dashedstyle
100
AcDbLine
 10
-110.0
 20
881.8412144269473
 30
0.0
 11
1340.0
 21
881.8412144269473
 31
0.0
210
0.0
220
1.0
230
0.0
  0
LINE
  5
9D1
330
9CD
100
AcDbEntity
  8
cut
  6
Continuous
100
AcDbLine
 10
-73.33333333333331
 20
931.8412144269473
 30
0.0
 11
-73.33333333333333
 21
898.507881093614
 31
0.0
210
1.0
220
-4.263256414560597E-16
230
0.0
  0
LWPOLYLINE
  5
9D2
102
{ACAD_REACTORS
330
9D3
102
}
330
9CD
100
AcDbEntity
  8
cut
  6
Continuous
100
AcDbPolyline
 90
        3
 70
     1
 43
0.0
 10
-67.77777777777777
 20
898.507881093614
 10
-73.33333333333333
 20
881.8412144269473
 10
-78.88888888888889
 20
898.507881093614
  0
HATCH
  5
9D3
330
9CD
100
AcDbEntity
  8
cut
  6
Continuous
100
AcDbHatch
 10
0.0
 20
0.0
 30
0.0
210
0.0
220
0.0
230
1.0
  2
SOLID
 70
     1
 71
     1
 91
        1
 92
        1
 93
        3
 72
     1
 10
-67.77777777777777
 20
898.507881093614
 11
-73.33333333333333
 21
881.8412144269473
 72
     1
 10
-73.33333333333333
 20
881.8412144269473
 11
-78.88888888888889
 21
898.507881093614
 72
     1
 10
-78.88888888888889
 20
898.507881093614
 11
-67.77777777777777
 21
898.507881093614
 97
        1
330
9D2
 75
     0
 76
     1
 98
        1
 10
0.0
 20
0.0
  0
LINE
  5
9D4
330
9CD
100
AcDbEntity
  8
cut
  6
Continuous
100
AcDbLine
 10
1303.333333333333
 20
931.8412144269473
 30
0.0
 11
1303.333333333333
 21
898.507881093614
 31
0.0
210
1.0
220
0.0
230
0.0
  0
LWPOLYLINE
  5
9D5
102
{ACAD_REACTORS
330
9D6
102
}
330
9CD
100
AcDbEntity
  8
cut
  6
Continuous
100
AcDbPolyline
 90
        3
 70
     1
 43
0.0
 10
1308.888888888889
 20
898.507881093614
 10
1303.333333333333
 20
881.8412144269473
 10
1297.777777777778
 20
898.507881093614
  0
HATCH
  5
9D6
330
9CD
100
AcDbEntity
  8
cut
  6
Continuous
100
AcDbHatch
 10
0.0
 20
0.0
 30
0.0
210
0.0
220
0.0
230
1.0
  2
SOLID
 70
     1
 71
     1
 91
        1
 92
        1
 93
        3
 72
     1
 10
1308.888888888889
 20
898.507881093614
 11
1303.333333333333
 21
881.8412144269473
 72
     1
 10
1303.333333333333
 20
881.8412144269473
 11
1297.777777777778
 21
898.507881093614
 72
     1
 10
1297.777777777778
 20
898.507881093614
 11
1308.888888888889
 21
898.507881093614
 97
        1
330
9D5
 75
     0
 76
     1
 98
        1
 10
0.0
 20
0.0
  0
TEXT
  5
9D7
330
9CD
100
AcDbEntity
  8
cut
  6
Continuous
 62
     0
100
AcDbText
 10
-116.0083333333333
 20
956.6366689724018
 30
0.0
 40
50.0
  1
S1
  7
arialstyle
 72
     1
 11
-73.33333333333333
 21
941.8412144269473
 31
0.0
100
AcDbText
 73
     1
1001
SYSCON_ODA_APP
1002
{
1000
CUTLINE;1
1002
}
  0
TEXT
  5
9D8
330
9CD
100
AcDbEntity
  8
cut
  6
Continuous
 62
     0
100
AcDbText
 10
1260.658333333333
 20
956.6366689724018
 30
0.0
 40
50.0
  1
S1
  7
arialstyle
 72
     1
 11
1303.333333333333
 21
941.8412144269473
 31
0.0
100
AcDbText
 73
     1
1001
SYSCON_ODA_APP
1002
{
1000
CUTLINE;1
1002
}
  0
ENDBLK
  5
9CF
330
9CD
100
AcDbEntity
  8
0
100
AcDbBlockEnd
  0
BLOCK
  5
9DD
330
9DC
100
AcDbEntity
  8
0
100
AcDbBlockBegin
  2
CUT_2
 70
     0
 10
0.0
 20
0.0
 30
0.0
  3
CUT_2
  1

  0
INSERT
  5
C73
330
9DC
100
AcDbEntity
  8
cut
 62
     0
100
AcDbBlockReference
  2
CUT_2_CUT
 10
1530.125668604507
 20
19.2249337578105
 30
0.0
  0
TEXT
  5
C74
330
9DC
100
AcDbEntity
  8
cut
  6
Continuous
 62
     0
100
AcDbText
 10
1483.020668604507
 20
-67.48041074094795
 30
0.0
 40
50.0
  1
Schnitt S2, M 1:1
  7
arialstyle
 11
1483.020668604507
 21
-17.48041074094795
 31
0.0
100
AcDbText
 73
     3
1001
SYSCON_ODA_APP
1002
{
1000
CUT;2
1002
}
  0
ENDBLK
  5
9DE
330
9DC
100
AcDbEntity
  8
0
100
AcDbBlockEnd
  0
BLOCK
  5
C71
330
9E0
100
AcDbEntity
  8
0
100
AcDbBlockBegin
  2
CUT_2_CUT
 70
     0
 10
0.0
 20
0.0
 30
0.0
  3
CUT_2_CUT
  1

  0
INSERT
  5
A50
330
9E0
100
AcDbEntity
  8
0
100
AcDbBlockReference
  2
JOIN_INSERT_1_431427357432
 10
16.75
 20
0.2946555012415502
 30
0.0
1001
SYSCON_ODA_APP
1002
{
1000
JOIN_BLOCKREF;1;0
1002
}
  0
ENDBLK
  5
C72
330
9E0
100
AcDbEntity
  8
0
100
AcDbBlockEnd
  0
BLOCK
  5
A52
330
A51
100
AcDbEntity
  8
0
100
AcDbBlockBegin
  2
JOIN_INSERT_1_431427357432
 70
     0
 10
0.0
 20
0.0
 30
0.0
  3
JOIN_INSERT_1_431427357432
  1

  0
DIMENSION
  5
A53
102
{ACAD_XDICTIONARY
360
A54
102
}
330
A51
100
AcDbEntity
  8
DIM_CUT
  6
Continuous
100
AcDbDimension
280
     0
  2
*D52
 10
-56.75
 20
116.0000000000002
 30
0.0
 11
-61.3025
 21
58.00000000000011
 31
0.0
 70
    33
 71
     5
 42
116.0000000000002
 73
     0
 74
     0
 75
     0
  3
CUT_DIM
100
AcDbAlignedDimension
 13
-16.75
 23
0.0
 33
0.0
 14
-16.75
 24
116.0000000000002
 34
0.0
1001
ACAD_DSTYLE_DIMJAG
1070
   388
1040
1.5
  0
DIMENSION
  5
A61
102
{ACAD_XDICTIONARY
360
A62
102
}
330
A51
100
AcDbEntity
  8
DIM_CUT
  6
Continuous
100
AcDbDimension
280
     0
  2
*D53
 10
-56.75
 20
1364.0
 30
0.0
 11
-61.30250000000001
 21
740.0000000000003
 31
0.0
 70
    33
  1
1248
 71
     5
 42
1248.0
 73
     0
 74
     0
 75
     0
  3
CUT_DIM
100
AcDbAlignedDimension
 13
-16.75
 23
116.0000000000002
 33
0.0
 14
-16.75
 24
1364.0
 34
0.0
1001
ACAD_DSTYLE_DIMJAG
1070
   388
1040
1.5
  0
DIMENSION
  5
A6F
102
{ACAD_XDICTIONARY
360
A70
102
}
330
A51
100
AcDbEntity
  8
DIM_CUT
  6
Continuous
100
AcDbDimension
280
     0
  2
*D54
 10
-56.75
 20
1480.0
 30
0.0
 11
-61.30250000000001
 21
1422.0
 31
0.0
 70
    33
 71
     5
 42
115.9999999999995
 73
     0
 74
     0
 75
     0
  3
CUT_DIM
100
AcDbAlignedDimension
 13
-16.75
 23
1364.0
 33
0.0
 14
-16.75
 24
1480.0
 34
0.0
1001
ACAD_DSTYLE_DIMJAG
1070
   388
1040
1.5
  0
DIMENSION
  5
A7D
102
{ACAD_XDICTIONARY
360
A7E
102
}
330
A51
100
AcDbEntity
  8
DIM_CUT
  6
Continuous
100
AcDbDimension
280
     0
  2
*D55
 10
-36.75
 20
74.0
 30
0.0
 11
-41.25
 21
37.0
 31
0.0
 70
    33
 71
     5
 42
74.0
 73
     0
 74
     0
 75
     0
  3
CUT_DIM
100
AcDbAlignedDimension
 13
-16.75
 23
0.0
 33
0.0
 14
-16.75
 24
74.0
 34
0.0
1001
ACAD_DSTYLE_DIMJAG
1070
   388
1040
1.5
  0
DIMENSION
  5
A8B
102
{ACAD_XDICTIONARY
360
A8C
102
}
330
A51
100
AcDbEntity
  8
DIM_CUT
  6
Continuous
100
AcDbDimension
280
     0
  2
*D56
 10
-36.75
 20
116.0000000000002
 30
0.0
 11
-41.26000000000001
 21
95.00000000000011
 31
0.0
 70
    33
 71
     5
 42
42.00000000000023
 73
     0
 74
     0
 75
     0
  3
CUT_DIM
100
AcDbAlignedDimension
 13
-16.75
 23
74.0
 33
0.0
 14
-16.75
 24
116.0000000000002
 34
0.0
1001
ACAD_DSTYLE_DIMJAG
1070
   388
1040
1.5
  0
DIMENSION
  5
A99
102
{ACAD_XDICTIONARY
360
A9A
102
}
330
A51
100
AcDbEntity
  8
DIM_CUT
  6
Continuous
100
AcDbDimension
280
     0
  2
*D57
 10
-36.75
 20
1406.0
 30
0.0
 11
-41.25999999999999
 21
1385.0
 31
0.0
 70
    33
 71
     5
 42
42.0
 73
     0
 74
     0
 75
     0
  3
CUT_DIM
100
AcDbAlignedDimension
 13
-16.75
 23
1364.0
 33
0.0
 14
-16.75
 24
1406.0
 34
0.0
1001
ACAD_DSTYLE_DIMJAG
1070
   388
1040
1.5
  0
DIMENSION
  5
AA7
102
{ACAD_XDICTIONARY
360
AA8
102
}
330
A51
100
AcDbEntity
  8
DIM_CUT
  6
Continuous
100
AcDbDimension
280
     0
  2
*D58
 10
-36.75
 20
1480.0
 30
0.0
 11
-41.25
 21
1443.0
 31
0.0
 70
    33
 71
     5
 42
73.99999999999955
 73
     0
 74
     0
 75
     0
  3
CUT_DIM
100
AcDbAlignedDimension
 13
-16.75
 23
1406.0
 33
0.0
 14
-16.75
 24
1480.0
 34
0.0
1001
ACAD_DSTYLE_DIMJAG
1070
   388
1040
1.5
  0
DIMENSION
  5
AB5
102
{ACAD_XDICTIONARY
360
AB6
102
}
330
A51
100
AcDbEntity
  8
DIM_CUT
  6
Continuous
100
AcDbDimension
280
     0
  2
*D59
 10
124.8693675115646
 20
38.00000000000023
 30
0.0
 11
120.3168675115646
 21
19.00000000000011
 31
0.0
 70
    33
 71
     5
 42
38.00000000000023
 73
     0
 74
     0
 75
     0
  3
CUT_DIM
100
AcDbAlignedDimension
 13
104.8693675115646
 23
0.0
 33
0.0
 14
104.8693675115646
 24
38.00000000000023
 34
0.0
1001
ACAD_DSTYLE_DIMJAG
1070
   388
1040
1.5
  0
DIMENSION
  5
AC3
102
{ACAD_XDICTIONARY
360
AC4
102
}
330
A51
100
AcDbEntity
  8
DIM_CUT
  6
Continuous
100
AcDbDimension
280
     0
  2
*D60
 10
124.8693675115646
 20
95.0
 30
0.0
 11
120.3268675115646
 21
66.50000000000011
 31
0.0
 70
    33
 71
     5
 42
56.99999999999977
 73
     0
 74
     0
 75
     0
  3
CUT_DIM
100
AcDbAlignedDimension
 13
104.8693675115646
 23
38.00000000000023
 33
0.0
 14
104.8693675115646
 24
95.0
 34
0.0
1001
ACAD_DSTYLE_DIMJAG
1070
   388
1040
1.5
  0
DIMENSION
  5
AD1
102
{ACAD_XDICTIONARY
360
AD2
102
}
330
A51
100
AcDbEntity
  8
DIM_CUT
  6
Continuous
100
AcDbDimension
280
     0
  2
*D61
 10
124.8693675115646
 20
1442.0
 30
0.0
 11
120.3268675115646
 21
1413.5
 31
0.0
 70
    33
 71
     5
 42
57.00000000000045
 73
     0
 74
     0
 75
     0
  3
CUT_DIM
100
AcDbAlignedDimension
 13
104.8693675115646
 23
1385.0
 33
0.0
 14
104.8693675115646
 24
1442.0
 34
0.0
1001
ACAD_DSTYLE_DIMJAG
1070
   388
1040
1.5
  0
DIMENSION
  5
ADF
102
{ACAD_XDICTIONARY
360
AE0
102
}
330
A51
100
AcDbEntity
  8
DIM_CUT
  6
Continuous
100
AcDbDimension
280
     0
  2
*D62
 10
124.8693675115646
 20
1480.0
 30
0.0
 11
120.3168675115646
 21
1461.0
 31
0.0
 70
    33
 71
     5
 42
37.99999999999955
 73
     0
 74
     0
 75
     0
  3
CUT_DIM
100
AcDbAlignedDimension
 13
104.8693675115646
 23
1442.0
 33
0.0
 14
104.8693675115646
 24
1480.0
 34
0.0
1001
ACAD_DSTYLE_DIMJAG
1070
   388
1040
1.5
  0
INSERT
  5
AED
330
A51
100
AcDbEntity
  8
0
100
AcDbBlockReference
  2
76171P__2S
 10
0.0
 20
1480.0
 30
0.0
 41
-1.0
 50
180.0
  0
INSERT
  5
B39
330
A51
100
AcDbEntity
  8
0
100
AcDbBlockReference
  2
76271P__2S
 10
94.0
 20
1442.0
 30
0.0
 41
-1.0
 50
180.0
  0
INSERT
  5
B9D
330
A51
100
AcDbEntity
  8
0
100
AcDbBlockReference
  2
JOIN_INSERT_23_GLASS_4_16_4_16_4_4314273647584
 10
35.5
 20
1385.0
 30
0.0
 41
-1.0
 50
180.0
  0
INSERT
  5
BC1
330
A51
100
AcDbEntity
  8
0
100
AcDbBlockReference
  2
G049P__3
 10
32.0
 20
1369.6
 30
0.0
 41
-1.0
 50
180.0
  0
INSERT
  5
BCA
330
A51
100
AcDbEntity
  8
0
100
AcDbBlockReference
  2
76507____S_3_0
 10
93.0
 20
1385.0
 30
0.0
 41
-1.0
 50
180.0
  0
INSERT
  5
BEF
330
A51
100
AcDbEntity
  8
0
100
AcDbBlockReference
  2
G050P__1
 10
80.0
 20
1436.4
 30
0.0
 41
-1.0
  0
INSERT
  5
BF7
330
A51
100
AcDbEntity
  8
0
100
AcDbBlockReference
  2
V306
 10
77.4
 20
1391.5
 30
0.0
 41
-1.0
 50
180.0
  0
INSERT
  5
C26
330
A51
100
AcDbEntity
  8
0
100
AcDbBlockReference
  2
G051P__1
 10
37.0
 20
1431.6
 30
0.0
 41
-1.0
 50
180.0
  0
INSERT
  5
C2C
330
A51
100
AcDbEntity
  8
0
100
AcDbBlockReference
  2
G049P__1
 10
14.0
 20
1411.6
 30
0.0
 41
-1.0
 50
180.0
  0
INSERT
  5
C35
330
A51
100
AcDbEntity
  8
0
100
AcDbBlockReference
  2
V309
 10
57.8
 20
1468.5
 30
0.0
 50
0.000000000000007
  0
INSERT
  5
C64
330
A51
100
AcDbEntity
  8
0
100
AcDbBlockReference
  2
76171P__2S
 10
0.0
 20
0.0
 30
0.0
  0
INSERT
  5
C65
330
A51
100
AcDbEntity
  8
0
100
AcDbBlockReference
  2
76271P__2S
 10
94.0
 20
38.0
 30
0.0
  0
INSERT
  5
C66
330
A51
100
AcDbEntity
  8
0
100
AcDbBlockReference
  2
G049P__3
 10
32.0
 20
110.4
 30
0.0
  0
INSERT
  5
C67
330
A51
100
AcDbEntity
  8
0
100
AcDbBlockReference
  2
76507____S_3_0
 10
93.0
 20
95.0
 30
0.0
  0
INSERT
  5
C68
330
A51
100
AcDbEntity
  8
0
100
AcDbBlockReference
  2
G050P__1
 10
80.0
 20
43.6
 30
0.0
 50
180.0
  0
INSERT
  5
C69
330
A51
100
AcDbEntity
  8
0
100
AcDbBlockReference
  2
V306
 10
77.4
 20
88.5
 30
0.0
  0
INSERT
  5
C6A
330
A51
100
AcDbEntity
  8
0
100
AcDbBlockReference
  2
G051P__1
 10
37.0
 20
48.4
 30
0.0
  0
INSERT
  5
C6B
330
A51
100
AcDbEntity
  8
0
100
AcDbBlockReference
  2
G049P__1
 10
14.0
 20
68.4
 30
0.0
  0
INSERT
  5
C6C
330
A51
100
AcDbEntity
  8
0
100
AcDbBlockReference
  2
V309
 10
57.8
 20
11.5
 30
0.0
 41
-1.0
 50
180.0
  0
ENDBLK
  5
C6D
330
A51
100
AcDbEntity
  8
0
100
AcDbBlockEnd
  0
BLOCK
  5
A56
330
A55
100
AcDbEntity
  8
0
100
AcDbBlockBegin
  2
*D52
 70
     1
 10
0.0
 20
0.0
 30
0.0
  3
*D52
  1

  0
LINE
  5
A57
330
A55
100
AcDbEntity
  8
DIM_CUT
  6
Continuous
 62
     0
370
    -2
100
AcDbLine
 10
-17.375
 20
0.0
 30
0.0
 11
-58.0
 21
0.0
 31
0.0
  0
LINE
  5
A58
330
A55
100
AcDbEntity
  8
DIM_CUT
  6
Continuous
 62
     0
370
    -2
100
AcDbLine
 10
-17.375
 20
116.0000000000002
 30
0.0
 11
-58.0
 21
116.0000000000002
 31
0.0
  0
LINE
  5
A59
330
A55
100
AcDbEntity
  8
DIM_CUT
  6
Continuous
 62
     0
370
    -2
100
AcDbLine
 10
-56.75
 20
0.0
 30
0.0
 11
-56.75
 21
116.0000000000002
 31
0.0
  0
INSERT
  5
A5A
330
A55
100
AcDbEntity
  8
DIM_CUT
 62
     0
370
    -2
100
AcDbBlockReference
  2
_Oblique
 10
-56.75
 20
0.0
 30
0.0
 41
4.0
 42
4.0
 43
4.0
 50
270.0
  0
INSERT
  5
A5B
330
A55
100
AcDbEntity
  8
DIM_CUT
 62
     0
370
    -2
100
AcDbBlockReference
  2
_Oblique
 10
-56.75
 20
116.0000000000002
 30
0.0
 41
4.0
 42
4.0
 43
4.0
 50
90.0
  0
MTEXT
  5
A5C
330
A55
100
AcDbEntity
  8
DIM_CUT
  6
Continuous
 62
     0
100
AcDbMText
 10
-61.3025
 20
58.00000000000011
 30
0.0
 40
5.0
 41
0.0
 46
0.0
 71
     5
 72
     1
  1
116
  7
arialstyle
 11
0.0
 21
1.0
 31
0.0
 73
     1
 44
1.0
  0
POINT
  5
A5D
330
A55
100
AcDbEntity
  8
Defpoints
 62
     0
100
AcDbPoint
 10
-16.75
 20
0.0
 30
0.0
  0
POINT
  5
A5E
330
A55
100
AcDbEntity
  8
Defpoints
 62
     0
100
AcDbPoint
 10
-16.75
 20
116.0000000000002
 30
0.0
  0
POINT
  5
A5F
330
A55
100
AcDbEntity
  8
Defpoints
 62
     0
100
AcDbPoint
 10
-56.75
 20
116.0000000000002
 30
0.0
  0
ENDBLK
  5
A60
330
A55
100
AcDbEntity
  8
0
100
AcDbBlockEnd
  0
BLOCK
  5
A64
330
A63
100
AcDbEntity
  8
0
100
AcDbBlockBegin
  2
*D53
 70
     1
 10
0.0
 20
0.0
 30
0.0
  3
*D53
  1

  0
LINE
  5
A65
330
A63
100
AcDbEntity
  8
DIM_CUT
  6
Continuous
 62
     0
370
    -2
100
AcDbLine
 10
-17.375
 20
116.0000000000002
 30
0.0
 11
-58.0
 21
116.0000000000002
 31
0.0
  0
LINE
  5
A66
330
A63
100
AcDbEntity
  8
DIM_CUT
  6
Continuous
 62
     0
370
    -2
100
AcDbLine
 10
-17.375
 20
1364.0
 30
0.0
 11
-58.0
 21
1364.0
 31
0.0
  0
LINE
  5
A67
330
A63
100
AcDbEntity
  8
DIM_CUT
  6
Continuous
 62
     0
370
    -2
100
AcDbLine
 10
-56.75
 20
116.0000000000002
 30
0.0
 11
-56.75
 21
1364.0
 31
0.0
  0
INSERT
  5
A68
330
A63
100
AcDbEntity
  8
DIM_CUT
 62
     0
370
    -2
100
AcDbBlockReference
  2
_Oblique
 10
-56.75
 20
116.0000000000002
 30
0.0
 41
4.0
 42
4.0
 43
4.0
 50
270.0
  0
INSERT
  5
A69
330
A63
100
AcDbEntity
  8
DIM_CUT
 62
     0
370
    -2
100
AcDbBlockReference
  2
_Oblique
 10
-56.75
 20
1364.0
 30
0.0
 41
4.0
 42
4.0
 43
4.0
 50
90.0
  0
MTEXT
  5
A6A
330
A63
100
AcDbEntity
  8
DIM_CUT
  6
Continuous
 62
     0
100
AcDbMText
 10
-61.30250000000001
 20
740.0000000000003
 30
0.0
 40
5.0
 41
0.0
 46
0.0
 71
     5
 72
     1
  1
1248
  7
arialstyle
 11
0.0
 21
1.0
 31
0.0
 73
     1
 44
1.0
  0
POINT
  5
A6B
330
A63
100
AcDbEntity
  8
Defpoints
 62
     0
100
AcDbPoint
 10
-16.75
 20
116.0000000000002
 30
0.0
  0
POINT
  5
A6C
330
A63
100
AcDbEntity
  8
Defpoints
 62
     0
100
AcDbPoint
 10
-16.75
 20
1364.0
 30
0.0
  0
POINT
  5
A6D
330
A63
100
AcDbEntity
  8
Defpoints
 62
     0
100
AcDbPoint
 10
-56.75
 20
1364.0
 30
0.0
  0
ENDBLK
  5
A6E
330
A63
100
AcDbEntity
  8
0
100
AcDbBlockEnd
  0
BLOCK
  5
A72
330
A71
100
AcDbEntity
  8
0
100
AcDbBlockBegin
  2
*D54
 70
     1
 10
0.0
 20
0.0
 30
0.0
  3
*D54
  1

  0
LINE
  5
A73
330
A71
100
AcDbEntity
  8
DIM_CUT
  6
Continuous
 62
     0
370
    -2
100
AcDbLine
 10
-17.375
 20
1364.0
 30
0.0
 11
-58.0
 21
1364.0
 31
0.0
  0
LINE
  5
A74
330
A71
100
AcDbEntity
  8
DIM_CUT
  6
Continuous
 62
     0
370
    -2
100
AcDbLine
 10
-17.375
 20
1480.0
 30
0.0
 11
-58.0
 21
1480.0
 31
0.0
  0
LINE
  5
A75
330
A71
100
AcDbEntity
  8
DIM_CUT
  6
Continuous
 62
     0
370
    -2
100
AcDbLine
 10
-56.75
 20
1364.0
 30
0.0
 11
-56.75
 21
1480.0
 31
0.0
  0
INSERT
  5
A76
330
A71
100
AcDbEntity
  8
DIM_CUT
 62
     0
370
    -2
100
AcDbBlockReference
  2
_Oblique
 10
-56.75
 20
1364.0
 30
0.0
 41
4.0
 42
4.0
 43
4.0
 50
270.0
  0
INSERT
  5
A77
330
A71
100
AcDbEntity
  8
DIM_CUT
 62
     0
370
    -2
100
AcDbBlockReference
  2
_Oblique
 10
-56.75
 20
1480.0
 30
0.0
 41
4.0
 42
4.0
 43
4.0
 50
90.0
  0
MTEXT
  5
A78
330
A71
100
AcDbEntity
  8
DIM_CUT
  6
Continuous
 62
     0
100
AcDbMText
 10
-61.30250000000001
 20
1422.0
 30
0.0
 40
5.0
 41
0.0
 46
0.0
 71
     5
 72
     1
  1
116
  7
arialstyle
 11
0.0
 21
1.0
 31
0.0
 73
     1
 44
1.0
  0
POINT
  5
A79
330
A71
100
AcDbEntity
  8
Defpoints
 62
     0
100
AcDbPoint
 10
-16.75
 20
1364.0
 30
0.0
  0
POINT
  5
A7A
330
A71
100
AcDbEntity
  8
Defpoints
 62
     0
100
AcDbPoint
 10
-16.75
 20
1480.0
 30
0.0
  0
POINT
  5
A7B
330
A71
100
AcDbEntity
  8
Defpoints
 62
     0
100
AcDbPoint
 10
-56.75
 20
1480.0
 30
0.0
  0
ENDBLK
  5
A7C
330
A71
100
AcDbEntity
  8
0
100
AcDbBlockEnd
  0
BLOCK
  5
A80
330
A7F
100
AcDbEntity
  8
0
100
AcDbBlockBegin
  2
*D55
 70
     1
 10
0.0
 20
0.0
 30
0.0
  3
*D55
  1

  0
LINE
  5
A81
330
A7F
100
AcDbEntity
  8
DIM_CUT
  6
Continuous
 62
     0
370
    -2
100
AcDbLine
 10
-17.375
 20
0.0
 30
0.0
 11
-38.0
 21
0.0
 31
0.0
  0
LINE
  5
A82
330
A7F
100
AcDbEntity
  8
DIM_CUT
  6
Continuous
 62
     0
370
    -2
100
AcDbLine
 10
-17.375
 20
74.0
 30
0.0
 11
-38.0
 21
74.0
 31
0.0
  0
LINE
  5
A83
330
A7F
100
AcDbEntity
  8
DIM_CUT
  6
Continuous
 62
     0
370
    -2
100
AcDbLine
 10
-36.75
 20
0.0
 30
0.0
 11
-36.75
 21
74.0
 31
0.0
  0
INSERT
  5
A84
330
A7F
100
AcDbEntity
  8
DIM_CUT
 62
     0
370
    -2
100
AcDbBlockReference
  2
_Oblique
 10
-36.75
 20
0.0
 30
0.0
 41
4.0
 42
4.0
 43
4.0
 50
270.0
  0
INSERT
  5
A85
330
A7F
100
AcDbEntity
  8
DIM_CUT
 62
     0
370
    -2
100
AcDbBlockReference
  2
_Oblique
 10
-36.75
 20
74.0
 30
0.0
 41
4.0
 42
4.0
 43
4.0
 50
90.0
  0
MTEXT
  5
A86
330
A7F
100
AcDbEntity
  8
DIM_CUT
  6
Continuous
 62
     0
100
AcDbMText
 10
-41.25
 20
37.0
 30
0.0
 40
5.0
 41
0.0
 46
0.0
 71
     5
 72
     1
  1
74
  7
arialstyle
 11
0.0
 21
1.0
 31
0.0
 73
     1
 44
1.0
  0
POINT
  5
A87
330
A7F
100
AcDbEntity
  8
Defpoints
 62
     0
100
AcDbPoint
 10
-16.75
 20
0.0
 30
0.0
  0
POINT
  5
A88
330
A7F
100
AcDbEntity
  8
Defpoints
 62
     0
100
AcDbPoint
 10
-16.75
 20
74.0
 30
0.0
  0
POINT
  5
A89
330
A7F
100
AcDbEntity
  8
Defpoints
 62
     0
100
AcDbPoint
 10
-36.75
 20
74.0
 30
0.0
  0
ENDBLK
  5
A8A
330
A7F
100
AcDbEntity
  8
0
100
AcDbBlockEnd
  0
BLOCK
  5
A8E
330
A8D
100
AcDbEntity
  8
0
100
AcDbBlockBegin
  2
*D56
 70
     1
 10
0.0
 20
0.0
 30
0.0
  3
*D56
  1

  0
LINE
  5
A8F
330
A8D
100
AcDbEntity
  8
DIM_CUT
  6
Continuous
 62
     0
370
    -2
100
AcDbLine
 10
-17.375
 20
74.0
 30
0.0
 11
-38.0
 21
74.0
 31
0.0
  0
LINE
  5
A90
330
A8D
100
AcDbEntity
  8
DIM_CUT
  6
Continuous
 62
     0
370
    -2
100
AcDbLine
 10
-17.375
 20
116.0000000000002
 30
0.0
 11
-38.0
 21
116.0000000000002
 31
0.0
  0
LINE
  5
A91
330
A8D
100
AcDbEntity
  8
DIM_CUT
  6
Continuous
 62
     0
370
    -2
100
AcDbLine
 10
-36.75
 20
74.0
 30
0.0
 11
-36.75
 21
116.0000000000002
 31
0.0
  0
INSERT
  5
A92
330
A8D
100
AcDbEntity
  8
DIM_CUT
 62
     0
370
    -2
100
AcDbBlockReference
  2
_Oblique
 10
-36.75
 20
74.0
 30
0.0
 41
4.0
 42
4.0
 43
4.0
 50
270.0
  0
INSERT
  5
A93
330
A8D
100
AcDbEntity
  8
DIM_CUT
 62
     0
370
    -2
100
AcDbBlockReference
  2
_Oblique
 10
-36.75
 20
116.0000000000002
 30
0.0
 41
4.0
 42
4.0
 43
4.0
 50
90.0
  0
MTEXT
  5
A94
330
A8D
100
AcDbEntity
  8
DIM_CUT
  6
Continuous
 62
     0
100
AcDbMText
 10
-41.26000000000001
 20
95.00000000000011
 30
0.0
 40
5.0
 41
0.0
 46
0.0
 71
     5
 72
     1
  1
42
  7
arialstyle
 11
0.0
 21
1.0
 31
0.0
 73
     1
 44
1.0
  0
POINT
  5
A95
330
A8D
100
AcDbEntity
  8
Defpoints
 62
     0
100
AcDbPoint
 10
-16.75
 20
74.0
 30
0.0
  0
POINT
  5
A96
330
A8D
100
AcDbEntity
  8
Defpoints
 62
     0
100
AcDbPoint
 10
-16.75
 20
116.0000000000002
 30
0.0
  0
POINT
  5
A97
330
A8D
100
AcDbEntity
  8
Defpoints
 62
     0
100
AcDbPoint
 10
-36.75
 20
116.0000000000002
 30
0.0
  0
ENDBLK
  5
A98
330
A8D
100
AcDbEntity
  8
0
100
AcDbBlockEnd
  0
BLOCK
  5
A9C
330
A9B
100
AcDbEntity
  8
0
100
AcDbBlockBegin
  2
*D57
 70
     1
 10
0.0
 20
0.0
 30
0.0
  3
*D57
  1

  0
LINE
  5
A9D
330
A9B
100
AcDbEntity
  8
DIM_CUT
  6
Continuous
 62
     0
370
    -2
100
AcDbLine
 10
-17.375
 20
1364.0
 30
0.0
 11
-38.0
 21
1364.0
 31
0.0
  0
LINE
  5
A9E
330
A9B
100
AcDbEntity
  8
DIM_CUT
  6
Continuous
 62
     0
370
    -2
100
AcDbLine
 10
-17.375
 20
1406.0
 30
0.0
 11
-38.0
 21
1406.0
 31
0.0
  0
LINE
  5
A9F
330
A9B
100
AcDbEntity
  8
DIM_CUT
  6
Continuous
 62
     0
370
    -2
100
AcDbLine
 10
-36.75
 20
1364.0
 30
0.0
 11
-36.75
 21
1406.0
 31
0.0
  0
INSERT
  5
AA0
330
A9B
100
AcDbEntity
  8
DIM_CUT
 62
     0
370
    -2
100
AcDbBlockReference
  2
_Oblique
 10
-36.75
 20
1364.0
 30
0.0
 41
4.0
 42
4.0
 43
4.0
 50
270.0
  0
INSERT
  5
AA1
330
A9B
100
AcDbEntity
  8
DIM_CUT
 62
     0
370
    -2
100
AcDbBlockReference
  2
_Oblique
 10
-36.75
 20
1406.0
 30
0.0
 41
4.0
 42
4.0
 43
4.0
 50
90.0
  0
MTEXT
  5
AA2
330
A9B
100
AcDbEntity
  8
DIM_CUT
  6
Continuous
 62
     0
100
AcDbMText
 10
-41.25999999999999
 20
1385.0
 30
0.0
 40
5.0
 41
0.0
 46
0.0
 71
     5
 72
     1
  1
42
  7
arialstyle
 11
0.0
 21
1.0
 31
0.0
 73
     1
 44
1.0
  0
POINT
  5
AA3
330
A9B
100
AcDbEntity
  8
Defpoints
 62
     0
100
AcDbPoint
 10
-16.75
 20
1364.0
 30
0.0
  0
POINT
  5
AA4
330
A9B
100
AcDbEntity
  8
Defpoints
 62
     0
100
AcDbPoint
 10
-16.75
 20
1406.0
 30
0.0
  0
POINT
  5
AA5
330
A9B
100
AcDbEntity
  8
Defpoints
 62
     0
100
AcDbPoint
 10
-36.75
 20
1406.0
 30
0.0
  0
ENDBLK
  5
AA6
330
A9B
100
AcDbEntity
  8
0
100
AcDbBlockEnd
  0
BLOCK
  5
AAA
330
AA9
100
AcDbEntity
  8
0
100
AcDbBlockBegin
  2
*D58
 70
     1
 10
0.0
 20
0.0
 30
0.0
  3
*D58
  1

  0
LINE
  5
AAB
330
AA9
100
AcDbEntity
  8
DIM_CUT
  6
Continuous
 62
     0
370
    -2
100
AcDbLine
 10
-17.375
 20
1406.0
 30
0.0
 11
-38.0
 21
1406.0
 31
0.0
  0
LINE
  5
AAC
330
AA9
100
AcDbEntity
  8
DIM_CUT
  6
Continuous
 62
     0
370
    -2
100
AcDbLine
 10
-17.375
 20
1480.0
 30
0.0
 11
-38.0
 21
1480.0
 31
0.0
  0
LINE
  5
AAD
330
AA9
100
AcDbEntity
  8
DIM_CUT
  6
Continuous
 62
     0
370
    -2
100
AcDbLine
 10
-36.75
 20
1406.0
 30
0.0
 11
-36.75
 21
1480.0
 31
0.0
  0
INSERT
  5
AAE
330
AA9
100
AcDbEntity
  8
DIM_CUT
 62
     0
370
    -2
100
AcDbBlockReference
  2
_Oblique
 10
-36.75
 20
1406.0
 30
0.0
 41
4.0
 42
4.0
 43
4.0
 50
270.0
  0
INSERT
  5
AAF
330
AA9
100
AcDbEntity
  8
DIM_CUT
 62
     0
370
    -2
100
AcDbBlockReference
  2
_Oblique
 10
-36.75
 20
1480.0
 30
0.0
 41
4.0
 42
4.0
 43
4.0
 50
90.0
  0
MTEXT
  5
AB0
330
AA9
100
AcDbEntity
  8
DIM_CUT
  6
Continuous
 62
     0
100
AcDbMText
 10
-41.25
 20
1443.0
 30
0.0
 40
5.0
 41
0.0
 46
0.0
 71
     5
 72
     1
  1
74
  7
arialstyle
 11
0.0
 21
1.0
 31
0.0
 73
     1
 44
1.0
  0
POINT
  5
AB1
330
AA9
100
AcDbEntity
  8
Defpoints
 62
     0
100
AcDbPoint
 10
-16.75
 20
1406.0
 30
0.0
  0
POINT
  5
AB2
330
AA9
100
AcDbEntity
  8
Defpoints
 62
     0
100
AcDbPoint
 10
-16.75
 20
1480.0
 30
0.0
  0
POINT
  5
AB3
330
AA9
100
AcDbEntity
  8
Defpoints
 62
     0
100
AcDbPoint
 10
-36.75
 20
1480.0
 30
0.0
  0
ENDBLK
  5
AB4
330
AA9
100
AcDbEntity
  8
0
100
AcDbBlockEnd
  0
BLOCK
  5
AB8
330
AB7
100
AcDbEntity
  8
0
100
AcDbBlockBegin
  2
*D59
 70
     1
 10
0.0
 20
0.0
 30
0.0
  3
*D59
  1

  0
LINE
  5
AB9
330
AB7
100
AcDbEntity
  8
DIM_CUT
  6
Continuous
 62
     0
370
    -2
100
AcDbLine
 10
105.4943675115646
 20
0.0
 30
0.0
 11
126.1193675115646
 21
0.0
 31
0.0
  0
LINE
  5
ABA
330
AB7
100
AcDbEntity
  8
DIM_CUT
  6
Continuous
 62
     0
370
    -2
100
AcDbLine
 10
105.4943675115646
 20
38.00000000000023
 30
0.0
 11
126.1193675115646
 21
38.00000000000023
 31
0.0
  0
LINE
  5
ABB
330
AB7
100
AcDbEntity
  8
DIM_CUT
  6
Continuous
 62
     0
370
    -2
100
AcDbLine
 10
124.8693675115646
 20
0.0
 30
0.0
 11
124.8693675115646
 21
38.00000000000023
 31
0.0
  0
INSERT
  5
ABC
330
AB7
100
AcDbEntity
  8
DIM_CUT
 62
     0
370
    -2
100
AcDbBlockReference
  2
_Oblique
 10
124.8693675115646
 20
0.0
 30
0.0
 41
4.0
 42
4.0
 43
4.0
 50
270.0
  0
INSERT
  5
ABD
330
AB7
100
AcDbEntity
  8
DIM_CUT
 62
     0
370
    -2
100
AcDbBlockReference
  2
_Oblique
 10
124.8693675115646
 20
38.00000000000023
 30
0.0
 41
4.0
 42
4.0
 43
4.0
 50
90.0
  0
MTEXT
  5
ABE
330
AB7
100
AcDbEntity
  8
DIM_CUT
  6
Continuous
 62
     0
100
AcDbMText
 10
120.3168675115646
 20
19.00000000000011
 30
0.0
 40
5.0
 41
0.0
 46
0.0
 71
     5
 72
     1
  1
38
  7
arialstyle
 11
0.0
 21
1.0
 31
0.0
 73
     1
 44
1.0
  0
POINT
  5
ABF
330
AB7
100
AcDbEntity
  8
Defpoints
 62
     0
100
AcDbPoint
 10
104.8693675115646
 20
0.0
 30
0.0
  0
POINT
  5
AC0
330
AB7
100
AcDbEntity
  8
Defpoints
 62
     0
100
AcDbPoint
 10
104.8693675115646
 20
38.00000000000023
 30
0.0
  0
POINT
  5
AC1
330
AB7
100
AcDbEntity
  8
Defpoints
 62
     0
100
AcDbPoint
 10
124.8693675115646
 20
38.00000000000023
 30
0.0
  0
ENDBLK
  5
AC2
330
AB7
100
AcDbEntity
  8
0
100
AcDbBlockEnd
  0
BLOCK
  5
AC6
330
AC5
100
AcDbEntity
  8
0
100
AcDbBlockBegin
  2
*D60
 70
     1
 10
0.0
 20
0.0
 30
0.0
  3
*D60
  1

  0
LINE
  5
AC7
330
AC5
100
AcDbEntity
  8
DIM_CUT
  6
Continuous
 62
     0
370
    -2
100
AcDbLine
 10
105.4943675115646
 20
38.00000000000023
 30
0.0
 11
126.1193675115646
 21
38.00000000000023
 31
0.0
  0
LINE
  5
AC8
330
AC5
100
AcDbEntity
  8
DIM_CUT
  6
Continuous
 62
     0
370
    -2
100
AcDbLine
 10
105.4943675115646
 20
95.0
 30
0.0
 11
126.1193675115646
 21
95.0
 31
0.0
  0
LINE
  5
AC9
330
AC5
100
AcDbEntity
  8
DIM_CUT
  6
Continuous
 62
     0
370
    -2
100
AcDbLine
 10
124.8693675115646
 20
38.00000000000023
 30
0.0
 11
124.8693675115646
 21
95.0
 31
0.0
  0
INSERT
  5
ACA
330
AC5
100
AcDbEntity
  8
DIM_CUT
 62
     0
370
    -2
100
AcDbBlockReference
  2
_Oblique
 10
124.8693675115646
 20
38.00000000000023
 30
0.0
 41
4.0
 42
4.0
 43
4.0
 50
270.0
  0
INSERT
  5
ACB
330
AC5
100
AcDbEntity
  8
DIM_CUT
 62
     0
370
    -2
100
AcDbBlockReference
  2
_Oblique
 10
124.8693675115646
 20
95.0
 30
0.0
 41
4.0
 42
4.0
 43
4.0
 50
90.0
  0
MTEXT
  5
ACC
330
AC5
100
AcDbEntity
  8
DIM_CUT
  6
Continuous
 62
     0
100
AcDbMText
 10
120.3268675115646
 20
66.50000000000011
 30
0.0
 40
5.0
 41
0.0
 46
0.0
 71
     5
 72
     1
  1
57
  7
arialstyle
 11
0.0
 21
1.0
 31
0.0
 73
     1
 44
1.0
  0
POINT
  5
ACD
330
AC5
100
AcDbEntity
  8
Defpoints
 62
     0
100
AcDbPoint
 10
104.8693675115646
 20
38.00000000000023
 30
0.0
  0
POINT
  5
ACE
330
AC5
100
AcDbEntity
  8
Defpoints
 62
     0
100
AcDbPoint
 10
104.8693675115646
 20
95.0
 30
0.0
  0
POINT
  5
ACF
330
AC5
100
AcDbEntity
  8
Defpoints
 62
     0
100
AcDbPoint
 10
124.8693675115646
 20
95.0
 30
0.0
  0
ENDBLK
  5
AD0
330
AC5
100
AcDbEntity
  8
0
100
AcDbBlockEnd
  0
BLOCK
  5
AD4
330
AD3
100
AcDbEntity
  8
0
100
AcDbBlockBegin
  2
*D61
 70
     1
 10
0.0
 20
0.0
 30
0.0
  3
*D61
  1

  0
LINE
  5
AD5
330
AD3
100
AcDbEntity
  8
DIM_CUT
  6
Continuous
 62
     0
370
    -2
100
AcDbLine
 10
105.4943675115646
 20
1385.0
 30
0.0
 11
126.1193675115646
 21
1385.0
 31
0.0
  0
LINE
  5
AD6
330
AD3
100
AcDbEntity
  8
DIM_CUT
  6
Continuous
 62
     0
370
    -2
100
AcDbLine
 10
105.4943675115646
 20
1442.0
 30
0.0
 11
126.1193675115646
 21
1442.0
 31
0.0
  0
LINE
  5
AD7
330
AD3
100
AcDbEntity
  8
DIM_CUT
  6
Continuous
 62
     0
370
    -2
100
AcDbLine
 10
124.8693675115646
 20
1385.0
 30
0.0
 11
124.8693675115646
 21
1442.0
 31
0.0
  0
INSERT
  5
AD8
330
AD3
100
AcDbEntity
  8
DIM_CUT
 62
     0
370
    -2
100
AcDbBlockReference
  2
_Oblique
 10
124.8693675115646
 20
1385.0
 30
0.0
 41
4.0
 42
4.0
 43
4.0
 50
270.0
  0
INSERT
  5
AD9
330
AD3
100
AcDbEntity
  8
DIM_CUT
 62
     0
370
    -2
100
AcDbBlockReference
  2
_Oblique
 10
124.8693675115646
 20
1442.0
 30
0.0
 41
4.0
 42
4.0
 43
4.0
 50
90.0
  0
MTEXT
  5
ADA
330
AD3
100
AcDbEntity
  8
DIM_CUT
  6
Continuous
 62
     0
100
AcDbMText
 10
120.3268675115646
 20
1413.5
 30
0.0
 40
5.0
 41
0.0
 46
0.0
 71
     5
 72
     1
  1
57
  7
arialstyle
 11
0.0
 21
1.0
 31
0.0
 73
     1
 44
1.0
  0
POINT
  5
ADB
330
AD3
100
AcDbEntity
  8
Defpoints
 62
     0
100
AcDbPoint
 10
104.8693675115646
 20
1385.0
 30
0.0
  0
POINT
  5
ADC
330
AD3
100
AcDbEntity
  8
Defpoints
 62
     0
100
AcDbPoint
 10
104.8693675115646
 20
1442.0
 30
0.0
  0
POINT
  5
ADD
330
AD3
100
AcDbEntity
  8
Defpoints
 62
     0
100
AcDbPoint
 10
124.8693675115646
 20
1442.0
 30
0.0
  0
ENDBLK
  5
ADE
330
AD3
100
AcDbEntity
  8
0
100
AcDbBlockEnd
  0
BLOCK
  5
AE2
330
AE1
100
AcDbEntity
  8
0
100
AcDbBlockBegin
  2
*D62
 70
     1
 10
0.0
 20
0.0
 30
0.0
  3
*D62
  1

  0
LINE
  5
AE3
330
AE1
100
AcDbEntity
  8
DIM_CUT
  6
Continuous
 62
     0
370
    -2
100
AcDbLine
 10
105.4943675115646
 20
1442.0
 30
0.0
 11
126.1193675115646
 21
1442.0
 31
0.0
  0
LINE
  5
AE4
330
AE1
100
AcDbEntity
  8
DIM_CUT
  6
Continuous
 62
     0
370
    -2
100
AcDbLine
 10
105.4943675115646
 20
1480.0
 30
0.0
 11
126.1193675115646
 21
1480.0
 31
0.0
  0
LINE
  5
AE5
330
AE1
100
AcDbEntity
  8
DIM_CUT
  6
Continuous
 62
     0
370
    -2
100
AcDbLine
 10
124.8693675115646
 20
1442.0
 30
0.0
 11
124.8693675115646
 21
1480.0
 31
0.0
  0
INSERT
  5
AE6
330
AE1
100
AcDbEntity
  8
DIM_CUT
 62
     0
370
    -2
100
AcDbBlockReference
  2
_Oblique
 10
124.8693675115646
 20
1442.0
 30
0.0
 41
4.0
 42
4.0
 43
4.0
 50
270.0
  0
INSERT
  5
AE7
330
AE1
100
AcDbEntity
  8
DIM_CUT
 62
     0
370
    -2
100
AcDbBlockReference
  2
_Oblique
 10
124.8693675115646
 20
1480.0
 30
0.0
 41
4.0
 42
4.0
 43
4.0
 50
90.0
  0
MTEXT
  5
AE8
330
AE1
100
AcDbEntity
  8
DIM_CUT
  6
Continuous
 62
     0
100
AcDbMText
 10
120.3168675115646
 20
1461.0
 30
0.0
 40
5.0
 41
0.0
 46
0.0
 71
     5
 72
     1
  1
38
  7
arialstyle
 11
0.0
 21
1.0
 31
0.0
 73
     1
 44
1.0
  0
POINT
  5
AE9
330
AE1
100
AcDbEntity
  8
Defpoints
 62
     0
100
AcDbPoint
 10
104.8693675115646
 20
1442.0
 30
0.0
  0
POINT
  5
AEA
330
AE1
100
AcDbEntity
  8
Defpoints
 62
     0
100
AcDbPoint
 10
104.8693675115646
 20
1480.0
 30
0.0
  0
POINT
  5
AEB
330
AE1
100
AcDbEntity
  8
Defpoints
 62
     0
100
AcDbPoint
 10
124.8693675115646
 20
1480.0
 30
0.0
  0
ENDBLK
  5
AEC
330
AE1
100
AcDbEntity
  8
0
100
AcDbBlockEnd
  0
BLOCK
  5
B9F
330
B9E
100
AcDbEntity
  8
0
100
AcDbBlockBegin
  2
JOIN_INSERT_23_GLASS_4_16_4_16_4_4314273647584
 70
     0
 10
0.0
 20
0.0
 30
0.0
  3
JOIN_INSERT_23_GLASS_4_16_4_16_4_4314273647584
  1

  0
LINE
  5
BA0
330
B9E
100
AcDbEntity
  8
HATCH_GLASS
100
AcDbLine
 10
1.0
 20
3.0
 30
0.0
 11
1.0
 21
1287.0
 31
0.0
210
-1.0
220
0.0
230
0.0
  0
LINE
  5
BA1
330
B9E
100
AcDbEntity
  8
HATCH_GLASS
100
AcDbLine
 10
2.0
 20
3.0
 30
0.0
 11
2.0
 21
1287.0
 31
0.0
210
-1.0
220
0.0
230
0.0
  0
LINE
  5
BA2
330
B9E
100
AcDbEntity
  8
HATCH_GLASS
100
AcDbLine
 10
3.0
 20
3.0
 30
0.0
 11
3.0
 21
1287.0
 31
0.0
210
-1.0
220
0.0
230
0.0
  0
LWPOLYLINE
  5
BA3
330
B9E
100
AcDbEntity
  8
GLASS_GLASS_0
370
    -3
100
AcDbPolyline
 90
        4
 70
     1
 43
0.0
 10
0.0
 20
3.0
 10
4.0
 20
3.0
 10
4.0
 20
1287.0
 10
0.0
 20
1287.0
  0
LWPOLYLINE
  5
BA4
330
B9E
100
AcDbEntity
  8
GLASS_SPACER_INSIDE_0
370
    -3
100
AcDbPolyline
 90
        6
 70
     1
 43
0.0
 10
18.8
 20
15.0
 10
5.2
 20
15.0
 10
5.2
 20
9.9
 10
7.5
 20
7.600000000000001
 10
16.5
 20
7.600000000000001
 10
18.8
 20
9.9
  0
LWPOLYLINE
  5
BA5
330
B9E
100
AcDbEntity
  8
GLASS_SPACER_OUTSIDE_0
370
    -3
100
AcDbPolyline
 90
        6
 70
     1
 43
0.0
 10
20.0
 20
16.2
 10
4.0
 20
16.2
 10
4.0
 20
9.4
 10
7.0
 20
6.4
 10
17.0
 20
6.4
 10
20.0
 20
9.4
  0
LWPOLYLINE
  5
BA6
330
B9E
100
AcDbEntity
  8
GLASS_SPACER_GASKET
370
    -3
100
AcDbPolyline
 90
        6
 70
     1
 43
0.0
 10
4.0
 20
3.0
 10
20.0
 20
3.0
 10
20.0
 20
9.4
 10
17.0
 20
6.4
 10
7.0
 20
6.4
 10
4.0
 20
9.4
  0
LWPOLYLINE
  5
BA7
330
B9E
100
AcDbEntity
  8
GLASS_SPACER_INSIDE_0
370
    -3
100
AcDbPolyline
 90
        6
 70
     1
 43
0.0
 10
16.5
 20
1282.4
 10
7.5
 20
1282.4
 10
5.2
 20
1280.1
 10
5.2
 20
1275.0
 10
18.8
 20
1275.0
 10
18.8
 20
1280.1
  0
LWPOLYLINE
  5
BA8
330
B9E
100
AcDbEntity
  8
GLASS_SPACER_OUTSIDE_0
370
    -3
100
AcDbPolyline
 90
        6
 70
     1
 43
0.0
 10
17.0
 20
1283.6
 10
7.0
 20
1283.6
 10
4.0
 20
1280.6
 10
4.0
 20
1273.8
 10
20.0
 20
1273.8
 10
20.0
 20
1280.6
  0
LWPOLYLINE
  5
BA9
330
B9E
100
AcDbEntity
  8
GLASS_SPACER_GASKET
370
    -3
100
AcDbPolyline
 90
        6
 70
     1
 43
0.0
 10
20.0
 20
1287.0
 10
4.0
 20
1287.0
 10
4.0
 20
1280.6
 10
7.0
 20
1283.6
 10
17.0
 20
1283.6
 10
20.0
 20
1280.6
  0
LWPOLYLINE
  5
BAA
330
B9E
100
AcDbEntity
  8
AIR_1
370
    -3
100
AcDbPolyline
 90
        4
 70
     1
 43
0.0
 10
4.0
 20
16.2
 10
20.0
 20
16.2
 10
20.0
 20
1287.0
 10
4.0
 20
1287.0
  0
LINE
  5
BAB
330
B9E
100
AcDbEntity
  8
HATCH_GLASS
100
AcDbLine
 10
21.0
 20
3.0
 30
0.0
 11
21.0
 21
1287.0
 31
0.0
210
-1.0
220
0.0
230
0.0
  0
LINE
  5
BAC
330
B9E
100
AcDbEntity
  8
HATCH_GLASS
100
AcDbLine
 10
22.0
 20
3.0
 30
0.0
 11
22.0
 21
1287.0
 31
0.0
210
-1.0
220
0.0
230
0.0
  0
LINE
  5
BAD
330
B9E
100
AcDbEntity
  8
HATCH_GLASS
100
AcDbLine
 10
23.0
 20
3.0
 30
0.0
 11
23.0
 21
1287.0
 31
0.0
210
-1.0
220
0.0
230
0.0
  0
LWPOLYLINE
  5
BAE
330
B9E
100
AcDbEntity
  8
GLASS_GLASS_2
370
    -3
100
AcDbPolyline
 90
        4
 70
     1
 43
0.0
 10
20.0
 20
3.0
 10
24.0
 20
3.0
 10
24.0
 20
1287.0
 10
20.0
 20
1287.0
  0
LWPOLYLINE
  5
BAF
330
B9E
100
AcDbEntity
  8
GLASS_SPACER_INSIDE_0
370
    -3
100
AcDbPolyline
 90
        6
 70
     1
 43
0.0
 10
38.8
 20
15.0
 10
25.2
 20
15.0
 10
25.2
 20
9.9
 10
27.5
 20
7.600000000000001
 10
36.5
 20
7.600000000000001
 10
38.8
 20
9.9
  0
LWPOLYLINE
  5
BB0
330
B9E
100
AcDbEntity
  8
GLASS_SPACER_OUTSIDE_0
370
    -3
100
AcDbPolyline
 90
        6
 70
     1
 43
0.0
 10
40.0
 20
16.2
 10
24.0
 20
16.2
 10
24.0
 20
9.4
 10
27.0
 20
6.4
 10
37.0
 20
6.4
 10
40.0
 20
9.4
  0
LWPOLYLINE
  5
BB1
330
B9E
100
AcDbEntity
  8
GLASS_SPACER_GASKET
370
    -3
100
AcDbPolyline
 90
        6
 70
     1
 43
0.0
 10
24.0
 20
3.0
 10
40.0
 20
3.0
 10
40.0
 20
9.4
 10
37.0
 20
6.4
 10
27.0
 20
6.4
 10
24.0
 20
9.4
  0
LWPOLYLINE
  5
BB2
330
B9E
100
AcDbEntity
  8
GLASS_SPACER_INSIDE_0
370
    -3
100
AcDbPolyline
 90
        6
 70
     1
 43
0.0
 10
36.5
 20
1282.4
 10
27.5
 20
1282.4
 10
25.2
 20
1280.1
 10
25.2
 20
1275.0
 10
38.8
 20
1275.0
 10
38.8
 20
1280.1
  0
LWPOLYLINE
  5
BB3
330
B9E
100
AcDbEntity
  8
GLASS_SPACER_OUTSIDE_0
370
    -3
100
AcDbPolyline
 90
        6
 70
     1
 43
0.0
 10
37.0
 20
1283.6
 10
27.0
 20
1283.6
 10
24.0
 20
1280.6
 10
24.0
 20
1273.8
 10
40.0
 20
1273.8
 10
40.0
 20
1280.6
  0
LWPOLYLINE
  5
BB4
330
B9E
100
AcDbEntity
  8
GLASS_SPACER_GASKET
370
    -3
100
AcDbPolyline
 90
        6
 70
     1
 43
0.0
 10
40.0
 20
1287.0
 10
24.0
 20
1287.0
 10
24.0
 20
1280.6
 10
27.0
 20
1283.6
 10
37.0
 20
1283.6
 10
40.0
 20
1280.6
  0
LWPOLYLINE
  5
BB5
330
B9E
100
AcDbEntity
  8
AIR_3
370
    -3
100
AcDbPolyline
 90
        4
 70
     1
 43
0.0
 10
24.0
 20
16.2
 10
40.0
 20
16.2
 10
40.0
 20
1287.0
 10
24.0
 20
1287.0
  0
LINE
  5
BB6
330
B9E
100
AcDbEntity
  8
HATCH_GLASS
100
AcDbLine
 10
41.0
 20
3.0
 30
0.0
 11
41.0
 21
1287.0
 31
0.0
210
-1.0
220
0.0
230
0.0
  0
LINE
  5
BB7
330
B9E
100
AcDbEntity
  8
HATCH_GLASS
100
AcDbLine
 10
42.0
 20
3.0
 30
0.0
 11
42.0
 21
1287.0
 31
0.0
210
-1.0
220
0.0
230
0.0
  0
LINE
  5
BB8
330
B9E
100
AcDbEntity
  8
HATCH_GLASS
100
AcDbLine
 10
43.0
 20
3.0
 30
0.0
 11
43.0
 21
1287.0
 31
0.0
210
-1.0
220
0.0
230
0.0
  0
LWPOLYLINE
  5
BB9
330
B9E
100
AcDbEntity
  8
GLASS_GLASS_4
370
    -3
100
AcDbPolyline
 90
        4
 70
     1
 43
0.0
 10
40.0
 20
3.0
 10
44.0
 20
3.0
 10
44.0
 20
1287.0
 10
40.0
 20
1287.0
  0
LWPOLYLINE
  5
BBA
330
B9E
100
AcDbEntity
  8
GLAZING_PACKER
370
    -3
100
AcDbPolyline
 90
        4
 70
     1
 43
0.0
 10
-1.0
 20
0.0
 10
45.0
 20
0.0
 10
45.0
 20
3.0
 10
-1.0
 20
3.0
  0
LINE
  5
BBB
330
B9E
100
AcDbEntity
  8
GLAZING_PACKER
100
AcDbLine
 10
-1.0
 20
0.0
 30
0.0
 11
45.0
 21
3.0
 31
0.0
210
-0.06507913734559685
220
0.9978801059658186
230
0.0
  0
LINE
  5
BBC
330
B9E
100
AcDbEntity
  8
GLAZING_PACKER
100
AcDbLine
 10
-1.0
 20
3.0
 30
0.0
 11
45.0
 21
0.0
 31
0.0
210
0.06507913734559685
220
0.9978801059658186
230
0.0
  0
LWPOLYLINE
  5
BBD
330
B9E
100
AcDbEntity
  8
GLAZING_PACKER
370
    -3
100
AcDbPolyline
 90
        4
 70
     1
 43
0.0
 10
-1.0
 20
1287.0
 10
45.0
 20
1287.0
 10
45.0
 20
1290.0
 10
-1.0
 20
1290.0
  0
LINE
  5
BBE
330
B9E
100
AcDbEntity
  8
GLAZING_PACKER
100
AcDbLine
 10
-1.0
 20
1287.0
 30
0.0
 11
45.0
 21
1290.0
 31
0.0
210
-0.06507913734559685
220
0.9978801059658186
230
0.0
  0
LINE
  5
BBF
330
B9E
100
AcDbEntity
  8
GLAZING_PACKER
100
AcDbLine
 10
-1.0
 20
1290.0
 30
0.0
 11
45.0
 21
1287.0
 31
0.0
210
0.06507913734559685
220
0.9978801059658186
230
0.0
  0
ENDBLK
  5
BC0
330
B9E
100
AcDbEntity
  8
0
100
AcDbBlockEnd
  0
BLOCK
  5
C6F
330
C6E
100
AcDbEntity
  8
0
100
AcDbBlockBegin
  2
JOIN_INSERT_12_4314273576682
 70
     0
 10
0.0
 20
0.0
 30
0.0
  3
JOIN_INSERT_12_4314273576682
  1

  0
ENDBLK
  5
C70
330
C6E
100
AcDbEntity
  8
0
100
AcDbBlockEnd
  0
BLOCK
  5
C76
330
C75
100
AcDbEntity
  8
0
100
AcDbBlockBegin
  2
CUTLINE_2
 70
     0
 10
0.0
 20
0.0
 30
0.0
  3
CUTLINE_2
  1

  0
LINE
  5
C78
330
C75
100
AcDbEntity
  8
cut
  6
dashedstyle
100
AcDbLine
 10
641.7981283990493
 20
-110.0
 30
0.0
 11
641.7981283990493
 21
1590.0
 31
0.0
210
-1.0
220
0.0
230
0.0
  0
LINE
  5
C79
330
C75
100
AcDbEntity
  8
cut
  6
Continuous
100
AcDbLine
 10
591.7981283990493
 20
-73.33333333333333
 30
0.0
 11
625.1314617323827
 21
-73.33333333333333
 31
0.0
210
0.0
220
1.0
230
0.0
  0
LWPOLYLINE
  5
C7A
102
{ACAD_REACTORS
330
C7B
102
}
330
C75
100
AcDbEntity
  8
cut
  6
Continuous
100
AcDbPolyline
 90
        3
 70
     1
 43
0.0
 10
625.1314617323827
 20
-67.77777777777777
 10
641.7981283990493
 20
-73.33333333333333
 10
625.1314617323827
 20
-78.88888888888889
  0
HATCH
  5
C7B
330
C75
100
AcDbEntity
  8
cut
  6
Continuous
100
AcDbHatch
 10
0.0
 20
0.0
 30
0.0
210
0.0
220
0.0
230
1.0
  2
SOLID
 70
     1
 71
     1
 91
        1
 92
        1
 93
        3
 72
     1
 10
625.1314617323827
 20
-67.77777777777777
 11
641.7981283990493
 21
-73.33333333333333
 72
     1
 10
641.7981283990493
 20
-73.33333333333333
 11
625.1314617323827
 21
-78.88888888888889
 72
     1
 10
625.1314617323827
 20
-78.88888888888889
 11
625.1314617323827
 21
-67.77777777777777
 97
        1
330
C7A
 75
     0
 76
     1
 98
        1
 10
0.0
 20
0.0
  0
LINE
  5
C7C
330
C75
100
AcDbEntity
  8
cut
  6
Continuous
100
AcDbLine
 10
591.7981283990493
 20
1553.333333333333
 30
0.0
 11
625.1314617323827
 21
1553.333333333333
 31
0.0
210
0.0
220
1.0
230
0.0
  0
LWPOLYLINE
  5
C7D
102
{ACAD_REACTORS
330
C7E
102
}
330
C75
100
AcDbEntity
  8
cut
  6
Continuous
100
AcDbPolyline
 90
        3
 70
     1
 43
0.0
 10
625.1314617323827
 20
1558.888888888889
 10
641.7981283990493
 20
1553.333333333333
 10
625.1314617323827
 20
1547.777777777778
  0
HATCH
  5
C7E
330
C75
100
AcDbEntity
  8
cut
  6
Continuous
100
AcDbHatch
 10
0.0
 20
0.0
 30
0.0
210
0.0
220
0.0
230
1.0
  2
SOLID
 70
     1
 71
     1
 91
        1
 92
        1
 93
        3
 72
     1
 10
625.1314617323827
 20
1558.888888888889
 11
641.7981283990493
 21
1553.333333333333
 72
     1
 10
641.7981283990493
 20
1553.333333333333
 11
625.1314617323827
 21
1547.777777777778
 72
     1
 10
625.1314617323827
 20
1547.777777777778
 11
625.1314617323827
 21
1558.888888888889
 97
        1
330
C7D
 75
     0
 76
     1
 98
        1
 10
0.0
 20
0.0
  0
TEXT
  5
C7F
330
C75
100
AcDbEntity
  8
cut
  6
Continuous
 62
     0
100
AcDbText
 10
496.4481283990493
 20
-98.33333333333333
 30
0.0
 40
50.0
  1
S2
  7
arialstyle
 72
     2
 11
581.7981283990493
 21
-73.33333333333333
 31
0.0
100
AcDbText
 73
     2
1001
SYSCON_ODA_APP
1002
{
1000
CUTLINE;2
1002
}
  0
TEXT
  5
C80
330
C75
100
AcDbEntity
  8
cut
  6
Continuous
 62
     0
100
AcDbText
 10
496.4481283990493
 20
1528.333333333333
 30
0.0
 40
50.0
  1
S2
  7
arialstyle
 72
     2
 11
581.7981283990493
 21
1553.333333333333
 31
0.0
100
AcDbText
 73
     2
1001
SYSCON_ODA_APP
1002
{
1000
CUTLINE;2
1002
}
  0
ENDBLK
  5
C77
330
C75
100
AcDbEntity
  8
0
100
AcDbBlockEnd
  0
BLOCK
  5
CFA
330
C84
100
AcDbEntity
  8
0
100
AcDbBlockBegin
  2
USERTEXT_3
 70
     0
 10
0.0
 20
0.0
 30
0.0
  3
USERTEXT_3
  1

  0
MTEXT
  5
CF9
330
C84
100
AcDbEntity
  8
USERTEXT
  6
Continuous
100
AcDbMText
 10
2.644999999999982
 20
325.714393939394
 30
0.0
 40
25.0
 41
3000.0
 46
3000.0
 71
     1
 72
     1
  1
Profilsystem System 76 MD^JRahmen 76171 74 mm^JV309 Verstärkung 1.5 mm^JFlügel 76271 78 mm^JV306 Verstärkung 1.5 mm^JBeschlag^IDreh-Kipp rechts^JGlas^I44 mm, 4/16/4/16/4  (Ug=0.6, PsiG=0.030)^JUw  = 0.83 W/(m²K)^J
  7
CON_USERTEXT
 73
     1
 44
1.0
1001
ACAD
1000
ACAD_MTEXT_DEFINED_HEIGHT_BEGIN
1070
    46
1040
3000.0
1000
ACAD_MTEXT_DEFINED_HEIGHT_END
  0
ENDBLK
  5
CFB
330
C84
100
AcDbEntity
  8
0
100
AcDbBlockEnd
  0
ENDSEC
  0
SECTION
  2
ENTITIES
  0
HATCH
  5
6E2
330
1F
100
AcDbEntity
  8
glass
  6
Continuous
440
 33554457
100
AcDbHatch
 10
0.0
 20
0.0
 30
0.0
210
0.0
220
0.0
230
1.0
  2
SOLID
 70
     1
 71
     0
 91
        1
 92
        3
 72
     0
 73
     1
 93
        4
 10
1132.0
 20
98.0
 10
1132.0
 20
1382.0
 10
98.0
 20
1382.0
 10
98.00000000000001
 20
98.0
 97
        0
 75
     0
 76
     1
 98
        0
  0
LWPOLYLINE
  5
6E3
330
1F
100
AcDbEntity
  8
profile_outer
  6
Continuous
100
AcDbPolyline
 90
        5
 70
     0
 43
0.0
 10
1132.0
 20
98.0
 10
1132.0
 20
1382.0
 10
98.0
 20
1382.0
 10
98.00000000000001
 20
98.0
 10
1132.0
 20
98.0
  0
HATCH
  5
6E4
330
1F
100
AcDbEntity
  8
profile_inner
  6
Continuous
100
AcDbHatch
 10
0.0
 20
0.0
 30
0.0
210
0.0
220
0.0
230
1.0
  2
SOLID
 70
     1
 71
     0
 91
        1
 92
        3
 72
     0
 73
     1
 93
        4
 10
0.0000000000000284
 20
0.0
 10
1230.0
 20
0.0
 10
1156.0
 20
74.0
 10
74.0
 20
74.0
 97
        0
 75
     0
 76
     1
 98
        0
  0
LWPOLYLINE
  5
6E5
330
1F
100
AcDbEntity
  8
profile_outer
  6
Continuous
100
AcDbPolyline
 90
        2
 70
     0
 43
0.0
 10
0.0000000000000284
 20
0.0
 10
1230.0
 20
0.0
  0
LWPOLYLINE
  5
6E6
330
1F
100
AcDbEntity
  8
profile_outer
  6
Continuous
100
AcDbPolyline
 90
        2
 70
     0
 43
0.0
 10
1230.0
 20
0.0
 10
1156.0
 20
74.0
  0
LWPOLYLINE
  5
6E7
330
1F
100
AcDbEntity
  8
profile_outer
  6
Continuous
100
AcDbPolyline
 90
        2
 70
     0
 43
0.0
 10
1156.0
 20
74.0
 10
74.0
 20
74.0
  0
LWPOLYLINE
  5
6E8
330
1F
100
AcDbEntity
  8
profile_outer
  6
Continuous
100
AcDbPolyline
 90
        2
 70
     0
 43
0.0
 10
74.0
 20
74.0
 10
0.0
 20
0.0
  0
HATCH
  5
6E9
330
1F
100
AcDbEntity
  8
profile_inner
  6
Continuous
100
AcDbHatch
 10
0.0
 20
0.0
 30
0.0
210
0.0
220
0.0
230
1.0
  2
SOLID
 70
     1
 71
     0
 91
        1
 92
        3
 72
     0
 73
     1
 93
        4
 10
1230.0
 20
0.0000000000000284
 10
1230.0
 20
1480.0
 10
1156.0
 20
1406.0
 10
1156.0
 20
74.0
 97
        0
 75
     0
 76
     1
 98
        0
  0
LWPOLYLINE
  5
6EA
330
1F
100
AcDbEntity
  8
profile_outer
  6
Continuous
100
AcDbPolyline
 90
        2
 70
     0
 43
0.0
 10
1230.0
 20
0.0000000000000284
 10
1230.0
 20
1480.0
  0
LWPOLYLINE
  5
6EB
330
1F
100
AcDbEntity
  8
profile_outer
  6
Continuous
100
AcDbPolyline
 90
        2
 70
     0
 43
0.0
 10
1230.0
 20
1480.0
 10
1156.0
 20
1406.0
  0
LWPOLYLINE
  5
6EC
330
1F
100
AcDbEntity
  8
profile_outer
  6
Continuous
100
AcDbPolyline
 90
        2
 70
     0
 43
0.0
 10
1156.0
 20
1406.0
 10
1156.0
 20
74.0
  0
LWPOLYLINE
  5
6ED
330
1F
100
AcDbEntity
  8
profile_outer
  6
Continuous
100
AcDbPolyline
 90
        2
 70
     0
 43
0.0
 10
1156.0
 20
74.0
 10
1230.0
 20
0.0000000000000284
  0
HATCH
  5
6EE
330
1F
100
AcDbEntity
  8
profile_inner
  6
Continuous
100
AcDbHatch
 10
0.0
 20
0.0
 30
0.0
210
0.0
220
0.0
230
1.0
  2
SOLID
 70
     1
 71
     0
 91
        1
 92
        3
 72
     0
 73
     1
 93
        4
 10
1230.0
 20
1480.0
 10
0.0
 20
1480.0
 10
73.99999999999977
 20
1406.0
 10
1156.0
 20
1406.0
 97
        0
 75
     0
 76
     1
 98
        0
  0
LWPOLYLINE
  5
6EF
330
1F
100
AcDbEntity
  8
profile_outer
  6
Continuous
100
AcDbPolyline
 90
        2
 70
     0
 43
0.0
 10
1230.0
 20
1480.0
 10
-0.0000000000002274
 20
1480.0
  0
LWPOLYLINE
  5
6F0
330
1F
100
AcDbEntity
  8
profile_outer
  6
Continuous
100
AcDbPolyline
 90
        2
 70
     0
 43
0.0
 10
0.0
 20
1480.0
 10
74.0
 20
1406.0
  0
LWPOLYLINE
  5
6F1
330
1F
100
AcDbEntity
  8
profile_outer
  6
Continuous
100
AcDbPolyline
 90
        2
 70
     0
 43
0.0
 10
73.99999999999977
 20
1406.0
 10
1156.0
 20
1406.0
  0
LWPOLYLINE
  5
6F2
330
1F
100
AcDbEntity
  8
profile_outer
  6
Continuous
100
AcDbPolyline
 90
        2
 70
     0
 43
0.0
 10
1156.0
 20
1406.0
 10
1230.0
 20
1480.0
  0
HATCH
  5
6F3
330
1F
100
AcDbEntity
  8
profile_inner
  6
Continuous
100
AcDbHatch
 10
0.0
 20
0.0
 30
0.0
210
0.0
220
0.0
230
1.0
  2
SOLID
 70
     1
 71
     0
 91
        1
 92
        3
 72
     0
 73
     1
 93
        4
 10
0.0
 20
1480.0
 10
0.0
 20
0.0
 10
74.0
 20
74.0
 10
74.0
 20
1406.0
 97
        0
 75
     0
 76
     1
 98
        0
  0
LWPOLYLINE
  5
6F4
330
1F
100
AcDbEntity
  8
profile_outer
  6
Continuous
100
AcDbPolyline
 90
        2
 70
     0
 43
0.0
 10
0.0
 20
1480.0
 10
0.0
 20
0.0000000000002274
  0
LWPOLYLINE
  5
6F5
330
1F
100
AcDbEntity
  8
profile_outer
  6
Continuous
100
AcDbPolyline
 90
        2
 70
     0
 43
0.0
 10
0.0
 20
0.0
 10
74.0
 20
74.0
  0
LWPOLYLINE
  5
6F6
330
1F
100
AcDbEntity
  8
profile_outer
  6
Continuous
100
AcDbPolyline
 90
        2
 70
     0
 43
0.0
 10
74.0
 20
74.0
 10
74.0
 20
1406.0
  0
LWPOLYLINE
  5
6F7
330
1F
100
AcDbEntity
  8
profile_outer
  6
Continuous
100
AcDbPolyline
 90
        2
 70
     0
 43
0.0
 10
74.0
 20
1406.0
 10
0.0
 20
1480.0
  0
HATCH
  5
6F8
330
1F
100
AcDbEntity
  8
profile_inner
  6
Continuous
100
AcDbHatch
 10
0.0
 20
0.0
 30
0.0
210
0.0
220
0.0
230
1.0
  2
SOLID
 70
     1
 71
     0
 91
        1
 92
        3
 72
     0
 73
     1
 93
        4
 10
38.00000000000006
 20
38.0
 10
1192.0
 20
38.0
 10
1114.0
 20
116.0
 10
116.0
 20
116.0
 97
        0
 75
     0
 76
     1
 98
        0
  0
LWPOLYLINE
  5
6F9
330
1F
100
AcDbEntity
  8
profile_outer
  6
Continuous
100
AcDbPolyline
 90
        2
 70
     0
 43
0.0
 10
38.00000000000006
 20
38.0
 10
1192.0
 20
38.0
  0
LWPOLYLINE
  5
6FA
330
1F
100
AcDbEntity
  8
profile_outer
  6
Continuous
100
AcDbPolyline
 90
        2
 70
     0
 43
0.0
 10
1192.0
 20
38.0
 10
1114.0
 20
116.0
  0
LWPOLYLINE
  5
6FB
330
1F
100
AcDbEntity
  8
profile_outer
  6
Continuous
100
AcDbPolyline
 90
        2
 70
     0
 43
0.0
 10
1114.0
 20
116.0
 10
116.0
 20
116.0
  0
LWPOLYLINE
  5
6FC
330
1F
100
AcDbEntity
  8
profile_outer
  6
Continuous
100
AcDbPolyline
 90
        2
 70
     0
 43
0.0
 10
116.0
 20
116.0
 10
38.0
 20
38.0
  0
HATCH
  5
6FD
330
1F
100
AcDbEntity
  8
profile_inner
  6
Continuous
100
AcDbHatch
 10
0.0
 20
0.0
 30
0.0
210
0.0
220
0.0
230
1.0
  2
SOLID
 70
     1
 71
     0
 91
        1
 92
        3
 72
     0
 73
     1
 93
        4
 10
1192.0
 20
38.00000000000006
 10
1192.0
 20
1442.0
 10
1114.0
 20
1364.0
 10
1114.0
 20
116.0
 97
        0
 75
     0
 76
     1
 98
        0
  0
LWPOLYLINE
  5
6FE
330
1F
100
AcDbEntity
  8
profile_outer
  6
Continuous
100
AcDbPolyline
 90
        2
 70
     0
 43
0.0
 10
1192.0
 20
38.00000000000006
 10
1192.0
 20
1442.0
  0
LWPOLYLINE
  5
6FF
330
1F
100
AcDbEntity
  8
profile_outer
  6
Continuous
100
AcDbPolyline
 90
        2
 70
     0
 43
0.0
 10
1192.0
 20
1442.0
 10
1114.0
 20
1364.0
  0
LWPOLYLINE
  5
700
330
1F
100
AcDbEntity
  8
profile_outer
  6
Continuous
100
AcDbPolyline
 90
        2
 70
     0
 43
0.0
 10
1114.0
 20
1364.0
 10
1114.0
 20
116.0
  0
LWPOLYLINE
  5
701
330
1F
100
AcDbEntity
  8
profile_outer
  6
Continuous
100
AcDbPolyline
 90
        2
 70
     0
 43
0.0
 10
1114.0
 20
116.0
 10
1192.0
 20
38.0
  0
HATCH
  5
702
330
1F
100
AcDbEntity
  8
profile_inner
  6
Continuous
100
AcDbHatch
 10
0.0
 20
0.0
 30
0.0
210
0.0
220
0.0
230
1.0
  2
SOLID
 70
     1
 71
     0
 91
        1
 92
        3
 72
     0
 73
     1
 93
        4
 10
1192.0
 20
1442.0
 10
38.0
 20
1442.0
 10
115.9999999999998
 20
1364.0
 10
1114.0
 20
1364.0
 97
        0
 75
     0
 76
     1
 98
        0
  0
LWPOLYLINE
  5
703
330
1F
100
AcDbEntity
  8
profile_outer
  6
Continuous
100
AcDbPolyline
 90
        2
 70
     0
 43
0.0
 10
1192.0
 20
1442.0
 10
37.99999999999977
 20
1442.0
  0
LWPOLYLINE
  5
704
330
1F
100
AcDbEntity
  8
profile_outer
  6
Continuous
100
AcDbPolyline
 90
        2
 70
     0
 43
0.0
 10
38.0
 20
1442.0
 10
116.0
 20
1364.0
  0
LWPOLYLINE
  5
705
330
1F
100
AcDbEntity
  8
profile_outer
  6
Continuous
100
AcDbPolyline
 90
        2
 70
     0
 43
0.0
 10
115.9999999999998
 20
1364.0
 10
1114.0
 20
1364.0
  0
LWPOLYLINE
  5
706
330
1F
100
AcDbEntity
  8
profile_outer
  6
Continuous
100
AcDbPolyline
 90
        2
 70
     0
 43
0.0
 10
1114.0
 20
1364.0
 10
1192.0
 20
1442.0
  0
HATCH
  5
707
330
1F
100
AcDbEntity
  8
profile_inner
  6
Continuous
100
AcDbHatch
 10
0.0
 20
0.0
 30
0.0
210
0.0
220
0.0
230
1.0
  2
SOLID
 70
     1
 71
     0
 91
        1
 92
        3
 72
     0
 73
     1
 93
        4
 10
38.0
 20
1442.0
 10
38.0
 20
38.0
 10
116.0
 20
116.0
 10
116.0
 20
1364.0
 97
        0
 75
     0
 76
     1
 98
        0
  0
LWPOLYLINE
  5
708
330
1F
100
AcDbEntity
  8
profile_outer
  6
Continuous
100
AcDbPolyline
 90
        2
 70
     0
 43
0.0
 10
38.0
 20
1442.0
 10
38.0
 20
38.0
  0
LWPOLYLINE
  5
709
330
1F
100
AcDbEntity
  8
profile_outer
  6
Continuous
100
AcDbPolyline
 90
        2
 70
     0
 43
0.0
 10
38.0
 20
38.0
 10
116.0
 20
116.0
  0
LWPOLYLINE
  5
70A
330
1F
100
AcDbEntity
  8
profile_outer
  6
Continuous
100
AcDbPolyline
 90
        2
 70
     0
 43
0.0
 10
116.0
 20
116.0
 10
116.0
 20
1364.0
  0
LWPOLYLINE
  5
70B
330
1F
100
AcDbEntity
  8
profile_outer
  6
Continuous
100
AcDbPolyline
 90
        2
 70
     0
 43
0.0
 10
116.0
 20
1364.0
 10
38.0
 20
1442.0
  0
LINE
  5
70C
330
1F
100
AcDbEntity
  8
oeffsym
  6
Continuous
100
AcDbLine
 10
922.5
 20
1047.5
 30
0.0
 11
307.5
 21
740.0
 31
0.0
210
0.447213595499958
220
-0.894427190999916
230
0.0
  0
LINE
  5
70D
330
1F
100
AcDbEntity
  8
oeffsym
  6
Continuous
100
AcDbLine
 10
922.5
 20
432.5
 30
0.0
 11
307.5
 21
740.0
 31
0.0
210
-0.447213595499958
220
-0.894427190999916
230
0.0
  0
LINE
  5
70E
330
1F
100
AcDbEntity
  8
oeffsym
  6
Continuous
100
AcDbLine
 10
307.5
 20
432.5
 30
0.0
 11
615.0
 21
1047.5
 31
0.0
210
-0.894427190999916
220
0.447213595499958
230
0.0
  0
LINE
  5
70F
330
1F
100
AcDbEntity
  8
oeffsym
  6
Continuous
100
AcDbLine
 10
922.5
 20
432.5
 30
0.0
 11
615.0
 21
1047.5
 31
0.0
210
-0.894427190999916
220
-0.447213595499958
230
0.0
  0
TEXT
  5
710
330
1F
100
AcDbEntity
  8
oefftext
  6
Continuous
100
AcDbText
 10
640.0
 20
765.0
 30
0.0
 40
50.0
  1
1
  7
arialstyle
100
AcDbText
  0
TEXT
  5
711
330
1F
100
AcDbEntity
  8
oefftext
  6
Continuous
100
AcDbText
 10
566.525
 20
640.0
 30
0.0
 40
50.0
  1
dkr
  7
arialstyle
 72
     1
 11
615.0
 21
640.0
 31
0.0
100
AcDbText
  0
DIMENSION
  5
712
102
{ACAD_XDICTIONARY
360
713
102
}
330
1F
100
AcDbEntity
  8
CON_DIM
  6
Continuous
100
AcDbDimension
280
     0
  2
*D2
 10
1230.0
 20
-120.0
 30
0.0
 11
615.0
 21
-64.26499999999999
 31
0.0
 70
    33
 71
     5
 42
1230.0
 73
     0
 74
     0
 75
     0
  3
CON_DIM
100
AcDbAlignedDimension
 13
0.0
 23
0.0
 33
0.0
 14
1230.0
 24
0.0
 34
0.0
1001
ACAD
1000
DSTYLE
1002
{
1070
   278
1070
    46
1002
}
1001
ACAD_DSTYLE_DIMJAG
1070
   388
1040
1.5
1001
SYSCON_ODA_APP
1002
{
1000
GX
1002
}
  0
DIMENSION
  5
722
102
{ACAD_XDICTIONARY
360
723
102
}
330
1F
100
AcDbEntity
  8
CON_DIM
  6
Continuous
100
AcDbDimension
280
     0
  2
*D3
 10
1350.0
 20
1480.0
 30
0.0
 11
1294.265
 21
740.0
 31
0.0
 70
    33
 71
     5
 42
1480.0
 73
     0
 74
     0
 75
     0
  3
CON_DIM
100
AcDbAlignedDimension
 13
1230.0
 23
0.0
 33
0.0
 14
1230.0
 24
1480.0
 34
0.0
1001
ACAD
1000
DSTYLE
1002
{
1070
   278
1070
    46
1002
}
1001
ACAD_DSTYLE_DIMJAG
1070
   388
1040
1.5
1001
SYSCON_ODA_APP
1002
{
1000
GY
1002
}
  0
INSERT
  5
737
330
1F
100
AcDbEntity
  8
cut
 62
     0
100
AcDbBlockReference
  2
CUT_1
 10
4.63655411495769
 20
-0.0000000000003411
 30
0.0
1001
SYSCON_ODA_APP
1002
{
1000
CUT;1
1002
}
  0
INSERT
  5
9D9
330
1F
100
AcDbEntity
  8
cut
 62
     0
100
AcDbBlockReference
  2
CUTLINE_1
 10
0.0
 20
0.0
 30
0.0
1001
SYSCON_ODA_APP
1002
{
1000
CUTLINE;1
1002
}
  0
INSERT
  5
9DF
330
1F
100
AcDbEntity
  8
cut
 62
     0
100
AcDbBlockReference
  2
CUT_2
 10
0.0000000000002274
 20
-19.51958925905205
 30
0.0
1001
SYSCON_ODA_APP
1002
{
1000
CUT;2
1002
}
  0
INSERT
  5
C81
330
1F
100
AcDbEntity
  8
cut
 62
     0
100
AcDbBlockReference
  2
CUTLINE_2
 10
0.0
 20
0.0
 30
0.0
1001
SYSCON_ODA_APP
1002
{
1000
CUTLINE;2
1002
}
  0
INSERT
  5
CFC
330
1F
100
AcDbEntity
  8
0
 62
     0
100
AcDbBlockReference
  2
USERTEXT_3
 10
1490.076605533964
 20
-601.5780146261693
 30
0.0
1001
SYSCON_ODA_APP
1002
{
1000
USERTEXT;3
1002
}
  0
ENDSEC
  0
SECTION
  2
OBJECTS
  0
DICTIONARY
  5
C
330
0
100
AcDbDictionary
281
     1
  3
ACAD_CIP_PREVIOUS_PRODUCT_INFO
350
225
  3
ACAD_COLOR
350
206
  3
ACAD_DETAILVIEWSTYLE
350
21F
  3
ACAD_GROUP
350
D
  3
ACAD_LAYOUT
350
1A
  3
ACAD_MATERIAL
350
1D4
  3
ACAD_MLEADERSTYLE
350
21B
  3
ACAD_MLINESTYLE
350
17
  3
ACAD_PLOTSETTINGS
350
19
  3
ACAD_PLOTSTYLENAME
350
E
  3
ACAD_RENDER_ACTIVE_RAPIDRT_SETTINGS
350
22D
  3
ACAD_RENDER_ACTIVE_SETTINGS
350
4A3
  3
ACAD_SCALELIST
350
209
  3
ACAD_SECTIONVIEWSTYLE
350
21D
  3
ACAD_TABLESTYLE
350
207
  3
ACAD_VISUALSTYLE
350
1ED
  3
ACDB_RECOMPOSE_DATA
350
D03
  3
AcDbVariableDictionary
350
5E
  0
DICTIONARY
  5
411
330
8
100
AcDbDictionary
280
     1
281
     1
  0
SUN
  5
3C1
330
1D2
100
AcDbSun
 90
        1
290
     0
 63
     7
 40
1.0
291
     1
 91
  2455826
 92
 54000000
292
     0
 70
     2
 71
   256
280
     1
  0
DICTIONARY
  5
2BF
330
2
100
AcDbDictionary
280
     1
281
     1
  3
ACAD_LAYERSTATES
360
2C0
  0
DICTIONARY
  5
22E
330
10
100
AcDbDictionary
280
     1
281
     1
  3
ADSK_XREC_LAYER_RECONCILED
360
22F
  0
DICTIONARY
  5
230
330
68
100
AcDbDictionary
280
     1
281
     1
  3
ADSK_XREC_LAYER_RECONCILED
360
231
  0
DICTIONARY
  5
232
330
69
100
AcDbDictionary
280
     1
281
     1
  3
ADSK_XREC_LAYER_RECONCILED
360
233
  0
DICTIONARY
  5
234
330
6A
100
AcDbDictionary
280
     1
281
     1
  3
ADSK_XREC_LAYER_RECONCILED
360
235
  0
DICTIONARY
  5
236
330
6B
100
AcDbDictionary
280
     1
281
     1
  3
ADSK_XREC_LAYER_RECONCILED
360
237
  0
DICTIONARY
  5
238
330
80
100
AcDbDictionary
280
     1
281
     1
  3
ADSK_XREC_LAYER_RECONCILED
360
239
  0
DICTIONARY
  5
23A
330
9C
100
AcDbDictionary
280
     1
281
     1
  3
ADSK_XREC_LAYER_RECONCILED
360
23B
  0
DICTIONARY
  5
23C
330
AC
100
AcDbDictionary
280
     1
281
     1
  3
ADSK_XREC_LAYER_RECONCILED
360
23D
  0
DICTIONARY
  5
23E
330
B3
100
AcDbDictionary
280
     1
281
     1
  3
ADSK_XREC_LAYER_RECONCILED
360
23F
  0
DICTIONARY
  5
240
330
BA
100
AcDbDictionary
280
     1
281
     1
  3
ADSK_XREC_LAYER_RECONCILED
360
241
  0
DICTIONARY
  5
242
330
BB
100
AcDbDictionary
280
     1
281
     1
  3
ADSK_XREC_LAYER_RECONCILED
360
243
  0
DICTIONARY
  5
244
330
152
100
AcDbDictionary
280
     1
281
     1
  3
ADSK_XREC_LAYER_RECONCILED
360
245
  0
DICTIONARY
  5
246
330
15F
100
AcDbDictionary
280
     1
281
     1
  3
ADSK_XREC_LAYER_RECONCILED
360
247
  0
DICTIONARY
  5
248
330
166
100
AcDbDictionary
280
     1
281
     1
  3
ADSK_XREC_LAYER_RECONCILED
360
249
  0
DICTIONARY
  5
24A
330
17B
100
AcDbDictionary
280
     1
281
     1
  3
ADSK_XREC_LAYER_RECONCILED
360
24B
  0
DICTIONARY
  5
24C
330
192
100
AcDbDictionary
280
     1
281
     1
  3
ADSK_XREC_LAYER_RECONCILED
360
24D
  0
DICTIONARY
  5
24E
330
19A
100
AcDbDictionary
280
     1
281
     1
  3
ADSK_XREC_LAYER_RECONCILED
360
24F
  0
DICTIONARY
  5
250
330
1C2
100
AcDbDictionary
280
     1
281
     1
  3
ADSK_XREC_LAYER_RECONCILED
360
251
  0
DICTIONARY
  5
73A
330
739
100
AcDbDictionary
280
     1
281
     1
  3
ADSK_XREC_LAYER_RECONCILED
360
73B
  0
DICTIONARY
  5
740
330
73F
100
AcDbDictionary
280
     1
281
     1
  3
ADSK_XREC_LAYER_RECONCILED
360
741
  0
DICTIONARY
  5
743
330
742
100
AcDbDictionary
280
     1
281
     1
  3
ADSK_XREC_LAYER_RECONCILED
360
744
  0
DICTIONARY
  5
746
330
745
100
AcDbDictionary
280
     1
281
     1
  3
ADSK_XREC_LAYER_RECONCILED
360
747
  0
DICTIONARY
  5
749
330
748
100
AcDbDictionary
280
     1
281
     1
  3
ADSK_XREC_LAYER_RECONCILED
360
74A
  0
DICTIONARY
  5
74C
330
74B
100
AcDbDictionary
280
     1
281
     1
  3
ADSK_XREC_LAYER_RECONCILED
360
74D
  0
DICTIONARY
  5
74F
330
74E
100
AcDbDictionary
280
     1
281
     1
  3
ADSK_XREC_LAYER_RECONCILED
360
750
  0
DICTIONARY
  5
752
330
751
100
AcDbDictionary
280
     1
281
     1
  3
ADSK_XREC_LAYER_RECONCILED
360
753
  0
DICTIONARY
  5
755
330
754
100
AcDbDictionary
280
     1
281
     1
  3
ADSK_XREC_LAYER_RECONCILED
360
756
  0
DICTIONARY
  5
758
330
757
100
AcDbDictionary
280
     1
281
     1
  3
ADSK_XREC_LAYER_RECONCILED
360
759
  0
DICTIONARY
  5
75E
330
75D
100
AcDbDictionary
280
     1
281
     1
  3
ADSK_XREC_LAYER_RECONCILED
360
75F
  0
DICTIONARY
  5
91B
330
91A
100
AcDbDictionary
280
     1
281
     1
  3
ACAD_SORTENTS
360
91C
  0
DICTIONARY
  5
949
330
948
100
AcDbDictionary
280
     1
281
     1
  3
ACAD_SORTENTS
360
94A
  0
DICTIONARY
  5
986
330
985
100
AcDbDictionary
280
     1
281
     1
  3
ACAD_SORTENTS
360
987
  0
DICTIONARY
  5
7AC
330
7AB
100
AcDbDictionary
280
     1
281
     1
  0
DICTIONARY
  5
7BA
330
7B9
100
AcDbDictionary
280
     1
281
     1
  0
DICTIONARY
  5
7C8
330
7C7
100
AcDbDictionary
280
     1
281
     1
  0
DICTIONARY
  5
7D6
330
7D5
100
AcDbDictionary
280
     1
281
     1
  0
DICTIONARY
  5
7E4
330
7E3
100
AcDbDictionary
280
     1
281
     1
  0
DICTIONARY
  5
7F2
330
7F1
100
AcDbDictionary
280
     1
281
     1
  0
DICTIONARY
  5
800
330
7FF
100
AcDbDictionary
280
     1
281
     1
  0
DICTIONARY
  5
80E
330
80D
100
AcDbDictionary
280
     1
281
     1
  0
DICTIONARY
  5
81C
330
81B
100
AcDbDictionary
280
     1
281
     1
  0
DICTIONARY
  5
82A
330
829
100
AcDbDictionary
280
     1
281
     1
  0
DICTIONARY
  5
838
330
837
100
AcDbDictionary
280
     1
281
     1
  0
DICTIONARY
  5
A54
330
A53
100
AcDbDictionary
280
     1
281
     1
  0
DICTIONARY
  5
A62
330
A61
100
AcDbDictionary
280
     1
281
     1
  0
DICTIONARY
  5
A70
330
A6F
100
AcDbDictionary
280
     1
281
     1
  0
DICTIONARY
  5
A7E
330
A7D
100
AcDbDictionary
280
     1
281
     1
  0
DICTIONARY
  5
A8C
330
A8B
100
AcDbDictionary
280
     1
281
     1
  0
DICTIONARY
  5
A9A
330
A99
100
AcDbDictionary
280
     1
281
     1
  0
DICTIONARY
  5
AA8
330
AA7
100
AcDbDictionary
280
     1
281
     1
  0
DICTIONARY
  5
AB6
330
AB5
100
AcDbDictionary
280
     1
281
     1
  0
DICTIONARY
  5
AC4
330
AC3
100
AcDbDictionary
280
     1
281
     1
  0
DICTIONARY
  5
AD2
330
AD1
100
AcDbDictionary
280
     1
281
     1
  0
DICTIONARY
  5
AE0
330
ADF
100
AcDbDictionary
280
     1
281
     1
  0
DICTIONARY
  5
713
330
712
100
AcDbDictionary
280
     1
281
     1
  0
DICTIONARY
  5
723
330
722
100
AcDbDictionary
280
     1
281
     1
  0
XRECORD
  5
225
102
{ACAD_REACTORS
330
C
102
}
330
C
100
AcDbXrecord
280
     1
300
ACD
300
2022
300

  0
DICTIONARY
  5
206
102
{ACAD_REACTORS
330
C
102
}
330
C
100
AcDbDictionary
281
     1
  0
DICTIONARY
  5
21F
102
{ACAD_REACTORS
330
C
102
}
330
C
100
AcDbDictionary
281
     1
  3
Metric50
350
220
  0
DICTIONARY
  5
D
102
{ACAD_REACTORS
330
C
102
}
330
C
100
AcDbDictionary
281
     1
  0
DICTIONARY
  5
1A
102
{ACAD_REACTORS
330
C
102
}
330
C
100
AcDbDictionary
281
     1
  3
Layout1
350
51
  3
Layout2
350
56
  3
Model
350
22
  0
DICTIONARY
  5
1D4
102
{ACAD_REACTORS
330
C
102
}
330
C
100
AcDbDictionary
281
     1
  3
ByBlock
350
1DD
  3
ByLayer
350
1D5
  3
Global
350
1E5
  0
DICTIONARY
  5
21B
102
{ACAD_REACTORS
330
C
102
}
330
C
100
AcDbDictionary
281
     1
  3
Standard
350
21C
  0
DICTIONARY
  5
17
102
{ACAD_REACTORS
330
C
102
}
330
C
100
AcDbDictionary
281
     1
  3
Standard
350
18
  0
DICTIONARY
  5
19
102
{ACAD_REACTORS
330
C
102
}
330
C
100
AcDbDictionary
281
     1
  0
ACDBDICTIONARYWDFLT
  5
E
102
{ACAD_REACTORS
330
C
102
}
330
C
100
AcDbDictionary
281
     1
  3
Color_1
350
450
  3
Color_133
350
452
  3
Color_144
350
457
  3
COLOR_2
350
78A
  3
Color_250
350
44F
  3
Color_251
350
454
  3
Color_253
350
451
  3
Color_254
350
456
  3
Color_30
350
453
  3
Color_5
350
44E
  3
Color_7
350
44D
  3
Color_8
350
455
  3
Normal
350
F
100
AcDbDictionaryWithDefault
340
F
  0
RAPIDRTRENDERSETTINGS
  5
22D
102
{ACAD_REACTORS
330
C
102
}
330
C
100
AcDbRenderSettings
 90
        2
  1
Mittel
290
     1
290
     0
290
     1
290
     1
  1

  1
Wendet 5 Render-Ebenen an
 90
        0
100
AcDbRapidRTRenderSettings
 90
        3
 70
     0
 90
        5
 90
        1
 70
     1
 70
     2
 40
3.0
 40
3.0
290
     1
1001
ACAD
1000
AcRTDxfName
1000
RAPIDRTRENDERSETTINGS
  0
MENTALRAYRENDERSETTINGS
  5
4A3
102
{ACAD_REACTORS
330
C
102
}
102
{ACAD_XDICTIONARY
360
4A4
102
}
330
C
100
AcDbRenderSettings
 90
        2
  1
Medium
290
     1
290
     1
290
     1
290
     1
  1

  1

 90
        0
100
AcDbMentalRayRenderSettings
 90
        2
 90
        0
 90
        1
 70
     2
 40
3.0
 40
3.0
 40
0.0500000007450581
 40
0.0500000007450581
 40
0.0500000007450581
 40
0.0500000007450581
 70
     0
290
     0
290
     1
 90
        5
 90
        5
 90
        5
290
     0
 90
      500
290
     0
 40
1.0
 90
    10000
 90
        5
 90
        5
 90
        5
290
     0
 90
      200
290
     0
290
     0
290
     0
 40
1.0
 40
1.0
 40
1500.0
 70
     0
 70
     0
 40
10.0
 70
     0
 70
     0
290
     0
  1

 90
       32
 70
     0
 90
     1048
290
     0
 40
1.0
  0
DICTIONARY
  5
209
102
{ACAD_REACTORS
330
C
102
}
330
C
100
AcDbDictionary
281
     1
  3
A0
350
20A
  3
A1
350
20B
  3
A2
350
20C
  3
A3
350
20D
  3
A4
350
20E
  3
A5
350
20F
  3
A6
350
210
  3
A7
350
211
  3
A8
350
212
  3
A9
350
213
  3
B0
350
214
  3
B1
350
215
  3
B2
350
216
  3
B3
350
217
  3
B4
350
218
  3
B5
350
219
  3
B6
350
21A
  0
DICTIONARY
  5
21D
102
{ACAD_REACTORS
330
C
102
}
330
C
100
AcDbDictionary
281
     1
  3
Metric50
350
21E
  0
DICTIONARY
  5
207
102
{ACAD_REACTORS
330
C
102
}
330
C
100
AcDbDictionary
281
     1
  3
Standard
350
208
  0
DICTIONARY
  5
1ED
102
{ACAD_REACTORS
330
C
102
}
330
C
100
AcDbDictionary
281
     1
  3
2dWireframe
350
1F3
  3
Basic
350
1F2
  3
Brighten
350
1F9
  3
ColorChange
350
1FD
  3
Conceptual
350
1F6
  3
Dim
350
1F8
  3
EdgeColorOff
350
205
  3
Facepattern
350
1FC
  3
Flat
350
1EE
  3
FlatWithEdges
350
1EF
  3
Gouraud
350
1F0
  3
GouraudWithEdges
350
1F1
  3
Hidden
350
1F5
  3
JitterOff
350
203
  3
Linepattern
350
1FB
  3
OverhangOff
350
204
  3
Realistic
350
1F7
  3
Shaded
350
202
  3
Shaded with edges
350
201
  3
Shades of Gray
350
1FE
  3
Sketchy
350
1FF
  3
Thicken
350
1FA
  3
Wireframe
350
1F4
  3
X-Ray
350
200
  0
XRECORD
  5
D03
102
{ACAD_REACTORS
330
C
102
}
330
C
100
AcDbXrecord
280
     1
 90
        1
330
208
  0
DICTIONARY
  5
5E
102
{ACAD_REACTORS
330
C
102
}
330
C
100
AcDbDictionary
281
     1
  3
CANNOSCALE
350
41B
  3
CMLEADERSTYLE
350
2AE
  3
CTABLESTYLE
350
2AD
  3
CVIEWDETAILSTYLE
350
2AF
  3
CVIEWSECTIONSTYLE
350
2B0
  3
DIMASSOC
350
5F
  3
HIDETEXT
350
63
  3
INDEXCTL
350
337
  3
LAYEREVAL
350
2B4
  3
LAYERNOTIFY
350
2B5
  3
LIGHTINGUNITS
350
2B3
  3
MSLTSCALE
350
2B1
  3
SORTENTS
350
336
  0
DICTIONARY
  5
2C0
102
{ACAD_REACTORS
330
2BF
102
}
330
2BF
100
AcDbDictionary
281
     1
  0
XRECORD
  5
22F
102
{ACAD_REACTORS
330
22E
102
}
330
22E
100
AcDbXrecord
280
     1
290
     1
  0
XRECORD
  5
231
102
{ACAD_REACTORS
330
230
102
}
330
230
100
AcDbXrecord
280
     1
290
     1
  0
XRECORD
  5
233
102
{ACAD_REACTORS
330
232
102
}
330
232
100
AcDbXrecord
280
     1
290
     1
  0
XRECORD
  5
235
102
{ACAD_REACTORS
330
234
102
}
330
234
100
AcDbXrecord
280
     1
290
     1
  0
XRECORD
  5
237
102
{ACAD_REACTORS
330
236
102
}
330
236
100
AcDbXrecord
280
     1
290
     1
  0
XRECORD
  5
239
102
{ACAD_REACTORS
330
238
102
}
330
238
100
AcDbXrecord
280
     1
290
     1
  0
XRECORD
  5
23B
102
{ACAD_REACTORS
330
23A
102
}
330
23A
100
AcDbXrecord
280
     1
290
     1
  0
XRECORD
  5
23D
102
{ACAD_REACTORS
330
23C
102
}
330
23C
100
AcDbXrecord
280
     1
290
     1
  0
XRECORD
  5
23F
102
{ACAD_REACTORS
330
23E
102
}
330
23E
100
AcDbXrecord
280
     1
290
     1
  0
XRECORD
  5
241
102
{ACAD_REACTORS
330
240
102
}
330
240
100
AcDbXrecord
280
     1
290
     1
  0
XRECORD
  5
243
102
{ACAD_REACTORS
330
242
102
}
330
242
100
AcDbXrecord
280
     1
290
     1
  0
XRECORD
  5
245
102
{ACAD_REACTORS
330
244
102
}
330
244
100
AcDbXrecord
280
     1
290
     1
  0
XRECORD
  5
247
102
{ACAD_REACTORS
330
246
102
}
330
246
100
AcDbXrecord
280
     1
290
     1
  0
XRECORD
  5
249
102
{ACAD_REACTORS
330
248
102
}
330
248
100
AcDbXrecord
280
     1
290
     1
  0
XRECORD
  5
24B
102
{ACAD_REACTORS
330
24A
102
}
330
24A
100
AcDbXrecord
280
     1
290
     1
  0
XRECORD
  5
24D
102
{ACAD_REACTORS
330
24C
102
}
330
24C
100
AcDbXrecord
280
     1
290
     1
  0
XRECORD
  5
24F
102
{ACAD_REACTORS
330
24E
102
}
330
24E
100
AcDbXrecord
280
     1
290
     1
  0
XRECORD
  5
251
102
{ACAD_REACTORS
330
250
102
}
330
250
100
AcDbXrecord
280
     1
290
     1
  0
XRECORD
  5
73B
102
{ACAD_REACTORS
330
73A
102
}
330
73A
100
AcDbXrecord
280
     1
290
     1
  0
XRECORD
  5
741
102
{ACAD_REACTORS
330
740
102
}
330
740
100
AcDbXrecord
280
     1
290
     1
  0
XRECORD
  5
744
102
{ACAD_REACTORS
330
743
102
}
330
743
100
AcDbXrecord
280
     1
290
     1
  0
XRECORD
  5
747
102
{ACAD_REACTORS
330
746
102
}
330
746
100
AcDbXrecord
280
     1
290
     1
  0
XRECORD
  5
74A
102
{ACAD_REACTORS
330
749
102
}
330
749
100
AcDbXrecord
280
     1
290
     1
  0
XRECORD
  5
74D
102
{ACAD_REACTORS
330
74C
102
}
330
74C
100
AcDbXrecord
280
     1
290
     1
  0
XRECORD
  5
750
102
{ACAD_REACTORS
330
74F
102
}
330
74F
100
AcDbXrecord
280
     1
290
     1
  0
XRECORD
  5
753
102
{ACAD_REACTORS
330
752
102
}
330
752
100
AcDbXrecord
280
     1
290
     1
  0
XRECORD
  5
756
102
{ACAD_REACTORS
330
755
102
}
330
755
100
AcDbXrecord
280
     1
290
     1
  0
XRECORD
  5
759
102
{ACAD_REACTORS
330
758
102
}
330
758
100
AcDbXrecord
280
     1
290
     1
  0
XRECORD
  5
75F
102
{ACAD_REACTORS
330
75E
102
}
330
75E
100
AcDbXrecord
280
     1
290
     1
  0
SORTENTSTABLE
  5
91C
102
{ACAD_REACTORS
330
91B
102
}
330
91B
100
AcDbSortentsTable
330
91A
331
91E
  5
91F
331
91F
  5
920
331
920
  5
91E
  0
SORTENTSTABLE
  5
94A
102
{ACAD_REACTORS
330
949
102
}
330
949
100
AcDbSortentsTable
330
948
  0
SORTENTSTABLE
  5
987
102
{ACAD_REACTORS
330
986
102
}
330
986
100
AcDbSortentsTable
330
985
331
989
  5
98A
331
98A
  5
98B
331
98B
  5
989
  0
ACDBDETAILVIEWSTYLE
  5
220
102
{ACAD_REACTORS
330
21F
102
}
102
{ACAD_XDICTIONARY
360
730
102
}
330
21F
100
AcDbModelDocViewStyle
 70
     0
  3
Metric50
290
     0
100
AcDbDetailViewStyle
 70
     0
 71
     0
 90
        3
 71
     1
340
11
 62
   256
 40
5.0
340
0
 62
   256
 40
5.0
300

 40
0.0
280
     1
 71
     2
340
16
 90
       25
 62
   256
 71
     3
340
11
 62
   256
 40
5.0
 90
        0
 40
15.0
 90
        1
300
%<\AcVar ViewDetailId>% (%<\AcVar ViewScale \f "%sn">%)
 71
     4
340
16
 90
       25
 62
   256
340
16
 90
       25
 62
   256
280
     0
  0
LAYOUT
  5
51
102
{ACAD_REACTORS
330
1A
102
}
330
1A
100
AcDbPlotSettings
  1

  2
None
  4

  6

 40
0.0
 41
0.0
 42
0.0
 43
0.0
 44
0.0
 45
0.0
 46
0.0
 47
0.0
 48
0.0
 49
0.0
140
0.0
141
0.0
142
1.0
143
1.0
 70
   688
 72
     0
 73
     0
 74
     5
  7

 75
    16
 76
     0
 77
     2
 78
   300
147
1.0
148
0.0
149
0.0
100
AcDbLayout
  1
Layout1
 70
     1
 71
     1
 10
0.0
 20
0.0
 11
12.0
 21
9.0
 12
0.0
 22
0.0
 32
0.0
 14
0.0
 24
0.0
 34
0.0
 15
0.0
 25
0.0
 35
0.0
146
0.0
 13
0.0
 23
0.0
 33
0.0
 16
1.0
 26
0.0
 36
0.0
 17
0.0
 27
1.0
 37
0.0
 76
     0
330
50
  0
LAYOUT
  5
56
102
{ACAD_REACTORS
330
1A
102
}
330
1A
100
AcDbPlotSettings
  1

  2
None
  4

  6

 40
0.0
 41
0.0
 42
0.0
 43
0.0
 44
0.0
 45
0.0
 46
0.0
 47
0.0
 48
0.0
 49
0.0
140
0.0
141
0.0
142
1.0
143
1.0
 70
   688
 72
     0
 73
     0
 74
     5
  7

 75
    16
 76
     0
 77
     2
 78
   300
147
1.0
148
0.0
149
0.0
100
AcDbLayout
  1
Layout2
 70
     1
 71
     2
 10
0.0
 20
0.0
 11
12.0
 21
9.0
 12
0.0
 22
0.0
 32
0.0
 14
0.0
 24
0.0
 34
0.0
 15
0.0
 25
0.0
 35
0.0
146
0.0
 13
0.0
 23
0.0
 33
0.0
 16
1.0
 26
0.0
 36
0.0
 17
0.0
 27
1.0
 37
0.0
 76
     0
330
55
  0
LAYOUT
  5
22
102
{ACAD_REACTORS
330
1A
102
}
330
1A
100
AcDbPlotSettings
  1

  2
none_device
  4
ANSI_A_(8.50_x_11.00_Inches)
  6

 40
6.349999904632568
 41
19.04999923706055
 42
6.350006103515625
 43
19.04998779296875
 44
215.8999938964844
 45
279.3999938964844
 46
0.0
 47
0.0
 48
0.0
 49
0.0
140
0.0
141
0.0
142
1.0
143
78.436453180766
 70
 11952
 72
     0
 73
     1
 74
     0
  7

 75
     0
 76
     0
 77
     2
 78
   300
147
0.0127491741332998
148
0.0
149
0.0
100
AcDbLayout
  1
Model
 70
     1
 71
     0
 10
0.0
 20
0.0
 11
12.0
 21
9.0
 12
0.0
 22
0.0
 32
0.0
 14
0.0
 24
0.0
 34
0.0
 15
0.0
 25
0.0
 35
0.0
146
0.0
 13
0.0
 23
0.0
 33
0.0
 16
1.0
 26
0.0
 36
0.0
 17
0.0
 27
1.0
 37
0.0
 76
     0
330
1F
331
1D2
  0
MATERIAL
  5
1DD
102
{ACAD_REACTORS
330
1D4
102
}
330
1D4
100
AcDbMaterial
  1
ByBlock
 72
     0
 73
     2
 43
0.0008202099737533
 43
0.0
 43
0.0
 43
0.0
 43
0.0
 43
0.0008202099737533
 43
0.0
 43
0.0
 43
0.0
 43
0.0
 43
1.0
 43
0.0
 43
0.0
 43
0.0
 43
0.0
 43
1.0
 77
     0
 78
     2
 47
0.0008202099737533
 47
0.0
 47
0.0
 47
0.0
 47
0.0
 47
0.0008202099737533
 47
0.0
 47
0.0
 47
0.0
 47
0.0
 47
1.0
 47
0.0
 47
0.0
 47
0.0
 47
0.0
 47
1.0
171
     0
172
     2
 49
0.0008202099737533
 49
0.0
 49
0.0
 49
0.0
 49
0.0
 49
0.0008202099737533
 49
0.0
 49
0.0
 49
0.0
 49
0.0
 49
1.0
 49
0.0
 49
0.0
 49
0.0
 49
0.0
 49
1.0
175
     0
176
     2
142
0.0008202099737533
142
0.0
142
0.0
142
0.0
142
0.0
142
0.0008202099737533
142
0.0
142
0.0
142
0.0
142
0.0
142
1.0
142
0.0
142
0.0
142
0.0
142
0.0
142
1.0
179
     0
270
     2
144
0.0008202099737533
144
0.0
144
0.0
144
0.0
144
0.0
144
0.0008202099737533
144
0.0
144
0.0
144
0.0
144
0.0
144
1.0
144
0.0
144
0.0
144
0.0
144
0.0
144
1.0
274
     2
147
0.0008202099737533
147
0.0
147
0.0
147
0.0
147
0.0
147
0.0008202099737533
147
0.0
147
0.0
147
0.0
147
0.0
147
1.0
147
0.0
147
0.0
147
0.0
147
0.0
147
1.0
 94
      127
  0
MATERIAL
  5
1D5
102
{ACAD_REACTORS
330
1D4
102
}
330
1D4
100
AcDbMaterial
  1
ByLayer
 72
     0
 73
     2
 43
0.0008202099737533
 43
0.0
 43
0.0
 43
0.0
 43
0.0
 43
0.0008202099737533
 43
0.0
 43
0.0
 43
0.0
 43
0.0
 43
1.0
 43
0.0
 43
0.0
 43
0.0
 43
0.0
 43
1.0
 77
     0
 78
     2
 47
0.0008202099737533
 47
0.0
 47
0.0
 47
0.0
 47
0.0
 47
0.0008202099737533
 47
0.0
 47
0.0
 47
0.0
 47
0.0
 47
1.0
 47
0.0
 47
0.0
 47
0.0
 47
0.0
 47
1.0
171
     0
172
     2
 49
0.0008202099737533
 49
0.0
 49
0.0
 49
0.0
 49
0.0
 49
0.0008202099737533
 49
0.0
 49
0.0
 49
0.0
 49
0.0
 49
1.0
 49
0.0
 49
0.0
 49
0.0
 49
0.0
 49
1.0
175
     0
176
     2
142
0.0008202099737533
142
0.0
142
0.0
142
0.0
142
0.0
142
0.0008202099737533
142
0.0
142
0.0
142
0.0
142
0.0
142
1.0
142
0.0
142
0.0
142
0.0
142
0.0
142
1.0
179
     0
270
     2
144
0.0008202099737533
144
0.0
144
0.0
144
0.0
144
0.0
144
0.0008202099737533
144
0.0
144
0.0
144
0.0
144
0.0
144
1.0
144
0.0
144
0.0
144
0.0
144
0.0
144
1.0
274
     2
147
0.0008202099737533
147
0.0
147
0.0
147
0.0
147
0.0
147
0.0008202099737533
147
0.0
147
0.0
147
0.0
147
0.0
147
1.0
147
0.0
147
0.0
147
0.0
147
0.0
147
1.0
 94
      127
  0
MATERIAL
  5
1E5
102
{ACAD_REACTORS
330
1D4
102
}
102
{ACAD_XDICTIONARY
360
4AC
102
}
330
1D4
100
AcDbMaterial
  1
Global
 72
     0
 73
     2
 43
0.0008202099737533
 43
0.0
 43
0.0
 43
0.0
 43
0.0
 43
0.0008202099737533
 43
0.0
 43
0.0
 43
0.0
 43
0.0
 43
1.0
 43
0.0
 43
0.0
 43
0.0
 43
0.0
 43
1.0
 77
     0
 78
     2
 47
0.0008202099737533
 47
0.0
 47
0.0
 47
0.0
 47
0.0
 47
0.0008202099737533
 47
0.0
 47
0.0
 47
0.0
 47
0.0
 47
1.0
 47
0.0
 47
0.0
 47
0.0
 47
0.0
 47
1.0
171
     0
172
     2
 49
0.0008202099737533
 49
0.0
 49
0.0
 49
0.0
 49
0.0
 49
0.0008202099737533
 49
0.0
 49
0.0
 49
0.0
 49
0.0
 49
1.0
 49
0.0
 49
0.0
 49
0.0
 49
0.0
 49
1.0
175
     0
176
     2
142
0.0008202099737533
142
0.0
142
0.0
142
0.0
142
0.0
142
0.0008202099737533
142
0.0
142
0.0
142
0.0
142
0.0
142
1.0
142
0.0
142
0.0
142
0.0
142
0.0
142
1.0
179
     0
270
     2
144
0.0008202099737533
144
0.0
144
0.0
144
0.0
144
0.0
144
0.0008202099737533
144
0.0
144
0.0
144
0.0
144
0.0
144
1.0
144
0.0
144
0.0
144
0.0
144
0.0
144
1.0
274
     2
147
0.0008202099737533
147
0.0
147
0.0
147
0.0
147
0.0
147
0.0008202099737533
147
0.0
147
0.0
147
0.0
147
0.0
147
1.0
147
0.0
147
0.0
147
0.0
147
0.0
147
1.0
 94
      127
  0
MLEADERSTYLE
  5
21C
102
{ACAD_REACTORS
330
21B
102
}
330
21B
100
AcDbMLeaderStyle
179
     2
170
     2
171
     1
172
     0
 90
        2
 40
0.0
 41
0.0
173
     1
 91
-1056964608
340
14
 92
       -2
290
     1
 42
2.0
291
     1
 43
0.36
  3
Standard
341
0
 44
4.0
300

342
11
174
     1
178
     6
175
     1
176
     0
 93
-1056964608
 45
4.0
292
     0
297
     0
 46
4.0
343
0
 94
-1056964608
 47
1.0
 49
1.0
140
1.0
293
     1
141
0.0
294
     1
177
     0
142
1.0
295
     0
296
     0
143
0.125
271
     0
272
     9
273
     9
298
     0
  0
MLINESTYLE
  5
18
102
{ACAD_REACTORS
330
17
102
}
330
17
100
AcDbMlineStyle
  2
STANDARD
 70
     0
  3

 62
   256
 51
90.0
 52
90.0
 71
     2
 49
0.5
 62
   256
  6
BYLAYER
 49
-0.5
 62
   256
  6
BYLAYER
  0
ACDBPLACEHOLDER
  5
450
102
{ACAD_REACTORS
330
E
102
}
330
E
  0
ACDBPLACEHOLDER
  5
452
102
{ACAD_REACTORS
330
E
102
}
330
E
  0
ACDBPLACEHOLDER
  5
457
102
{ACAD_REACTORS
330
E
102
}
330
E
  0
ACDBPLACEHOLDER
  5
78A
102
{ACAD_REACTORS
330
E
102
}
330
E
  0
ACDBPLACEHOLDER
  5
44F
102
{ACAD_REACTORS
330
E
102
}
330
E
  0
ACDBPLACEHOLDER
  5
454
102
{ACAD_REACTORS
330
E
102
}
330
E
  0
ACDBPLACEHOLDER
  5
451
102
{ACAD_REACTORS
330
E
102
}
330
E
  0
ACDBPLACEHOLDER
  5
456
102
{ACAD_REACTORS
330
E
102
}
330
E
  0
ACDBPLACEHOLDER
  5
453
102
{ACAD_REACTORS
330
E
102
}
330
E
  0
ACDBPLACEHOLDER
  5
44E
102
{ACAD_REACTORS
330
E
102
}
330
E
  0
ACDBPLACEHOLDER
  5
44D
102
{ACAD_REACTORS
330
E
102
}
330
E
  0
ACDBPLACEHOLDER
  5
455
102
{ACAD_REACTORS
330
E
102
}
330
E
  0
ACDBPLACEHOLDER
  5
F
102
{ACAD_REACTORS
330
E
102
}
330
E
  0
DICTIONARY
  5
4A4
330
4A3
100
AcDbDictionary
280
     1
281
     1
  3
ADSK_XREC_MENTALRAYSETTINGSINFO
360
4A5
  0
SCALE
  5
20A
102
{ACAD_REACTORS
330
209
102
}
330
209
100
AcDbScale
 70
     0
300
1:1
140
1.0
141
1.0
290
     1
  0
SCALE
  5
20B
102
{ACAD_REACTORS
330
209
102
}
330
209
100
AcDbScale
 70
     0
300
1:2
140
1.0
141
2.0
290
     0
  0
SCALE
  5
20C
102
{ACAD_REACTORS
330
209
102
}
330
209
100
AcDbScale
 70
     0
300
1:4
140
1.0
141
4.0
290
     0
  0
SCALE
  5
20D
102
{ACAD_REACTORS
330
209
102
}
330
209
100
AcDbScale
 70
     0
300
1:5
140
1.0
141
5.0
290
     0
  0
SCALE
  5
20E
102
{ACAD_REACTORS
330
209
102
}
330
209
100
AcDbScale
 70
     0
300
1:8
140
1.0
141
8.0
290
     0
  0
SCALE
  5
20F
102
{ACAD_REACTORS
330
209
102
}
330
209
100
AcDbScale
 70
     0
300
1:10
140
1.0
141
10.0
290
     0
  0
SCALE
  5
210
102
{ACAD_REACTORS
330
209
102
}
330
209
100
AcDbScale
 70
     0
300
1:16
140
1.0
141
16.0
290
     0
  0
SCALE
  5
211
102
{ACAD_REACTORS
330
209
102
}
330
209
100
AcDbScale
 70
     0
300
1:20
140
1.0
141
20.0
290
     0
  0
SCALE
  5
212
102
{ACAD_REACTORS
330
209
102
}
330
209
100
AcDbScale
 70
     0
300
1:30
140
1.0
141
30.0
290
     0
  0
SCALE
  5
213
102
{ACAD_REACTORS
330
209
102
}
330
209
100
AcDbScale
 70
     0
300
1:40
140
1.0
141
40.0
290
     0
  0
SCALE
  5
214
102
{ACAD_REACTORS
330
209
102
}
330
209
100
AcDbScale
 70
     0
300
1:50
140
1.0
141
50.0
290
     0
  0
SCALE
  5
215
102
{ACAD_REACTORS
330
209
102
}
330
209
100
AcDbScale
 70
     0
300
1:100
140
1.0
141
100.0
290
     0
  0
SCALE
  5
216
102
{ACAD_REACTORS
330
209
102
}
330
209
100
AcDbScale
 70
     0
300
2:1
140
2.0
141
1.0
290
     0
  0
SCALE
  5
217
102
{ACAD_REACTORS
330
209
102
}
330
209
100
AcDbScale
 70
     0
300
4:1
140
4.0
141
1.0
290
     0
  0
SCALE
  5
218
102
{ACAD_REACTORS
330
209
102
}
330
209
100
AcDbScale
 70
     0
300
8:1
140
8.0
141
1.0
290
     0
  0
SCALE
  5
219
102
{ACAD_REACTORS
330
209
102
}
330
209
100
AcDbScale
 70
     0
300
10:1
140
10.0
141
1.0
290
     0
  0
SCALE
  5
21A
102
{ACAD_REACTORS
330
209
102
}
330
209
100
AcDbScale
 70
     0
300
100:1
140
100.0
141
1.0
290
     0
  0
ACDBSECTIONVIEWSTYLE
  5
21E
102
{ACAD_REACTORS
330
21D
102
}
102
{ACAD_XDICTIONARY
360
732
102
}
330
21D
100
AcDbModelDocViewStyle
 70
     0
  3
Metric50
290
     0
100
AcDbSectionViewStyle
 70
     0
 71
     0
 90
      102
 71
     1
340
11
 62
   256
 40
5.0
340
0
340
0
 62
   256
 40
5.0
300
I, O, Q, S, X, Z
 40
10.0
 90
        0
 40
2.5
 90
        0
 71
     2
340
16
 90
       25
 62
   256
340
16
 90
       50
 62
   256
 40
5.0
 40
2.5
 40
5.0
 71
     3
340
11
 62
   256
 40
5.0
 90
        0
 40
15.0
 90
        1
300
%<\AcVar ViewSectionStartId>%-%<\AcVar ViewSectionEndId>% (%<\AcVar ViewScale \f "%sn">%)
 71
     4
 62
   256
 62
   257
300
ANSI31
 40
1.0
 90
        0
290
     0
290
     0
 90
        6
 40
0.0
 40
1.570796326794897
 40
0.2617993877991494
 40
1.308996938995747
 40
-0.2617993877991494
 40
1.832595714594046
  0
TABLESTYLE
  5
208
102
{ACAD_REACTORS
330
207
102
}
102
{ACAD_XDICTIONARY
360
D01
102
}
330
207
100
AcDbTableStyle
  3
Standard
 70
     0
 71
     0
 40
1.5
 41
1.5
280
     0
281
     0
  7
Standard
140
4.5
170
     2
 62
     0
 63
   257
283
     0
 90
      512
 91
        0
  1

274
    -2
284
     1
 64
     0
275
    -2
285
     1
 65
     0
276
    -2
286
     1
 66
     0
277
    -2
287
     1
 67
     0
278
    -2
288
     1
 68
     0
279
    -2
289
     1
 69
     0
  7
Standard
140
6.0
170
     5
 62
     0
 63
   257
283
     0
 90
      512
 91
        0
  1

274
    -2
284
     1
 64
     0
275
    -2
285
     1
 65
     0
276
    -2
286
     1
 66
     0
277
    -2
287
     1
 67
     0
278
    -2
288
     1
 68
     0
279
    -2
289
     1
 69
     0
  7
Standard
140
4.5
170
     5
 62
     0
 63
   257
283
     0
 90
      512
 91
        0
  1

274
    -2
284
     1
 64
     0
275
    -2
285
     1
 65
     0
276
    -2
286
     1
 66
     0
277
    -2
287
     1
 67
     0
278
    -2
288
     1
 68
     0
279
    -2
289
     1
 69
     0
  0
VISUALSTYLE
  5
1F3
102
{ACAD_REACTORS
330
1ED
102
}
330
1ED
100
AcDbVisualStyle
  2
2dWireframe
 70
     4
177
     3
291
     0
 70
    58
 90
        0
176
     1
 90
        2
176
     1
 90
        0
176
     1
 90
        0
176
     1
 40
0.6
176
     1
 40
30.0
176
     1
 62
     7
176
     1
 90
        1
176
     1
 90
        4
176
     1
 62
     7
176
     1
 62
   257
176
     1
 90
        1
176
     1
 90
        1
176
     1
 40
1.0
176
     1
 90
        0
176
     1
 62
   257
176
     1
 40
1.0
176
     1
 90
        1
176
     1
 90
        6
176
     1
 90
        2
176
     1
 62
     7
176
     1
 90
        5
176
     1
 90
        0
176
     1
 90
        0
176
     1
290
     0
176
     1
 90
        1
176
     1
 40
0.0
176
     1
 90
        0
176
     1
290
     1
176
     1
290
     1
176
     1
290
     0
176
     1
290
     0
176
     1
290
     0
176
     1
290
     0
176
     1
290
     0
176
     1
290
     0
176
     1
290
     0
176
     1
 90
       50
176
     1
 40
0.0
176
     1
 40
1.0
176
     1
 90
        0
176
     1
 62
    18
420
        0
176
     1
 90
       50
176
     1
 90
        3
176
     1
 62
     5
420
      255
176
     1
290
     0
176
     1
 90
       50
176
     1
 90
       50
176
     1
 90
       50
176
     1
290
     0
176
     1
 90
       50
176
     1
 62
   256
176
     0
 40
1.0
176
     0
 90
        2
176
     1
  1
strokes_ogs.tif
176
     1
290
     0
176
     1
 40
1.0
176
     1
 40
1.0
176
     1
  0
VISUALSTYLE
  5
1F2
102
{ACAD_REACTORS
330
1ED
102
}
330
1ED
100
AcDbVisualStyle
  2
Basic
 70
     7
177
     3
291
     1
 70
    58
 90
        1
176
     1
 90
        0
176
     1
 90
        1
176
     1
 90
        0
176
     1
 40
0.6
176
     1
 40
30.0
176
     1
 62
     7
176
     1
 90
        0
176
     1
 90
        4
176
     1
 62
     7
176
     1
 62
   257
176
     1
 90
        1
176
     1
 90
        1
176
     1
 40
1.0
176
     1
 90
        8
176
     1
 62
     7
176
     1
 40
1.0
176
     1
 90
        1
176
     1
 90
        6
176
     1
 90
        2
176
     1
 62
     7
176
     1
 90
        5
176
     1
 90
        0
176
     1
 90
        0
176
     1
290
     0
176
     1
 90
        1
176
     1
 40
0.0
176
     1
 90
        0
176
     1
290
     0
176
     1
290
     1
176
     1
290
     1
176
     1
290
     0
176
     1
290
     0
176
     1
290
     0
176
     1
290
     0
176
     1
290
     0
176
     1
290
     0
176
     1
 90
       50
176
     1
 40
0.0
176
     1
 40
1.0
176
     1
 90
        0
176
     1
 62
    18
420
        0
176
     1
 90
       50
176
     1
 90
        3
176
     1
 62
     5
420
      255
176
     1
290
     0
176
     1
 90
       50
176
     1
 90
       50
176
     1
 90
       50
176
     1
290
     0
176
     1
 90
       50
176
     1
 62
   256
176
     0
 40
1.0
176
     0
 90
        2
176
     1
  1
strokes_ogs.tif
176
     1
290
     0
176
     1
 40
1.0
176
     1
 40
1.0
176
     1
  0
VISUALSTYLE
  5
1F9
102
{ACAD_REACTORS
330
1ED
102
}
330
1ED
100
AcDbVisualStyle
  2
Brighten
 70
    12
177
     3
291
     1
 70
    58
 90
        2
176
     1
 90
        2
176
     1
 90
        0
176
     1
 90
        0
176
     1
 40
0.6
176
     1
 40
30.0
176
     1
 62
     7
176
     1
 90
        1
176
     1
 90
        4
176
     1
 62
     7
176
     1
 62
   257
176
     1
 90
        1
176
     1
 90
        1
176
     1
 40
1.0
176
     1
 90
        8
176
     1
 62
     7
176
     1
 40
1.0
176
     1
 90
        1
176
     1
 90
        6
176
     1
 90
        2
176
     1
 62
     7
176
     1
 90
        5
176
     1
 90
        0
176
     1
 90
        0
176
     1
290
     0
176
     1
 90
        1
176
     1
 40
50.0
176
     1
 90
        0
176
     1
290
     0
176
     1
290
     1
176
     1
290
     1
176
     1
290
     0
176
     1
290
     0
176
     1
290
     0
176
     1
290
     0
176
     1
290
     0
176
     1
290
     0
176
     1
 90
       50
176
     1
 40
0.0
176
     1
 40
1.0
176
     1
 90
        0
176
     1
 62
    18
420
        0
176
     1
 90
       50
176
     1
 90
        3
176
     1
 62
     5
420
      255
176
     1
290
     0
176
     1
 90
       50
176
     1
 90
       50
176
     1
 90
       50
176
     1
290
     0
176
     1
 90
       50
176
     1
 62
   256
176
     0
 40
1.0
176
     0
 90
        2
176
     1
  1
strokes_ogs.tif
176
     1
290
     0
176
     1
 40
1.0
176
     1
 40
1.0
176
     1
  0
VISUALSTYLE
  5
1FD
102
{ACAD_REACTORS
330
1ED
102
}
330
1ED
100
AcDbVisualStyle
  2
ColorChange
 70
    16
177
     3
291
     1
 70
    58
 90
        2
176
     1
 90
        2
176
     1
 90
        3
176
     1
 90
        0
176
     1
 40
0.6
176
     1
 40
30.0
176
     1
 62
     8
176
     1
 90
        1
176
     1
 90
        4
176
     1
 62
     7
176
     1
 62
   257
176
     1
 90
        1
176
     1
 90
        1
176
     1
 40
1.0
176
     1
 90
        8
176
     1
 62
     8
176
     1
 40
1.0
176
     1
 90
        1
176
     1
 90
        6
176
     1
 90
        2
176
     1
 62
     7
176
     1
 90
        5
176
     1
 90
        0
176
     1
 90
        0
176
     1
290
     0
176
     1
 90
        1
176
     1
 40
0.0
176
     1
 90
        0
176
     1
290
     0
176
     1
290
     1
176
     1
290
     1
176
     1
290
     0
176
     1
290
     0
176
     1
290
     0
176
     1
290
     0
176
     1
290
     0
176
     1
290
     0
176
     1
 90
       50
176
     1
 40
0.0
176
     1
 40
1.0
176
     1
 90
        0
176
     1
 62
    18
420
        0
176
     1
 90
       50
176
     1
 90
        3
176
     1
 62
     5
420
      255
176
     1
290
     0
176
     1
 90
       50
176
     1
 90
       50
176
     1
 90
       50
176
     1
290
     0
176
     1
 90
       50
176
     1
 62
   256
176
     0
 40
1.0
176
     0
 90
        2
176
     1
  1
strokes_ogs.tif
176
     1
290
     0
176
     1
 40
1.0
176
     1
 40
1.0
176
     1
  0
VISUALSTYLE
  5
1F6
102
{ACAD_REACTORS
330
1ED
102
}
330
1ED
100
AcDbVisualStyle
  2
Conceptual
 70
     9
177
     3
291
     0
 70
    58
 90
        3
176
     1
 90
        2
176
     1
 90
        0
176
     1
 90
        0
176
     1
 40
0.6
176
     1
 40
30.0
176
     1
 62
     7
176
     1
 90
        2
176
     1
 90
        2
176
     1
 62
     7
176
     1
 62
   257
176
     1
 90
        1
176
     1
 90
        1
176
     1
 40
179.0
176
     1
 90
        8
176
     1
 62
     7
176
     1
 40
1.0
176
     1
 90
        1
176
     1
 90
        6
176
     1
 90
        2
176
     1
 62
     7
176
     1
 90
        3
176
     1
 90
        0
176
     1
 90
        0
176
     1
290
     0
176
     1
 90
        1
176
     1
 40
0.0
176
     1
 90
        0
176
     1
290
     0
176
     1
290
     1
176
     1
290
     1
176
     1
290
     0
176
     1
290
     0
176
     1
290
     0
176
     1
290
     0
176
     1
290
     0
176
     1
290
     0
176
     1
 90
       50
176
     1
 40
0.0
176
     1
 40
1.0
176
     1
 90
        0
176
     1
 62
    18
420
        0
176
     1
 90
       50
176
     1
 90
        3
176
     1
 62
     5
420
      255
176
     1
290
     0
176
     1
 90
       50
176
     1
 90
       50
176
     1
 90
       50
176
     1
290
     0
176
     1
 90
       50
176
     1
 62
   256
176
     0
 40
1.0
176
     0
 90
        2
176
     1
  1
strokes_ogs.tif
176
     1
290
     0
176
     1
 40
1.0
176
     1
 40
1.0
176
     1
  0
VISUALSTYLE
  5
1F8
102
{ACAD_REACTORS
330
1ED
102
}
330
1ED
100
AcDbVisualStyle
  2
Dim
 70
    11
177
     3
291
     1
 70
    58
 90
        2
176
     1
 90
        2
176
     1
 90
        0
176
     1
 90
        0
176
     1
 40
0.6
176
     1
 40
30.0
176
     1
 62
     7
176
     1
 90
        1
176
     1
 90
        4
176
     1
 62
     7
176
     1
 62
   257
176
     1
 90
        1
176
     1
 90
        1
176
     1
 40
1.0
176
     1
 90
        8
176
     1
 62
     7
176
     1
 40
1.0
176
     1
 90
        1
176
     1
 90
        6
176
     1
 90
        2
176
     1
 62
     7
176
     1
 90
        5
176
     1
 90
        0
176
     1
 90
        0
176
     1
290
     0
176
     1
 90
        1
176
     1
 40
-50.0
176
     1
 90
        0
176
     1
290
     0
176
     1
290
     1
176
     1
290
     1
176
     1
290
     0
176
     1
290
     0
176
     1
290
     0
176
     1
290
     0
176
     1
290
     0
176
     1
290
     0
176
     1
 90
       50
176
     1
 40
0.0
176
     1
 40
1.0
176
     1
 90
        0
176
     1
 62
    18
420
        0
176
     1
 90
       50
176
     1
 90
        3
176
     1
 62
     5
420
      255
176
     1
290
     0
176
     1
 90
       50
176
     1
 90
       50
176
     1
 90
       50
176
     1
290
     0
176
     1
 90
       50
176
     1
 62
   256
176
     0
 40
1.0
176
     0
 90
        2
176
     1
  1
strokes_ogs.tif
176
     1
290
     0
176
     1
 40
1.0
176
     1
 40
1.0
176
     1
  0
VISUALSTYLE
  5
205
102
{ACAD_REACTORS
330
1ED
102
}
330
1ED
100
AcDbVisualStyle
  2
EdgeColorOff
 70
    22
177
     3
291
     1
 70
    58
 90
        2
176
     1
 90
        2
176
     1
 90
        0
176
     1
 90
        0
176
     1
 40
0.6
176
     1
 40
30.0
176
     1
 62
     7
176
     1
 90
        1
176
     1
 90
        4
176
     1
 62
     7
176
     1
 62
   257
176
     1
 90
        1
176
     1
 90
        1
176
     1
 40
1.0
176
     1
 90
        8
176
     1
 62
     7
176
     1
 40
1.0
176
     1
 90
        1
176
     1
 90
        6
176
     1
 90
        2
176
     1
 62
     7
176
     1
 90
        5
176
     1
 90
        0
176
     1
 90
        0
176
     1
290
     0
176
     1
 90
        1
176
     1
 40
0.0
176
     1
 90
        0
176
     1
290
     0
176
     1
290
     1
176
     1
290
     1
176
     1
290
     0
176
     1
290
     0
176
     1
290
     0
176
     1
290
     0
176
     1
290
     0
176
     1
290
     0
176
     1
 90
       50
176
     1
 40
0.0
176
     1
 40
1.0
176
     1
 90
        0
176
     1
 62
    18
420
        0
176
     1
 90
       50
176
     1
 90
        3
176
     1
 62
     5
420
      255
176
     1
290
     0
176
     1
 90
       50
176
     1
 90
       50
176
     1
 90
       50
176
     1
290
     0
176
     1
 90
       50
176
     1
 62
   256
176
     0
 40
1.0
176
     0
 90
        2
176
     1
  1
strokes_ogs.tif
176
     1
290
     0
176
     1
 40
1.0
176
     1
 40
1.0
176
     1
  0
VISUALSTYLE
  5
1FC
102
{ACAD_REACTORS
330
1ED
102
}
330
1ED
100
AcDbVisualStyle
  2
Facepattern
 70
    15
177
     3
291
     1
 70
    58
 90
        2
176
     1
 90
        2
176
     1
 90
        0
176
     1
 90
        0
176
     1
 40
0.6
176
     1
 40
30.0
176
     1
 62
     7
176
     1
 90
        1
176
     1
 90
        4
176
     1
 62
     7
176
     1
 62
   257
176
     1
 90
        1
176
     1
 90
        1
176
     1
 40
1.0
176
     1
 90
        8
176
     1
 62
     7
176
     1
 40
1.0
176
     1
 90
        1
176
     1
 90
        6
176
     1
 90
        2
176
     1
 62
     7
176
     1
 90
        5
176
     1
 90
        0
176
     1
 90
        0
176
     1
290
     0
176
     1
 90
        1
176
     1
 40
0.0
176
     1
 90
        0
176
     1
290
     0
176
     1
290
     1
176
     1
290
     1
176
     1
290
     0
176
     1
290
     0
176
     1
290
     0
176
     1
290
     0
176
     1
290
     0
176
     1
290
     0
176
     1
 90
       50
176
     1
 40
0.0
176
     1
 40
1.0
176
     1
 90
        0
176
     1
 62
    18
420
        0
176
     1
 90
       50
176
     1
 90
        3
176
     1
 62
     5
420
      255
176
     1
290
     0
176
     1
 90
       50
176
     1
 90
       50
176
     1
 90
       50
176
     1
290
     0
176
     1
 90
       50
176
     1
 62
   256
176
     0
 40
1.0
176
     0
 90
        2
176
     1
  1
strokes_ogs.tif
176
     1
290
     0
176
     1
 40
1.0
176
     1
 40
1.0
176
     1
  0
VISUALSTYLE
  5
1EE
102
{ACAD_REACTORS
330
1ED
102
}
330
1ED
100
AcDbVisualStyle
  2
Flat
 70
     0
177
     3
291
     1
 70
    58
 90
        2
176
     1
 90
        1
176
     1
 90
        1
176
     1
 90
        2
176
     1
 40
0.6
176
     1
 40
30.0
176
     1
 62
     7
176
     1
 90
        0
176
     1
 90
        0
176
     1
 62
     7
176
     1
 62
   257
176
     1
 90
        1
176
     1
 90
        1
176
     1
 40
1.0
176
     1
 90
        8
176
     1
 62
     7
176
     1
 40
1.0
176
     1
 90
        1
176
     1
 90
        6
176
     1
 90
        2
176
     1
 62
     7
176
     1
 90
        5
176
     1
 90
        0
176
     1
 90
        0
176
     1
290
     0
176
     1
 90
       13
176
     1
 40
0.0
176
     1
 90
        0
176
     1
290
     0
176
     1
290
     1
176
     1
290
     1
176
     1
290
     0
176
     1
290
     0
176
     1
290
     0
176
     1
290
     0
176
     1
290
     0
176
     1
290
     0
176
     1
 90
       50
176
     1
 40
0.0
176
     1
 40
1.0
176
     1
 90
        0
176
     1
 62
    18
420
        0
176
     1
 90
       50
176
     1
 90
        3
176
     1
 62
     5
420
      255
176
     1
290
     0
176
     1
 90
       50
176
     1
 90
       50
176
     1
 90
       50
176
     1
290
     0
176
     1
 90
       50
176
     1
 62
   256
176
     0
 40
1.0
176
     0
 90
        2
176
     1
  1
strokes_ogs.tif
176
     1
290
     0
176
     1
 40
1.0
176
     1
 40
1.0
176
     1
  0
VISUALSTYLE
  5
1EF
102
{ACAD_REACTORS
330
1ED
102
}
330
1ED
100
AcDbVisualStyle
  2
FlatWithEdges
 70
     1
177
     3
291
     1
 70
    58
 90
        2
176
     1
 90
        1
176
     1
 90
        1
176
     1
 90
        2
176
     1
 40
0.6
176
     1
 40
30.0
176
     1
 62
     7
176
     1
 90
        1
176
     1
 90
        0
176
     1
 62
     7
176
     1
 62
   257
176
     1
 90
        1
176
     1
 90
        1
176
     1
 40
1.0
176
     1
 90
        0
176
     1
 62
   257
176
     1
 40
1.0
176
     1
 90
        1
176
     1
 90
        6
176
     1
 90
        2
176
     1
 62
     7
176
     1
 90
        5
176
     1
 90
        0
176
     1
 90
        0
176
     1
290
     0
176
     1
 90
       13
176
     1
 40
0.0
176
     1
 90
        0
176
     1
290
     0
176
     1
290
     1
176
     1
290
     1
176
     1
290
     0
176
     1
290
     0
176
     1
290
     0
176
     1
290
     0
176
     1
290
     0
176
     1
290
     0
176
     1
 90
       50
176
     1
 40
0.0
176
     1
 40
1.0
176
     1
 90
        0
176
     1
 62
    18
420
        0
176
     1
 90
       50
176
     1
 90
        3
176
     1
 62
     5
420
      255
176
     1
290
     0
176
     1
 90
       50
176
     1
 90
       50
176
     1
 90
       50
176
     1
290
     0
176
     1
 90
       50
176
     1
 62
   256
176
     0
 40
1.0
176
     0
 90
        2
176
     1
  1
strokes_ogs.tif
176
     1
290
     0
176
     1
 40
1.0
176
     1
 40
1.0
176
     1
  0
VISUALSTYLE
  5
1F0
102
{ACAD_REACTORS
330
1ED
102
}
330
1ED
100
AcDbVisualStyle
  2
Gouraud
 70
     2
177
     3
291
     1
 70
    58
 90
        2
176
     1
 90
        2
176
     1
 90
        1
176
     1
 90
        2
176
     1
 40
0.6
176
     1
 40
30.0
176
     1
 62
     7
176
     1
 90
        0
176
     1
 90
        0
176
     1
 62
     7
176
     1
 62
   257
176
     1
 90
        1
176
     1
 90
        1
176
     1
 40
1.0
176
     1
 90
        0
176
     1
 62
     7
176
     1
 40
1.0
176
     1
 90
        1
176
     1
 90
        6
176
     1
 90
        2
176
     1
 62
     7
176
     1
 90
        5
176
     1
 90
        0
176
     1
 90
        0
176
     1
290
     0
176
     1
 90
       13
176
     1
 40
0.0
176
     1
 90
        0
176
     1
290
     0
176
     1
290
     1
176
     1
290
     1
176
     1
290
     0
176
     1
290
     0
176
     1
290
     0
176
     1
290
     0
176
     1
290
     0
176
     1
290
     0
176
     1
 90
       50
176
     1
 40
0.0
176
     1
 40
1.0
176
     1
 90
        0
176
     1
 62
    18
420
        0
176
     1
 90
       50
176
     1
 90
        3
176
     1
 62
     5
420
      255
176
     1
290
     0
176
     1
 90
       50
176
     1
 90
       50
176
     1
 90
       50
176
     1
290
     0
176
     1
 90
       50
176
     1
 62
   256
176
     0
 40
1.0
176
     0
 90
        2
176
     1
  1
strokes_ogs.tif
176
     1
290
     0
176
     1
 40
1.0
176
     1
 40
1.0
176
     1
  0
VISUALSTYLE
  5
1F1
102
{ACAD_REACTORS
330
1ED
102
}
330
1ED
100
AcDbVisualStyle
  2
GouraudWithEdges
 70
     3
177
     3
291
     1
 70
    58
 90
        2
176
     1
 90
        2
176
     1
 90
        1
176
     1
 90
        2
176
     1
 40
0.6
176
     1
 40
30.0
176
     1
 62
     7
176
     1
 90
        1
176
     1
 90
        0
176
     1
 62
     7
176
     1
 62
   257
176
     1
 90
        1
176
     1
 90
        1
176
     1
 40
1.0
176
     1
 90
        0
176
     1
 62
   257
176
     1
 40
1.0
176
     1
 90
        1
176
     1
 90
        6
176
     1
 90
        2
176
     1
 62
     7
176
     1
 90
        5
176
     1
 90
        0
176
     1
 90
        0
176
     1
290
     0
176
     1
 90
       13
176
     1
 40
0.0
176
     1
 90
        0
176
     1
290
     0
176
     1
290
     1
176
     1
290
     1
176
     1
290
     0
176
     1
290
     0
176
     1
290
     0
176
     1
290
     0
176
     1
290
     0
176
     1
290
     0
176
     1
 90
       50
176
     1
 40
0.0
176
     1
 40
1.0
176
     1
 90
        0
176
     1
 62
    18
420
        0
176
     1
 90
       50
176
     1
 90
        3
176
     1
 62
     5
420
      255
176
     1
290
     0
176
     1
 90
       50
176
     1
 90
       50
176
     1
 90
       50
176
     1
290
     0
176
     1
 90
       50
176
     1
 62
   256
176
     0
 40
1.0
176
     0
 90
        2
176
     1
  1
strokes_ogs.tif
176
     1
290
     0
176
     1
 40
1.0
176
     1
 40
1.0
176
     1
  0
VISUALSTYLE
  5
1F5
102
{ACAD_REACTORS
330
1ED
102
}
330
1ED
100
AcDbVisualStyle
  2
Hidden
 70
     6
177
     3
291
     0
 70
    58
 90
        1
176
     1
 90
        2
176
     1
 90
        2
176
     1
 90
        0
176
     1
 40
0.6
176
     1
 40
30.0
176
     1
 62
     7
176
     1
 90
        2
176
     1
 90
        2
176
     1
 62
     7
176
     1
 62
   257
176
     1
 90
        2
176
     1
 90
        1
176
     1
 40
40.0
176
     1
 90
        0
176
     1
 62
   257
176
     1
 40
1.0
176
     1
 90
        1
176
     1
 90
        6
176
     1
 90
        2
176
     1
 62
     7
176
     1
 90
        3
176
     1
 90
        0
176
     1
 90
        0
176
     1
290
     0
176
     1
 90
        1
176
     1
 40
0.0
176
     1
 90
        0
176
     1
290
     0
176
     1
290
     1
176
     1
290
     1
176
     1
290
     0
176
     1
290
     0
176
     1
290
     0
176
     1
290
     0
176
     1
290
     0
176
     1
290
     0
176
     1
 90
       50
176
     1
 40
0.0
176
     1
 40
1.0
176
     1
 90
        0
176
     1
 62
    18
420
        0
176
     1
 90
       50
176
     1
 90
        3
176
     1
 62
     5
420
      255
176
     1
290
     0
176
     1
 90
       50
176
     1
 90
       50
176
     1
 90
       50
176
     1
290
     0
176
     1
 90
       50
176
     1
 62
   256
176
     0
 40
1.0
176
     0
 90
        2
176
     1
  1
strokes_ogs.tif
176
     1
290
     0
176
     1
 40
1.0
176
     1
 40
1.0
176
     1
  0
VISUALSTYLE
  5
203
102
{ACAD_REACTORS
330
1ED
102
}
330
1ED
100
AcDbVisualStyle
  2
JitterOff
 70
    20
177
     3
291
     1
 70
    58
 90
        2
176
     1
 90
        2
176
     1
 90
        0
176
     1
 90
        0
176
     1
 40
0.6
176
     1
 40
30.0
176
     1
 62
     7
176
     1
 90
        1
176
     1
 90
        4
176
     1
 62
     7
176
     1
 62
   257
176
     1
 90
        1
176
     1
 90
        1
176
     1
 40
1.0
176
     1
 90
       10
176
     1
 62
     7
176
     1
 40
1.0
176
     1
 90
        1
176
     1
 90
        6
176
     1
 90
        2
176
     1
 62
     7
176
     1
 90
        5
176
     1
 90
        0
176
     1
 90
        0
176
     1
290
     0
176
     1
 90
        1
176
     1
 40
0.0
176
     1
 90
        0
176
     1
290
     0
176
     1
290
     1
176
     1
290
     1
176
     1
290
     0
176
     1
290
     0
176
     1
290
     0
176
     1
290
     0
176
     1
290
     0
176
     1
290
     0
176
     1
 90
       50
176
     1
 40
0.0
176
     1
 40
1.0
176
     1
 90
        0
176
     1
 62
    18
420
        0
176
     1
 90
       50
176
     1
 90
        3
176
     1
 62
     5
420
      255
176
     1
290
     0
176
     1
 90
       50
176
     1
 90
       50
176
     1
 90
       50
176
     1
290
     0
176
     1
 90
       50
176
     1
 62
   256
176
     0
 40
1.0
176
     0
 90
        2
176
     1
  1
strokes_ogs.tif
176
     1
290
     0
176
     1
 40
1.0
176
     1
 40
1.0
176
     1
  0
VISUALSTYLE
  5
1FB
102
{ACAD_REACTORS
330
1ED
102
}
330
1ED
100
AcDbVisualStyle
  2
Linepattern
 70
    14
177
     3
291
     1
 70
    58
 90
        2
176
     1
 90
        2
176
     1
 90
        0
176
     1
 90
        0
176
     1
 40
0.6
176
     1
 40
30.0
176
     1
 62
     7
176
     1
 90
        1
176
     1
 90
        4
176
     1
 62
     7
176
     1
 62
   257
176
     1
 90
        7
176
     1
 90
        7
176
     1
 40
1.0
176
     1
 90
        8
176
     1
 62
     7
176
     1
 40
1.0
176
     1
 90
        1
176
     1
 90
        6
176
     1
 90
        2
176
     1
 62
     7
176
     1
 90
        5
176
     1
 90
        0
176
     1
 90
        0
176
     1
290
     0
176
     1
 90
        1
176
     1
 40
0.0
176
     1
 90
        0
176
     1
290
     0
176
     1
290
     1
176
     1
290
     1
176
     1
290
     0
176
     1
290
     0
176
     1
290
     0
176
     1
290
     0
176
     1
290
     0
176
     1
290
     0
176
     1
 90
       50
176
     1
 40
0.0
176
     1
 40
1.0
176
     1
 90
        0
176
     1
 62
    18
420
        0
176
     1
 90
       50
176
     1
 90
        3
176
     1
 62
     5
420
      255
176
     1
290
     0
176
     1
 90
       50
176
     1
 90
       50
176
     1
 90
       50
176
     1
290
     0
176
     1
 90
       50
176
     1
 62
   256
176
     0
 40
1.0
176
     0
 90
        2
176
     1
  1
strokes_ogs.tif
176
     1
290
     0
176
     1
 40
1.0
176
     1
 40
1.0
176
     1
  0
VISUALSTYLE
  5
204
102
{ACAD_REACTORS
330
1ED
102
}
330
1ED
100
AcDbVisualStyle
  2
OverhangOff
 70
    21
177
     3
291
     1
 70
    58
 90
        2
176
     1
 90
        2
176
     1
 90
        0
176
     1
 90
        0
176
     1
 40
0.6
176
     1
 40
30.0
176
     1
 62
     7
176
     1
 90
        1
176
     1
 90
        4
176
     1
 62
     7
176
     1
 62
   257
176
     1
 90
        1
176
     1
 90
        1
176
     1
 40
1.0
176
     1
 90
        9
176
     1
 62
     7
176
     1
 40
1.0
176
     1
 90
        1
176
     1
 90
        6
176
     1
 90
        2
176
     1
 62
     7
176
     1
 90
        5
176
     1
 90
        0
176
     1
 90
        0
176
     1
290
     0
176
     1
 90
        1
176
     1
 40
0.0
176
     1
 90
        0
176
     1
290
     0
176
     1
290
     1
176
     1
290
     1
176
     1
290
     0
176
     1
290
     0
176
     1
290
     0
176
     1
290
     0
176
     1
290
     0
176
     1
290
     0
176
     1
 90
       50
176
     1
 40
0.0
176
     1
 40
1.0
176
     1
 90
        0
176
     1
 62
    18
420
        0
176
     1
 90
       50
176
     1
 90
        3
176
     1
 62
     5
420
      255
176
     1
290
     0
176
     1
 90
       50
176
     1
 90
       50
176
     1
 90
       50
176
     1
290
     0
176
     1
 90
       50
176
     1
 62
   256
176
     0
 40
1.0
176
     0
 90
        2
176
     1
  1
strokes_ogs.tif
176
     1
290
     0
176
     1
 40
1.0
176
     1
 40
1.0
176
     1
  0
VISUALSTYLE
  5
1F7
102
{ACAD_REACTORS
330
1ED
102
}
330
1ED
100
AcDbVisualStyle
  2
Realistic
 70
     8
177
     3
291
     0
 70
    58
 90
        2
176
     1
 90
        2
176
     1
 90
        0
176
     1
 90
        2
176
     1
 40
0.6
176
     1
 40
30.0
176
     1
 62
     7
176
     1
 90
        0
176
     1
 90
        0
176
     1
 62
     7
176
     1
 62
   257
176
     1
 90
        1
176
     1
 90
        1
176
     1
 40
1.0
176
     1
 90
        8
176
     1
 62
   257
176
     1
 40
1.0
176
     1
 90
        1
176
     1
 90
        6
176
     1
 90
        2
176
     1
 62
     7
176
     1
 90
        3
176
     1
 90
        0
176
     1
 90
        0
176
     1
290
     0
176
     1
 90
       13
176
     1
 40
0.0
176
     1
 90
        0
176
     1
290
     0
176
     1
290
     1
176
     1
290
     1
176
     1
290
     0
176
     1
290
     0
176
     1
290
     0
176
     1
290
     0
176
     1
290
     0
176
     1
290
     0
176
     1
 90
       50
176
     1
 40
0.0
176
     1
 40
1.0
176
     1
 90
        0
176
     1
 62
    18
420
        0
176
     1
 90
       50
176
     1
 90
        3
176
     1
 62
     5
420
      255
176
     1
290
     0
176
     1
 90
       50
176
     1
 90
       50
176
     1
 90
       50
176
     1
290
     0
176
     1
 90
       50
176
     1
 62
   256
176
     0
 40
1.0
176
     0
 90
        2
176
     1
  1
strokes_ogs.tif
176
     1
290
     0
176
     1
 40
1.0
176
     1
 40
1.0
176
     1
  0
VISUALSTYLE
  5
202
102
{ACAD_REACTORS
330
1ED
102
}
330
1ED
100
AcDbVisualStyle
  2
Shaded
 70
    27
177
     3
291
     0
 70
    58
 90
        2
176
     1
 90
        2
176
     1
 90
        1
176
     1
 90
        2
176
     1
 40
0.6
176
     1
 40
30.0
176
     1
 62
     7
176
     1
 90
        0
176
     1
 90
        4
176
     1
 62
     7
176
     1
 62
   257
176
     1
 90
        1
176
     1
 90
        1
176
     1
 40
1.0
176
     1
 90
        8
176
     1
 62
   257
176
     1
 40
1.0
176
     1
 90
        1
176
     1
 90
        6
176
     1
 90
        2
176
     1
 62
     8
176
     1
 90
        3
176
     1
 90
        0
176
     1
 90
        0
176
     1
290
     0
176
     1
 90
        5
176
     1
 40
0.0
176
     1
 90
        0
176
     1
290
     0
176
     1
290
     1
176
     1
290
     1
176
     1
290
     0
176
     1
290
     0
176
     1
290
     0
176
     1
290
     0
176
     1
290
     0
176
     1
290
     0
176
     1
 90
       50
176
     1
 40
0.0
176
     1
 40
1.0
176
     1
 90
        0
176
     1
 62
    18
420
        0
176
     1
 90
       50
176
     1
 90
        3
176
     1
 62
     5
420
      255
176
     1
290
     0
176
     1
 90
       50
176
     1
 90
       50
176
     1
 90
       50
176
     1
290
     0
176
     1
 90
       50
176
     1
 62
   256
176
     0
 40
1.0
176
     0
 90
        2
176
     1
  1
strokes_ogs.tif
176
     1
290
     0
176
     1
 40
1.0
176
     1
 40
1.0
176
     1
  0
VISUALSTYLE
  5
201
102
{ACAD_REACTORS
330
1ED
102
}
330
1ED
100
AcDbVisualStyle
  2
Shaded with edges
 70
    26
177
     3
291
     0
 70
    58
 90
        2
176
     1
 90
        2
176
     1
 90
        1
176
     1
 90
        2
176
     1
 40
0.6
176
     1
 40
30.0
176
     1
 62
     7
176
     1
 90
        1
176
     1
 90
        2
176
     1
 62
     7
176
     1
 62
   257
176
     1
 90
        2
176
     1
 90
        1
176
     1
 40
1.0
176
     1
 90
        8
176
     1
 62
   257
176
     1
 40
1.0
176
     1
 90
        1
176
     1
 90
        6
176
     1
 90
        2
176
     1
 62
     7
176
     1
 90
        3
176
     1
 90
        0
176
     1
 90
        0
176
     1
290
     0
176
     1
 90
        5
176
     1
 40
0.0
176
     1
 90
        0
176
     1
290
     0
176
     1
290
     1
176
     1
290
     1
176
     1
290
     0
176
     1
290
     0
176
     1
290
     0
176
     1
290
     0
176
     1
290
     0
176
     1
290
     0
176
     1
 90
       50
176
     1
 40
0.0
176
     1
 40
1.0
176
     1
 90
        0
176
     1
 62
    18
420
        0
176
     1
 90
       50
176
     1
 90
        3
176
     1
 62
     5
420
      255
176
     1
290
     0
176
     1
 90
       50
176
     1
 90
       50
176
     1
 90
       50
176
     1
290
     0
176
     1
 90
       50
176
     1
 62
   256
176
     0
 40
1.0
176
     0
 90
        2
176
     1
  1
strokes_ogs.tif
176
     1
290
     0
176
     1
 40
1.0
176
     1
 40
1.0
176
     1
  0
VISUALSTYLE
  5
1FE
102
{ACAD_REACTORS
330
1ED
102
}
330
1ED
100
AcDbVisualStyle
  2
Shades of Gray
 70
    23
177
     3
291
     0
 70
    58
 90
        2
176
     1
 90
        2
176
     1
 90
        3
176
     1
 90
        0
176
     1
 40
0.6
176
     1
 40
30.0
176
     1
 62
     7
176
     1
 90
        2
176
     1
 90
        2
176
     1
 62
     7
176
     1
 62
     7
176
     1
 90
        1
176
     1
 90
        1
176
     1
 40
40.0
176
     1
 90
        8
176
     1
 62
     7
176
     1
 40
1.0
176
     1
 90
        1
176
     1
 90
        6
176
     1
 90
        2
176
     1
 62
     7
176
     1
 90
        3
176
     1
 90
        0
176
     1
 90
        0
176
     1
290
     0
176
     1
 90
        1
176
     1
 40
0.0
176
     1
 90
        0
176
     1
290
     0
176
     1
290
     1
176
     1
290
     1
176
     1
290
     0
176
     1
290
     0
176
     1
290
     0
176
     1
290
     0
176
     1
290
     0
176
     1
290
     0
176
     1
 90
       50
176
     1
 40
0.0
176
     1
 40
1.0
176
     1
 90
        0
176
     1
 62
    18
420
        0
176
     1
 90
       50
176
     1
 90
        3
176
     1
 62
     5
420
      255
176
     1
290
     0
176
     1
 90
       50
176
     1
 90
       50
176
     1
 90
       50
176
     1
290
     0
176
     1
 90
       50
176
     1
 62
   256
176
     0
 40
1.0
176
     0
 90
        2
176
     1
  1
strokes_ogs.tif
176
     1
290
     0
176
     1
 40
1.0
176
     1
 40
1.0
176
     1
  0
VISUALSTYLE
  5
1FF
102
{ACAD_REACTORS
330
1ED
102
}
330
1ED
100
AcDbVisualStyle
  2
Sketchy
 70
    24
177
     3
291
     0
 70
    58
 90
        1
176
     1
 90
        2
176
     1
 90
        2
176
     1
 90
        0
176
     1
 40
0.6
176
     1
 40
30.0
176
     1
 62
     7
176
     1
 90
        2
176
     1
 90
        2
176
     1
 62
     7
176
     1
 62
     7
176
     1
 90
        1
176
     1
 90
        1
176
     1
 40
40.0
176
     1
 90
       11
176
     1
 62
     7
176
     1
 40
1.0
176
     1
 90
        1
176
     1
 90
        6
176
     1
 90
        2
176
     1
 62
     7
176
     1
 90
        6
176
     1
 90
        0
176
     1
 90
        0
176
     1
290
     0
176
     1
 90
        1
176
     1
 40
0.0
176
     1
 90
        0
176
     1
290
     0
176
     1
290
     1
176
     1
290
     1
176
     1
290
     0
176
     1
290
     0
176
     1
290
     0
176
     1
290
     0
176
     1
290
     0
176
     1
290
     0
176
     1
 90
       50
176
     1
 40
0.0
176
     1
 40
1.0
176
     1
 90
        0
176
     1
 62
    18
420
        0
176
     1
 90
       50
176
     1
 90
        3
176
     1
 62
     5
420
      255
176
     1
290
     0
176
     1
 90
       50
176
     1
 90
       50
176
     1
 90
       50
176
     1
290
     0
176
     1
 90
       50
176
     1
 62
   256
176
     0
 40
1.0
176
     0
 90
        2
176
     1
  1
strokes_ogs.tif
176
     1
290
     0
176
     1
 40
1.0
176
     1
 40
1.0
176
     1
  0
VISUALSTYLE
  5
1FA
102
{ACAD_REACTORS
330
1ED
102
}
330
1ED
100
AcDbVisualStyle
  2
Thicken
 70
    13
177
     3
291
     1
 70
    58
 90
        2
176
     1
 90
        2
176
     1
 90
        0
176
     1
 90
        0
176
     1
 40
0.6
176
     1
 40
30.0
176
     1
 62
     7
176
     1
 90
        1
176
     1
 90
        4
176
     1
 62
     7
176
     1
 62
   257
176
     1
 90
        1
176
     1
 90
        1
176
     1
 40
1.0
176
     1
 90
       12
176
     1
 62
     7
176
     1
 40
1.0
176
     1
 90
        1
176
     1
 90
        6
176
     1
 90
        2
176
     1
 62
     7
176
     1
 90
        5
176
     1
 90
        0
176
     1
 90
        0
176
     1
290
     0
176
     1
 90
        1
176
     1
 40
0.0
176
     1
 90
        0
176
     1
290
     0
176
     1
290
     1
176
     1
290
     1
176
     1
290
     0
176
     1
290
     0
176
     1
290
     0
176
     1
290
     0
176
     1
290
     0
176
     1
290
     0
176
     1
 90
       50
176
     1
 40
0.0
176
     1
 40
1.0
176
     1
 90
        0
176
     1
 62
    18
420
        0
176
     1
 90
       50
176
     1
 90
        3
176
     1
 62
     5
420
      255
176
     1
290
     0
176
     1
 90
       50
176
     1
 90
       50
176
     1
 90
       50
176
     1
290
     0
176
     1
 90
       50
176
     1
 62
   256
176
     0
 40
1.0
176
     0
 90
        2
176
     1
  1
strokes_ogs.tif
176
     1
290
     0
176
     1
 40
1.0
176
     1
 40
1.0
176
     1
  0
VISUALSTYLE
  5
1F4
102
{ACAD_REACTORS
330
1ED
102
}
330
1ED
100
AcDbVisualStyle
  2
Wireframe
 70
     5
177
     3
291
     0
 70
    58
 90
        0
176
     1
 90
        2
176
     1
 90
        0
176
     1
 90
        0
176
     1
 40
0.6
176
     1
 40
30.0
176
     1
 62
     7
176
     1
 90
        1
176
     1
 90
        4
176
     1
 62
     7
176
     1
 62
   257
176
     1
 90
        1
176
     1
 90
        1
176
     1
 40
1.0
176
     1
 90
        0
176
     1
 62
   257
176
     1
 40
1.0
176
     1
 90
        1
176
     1
 90
        6
176
     1
 90
        2
176
     1
 62
     7
176
     1
 90
        3
176
     1
 90
        0
176
     1
 90
        0
176
     1
290
     0
176
     1
 90
        1
176
     1
 40
0.0
176
     1
 90
        0
176
     1
290
     0
176
     1
290
     1
176
     1
290
     1
176
     1
290
     0
176
     1
290
     0
176
     1
290
     0
176
     1
290
     0
176
     1
290
     0
176
     1
290
     0
176
     1
 90
       50
176
     1
 40
0.0
176
     1
 40
1.0
176
     1
 90
        0
176
     1
 62
    18
420
        0
176
     1
 90
       50
176
     1
 90
        3
176
     1
 62
     5
420
      255
176
     1
290
     0
176
     1
 90
       50
176
     1
 90
       50
176
     1
 90
       50
176
     1
290
     0
176
     1
 90
       50
176
     1
 62
   256
176
     0
 40
1.0
176
     0
 90
        2
176
     1
  1
strokes_ogs.tif
176
     1
290
     0
176
     1
 40
1.0
176
     1
 40
1.0
176
     1
  0
VISUALSTYLE
  5
200
102
{ACAD_REACTORS
330
1ED
102
}
330
1ED
100
AcDbVisualStyle
  2
X-Ray
 70
    25
177
     3
291
     0
 70
    58
 90
        2
176
     1
 90
        2
176
     1
 90
        1
176
     1
 90
        1
176
     1
 40
0.5
176
     1
 40
30.0
176
     1
 62
     7
176
     1
 90
        1
176
     1
 90
        0
176
     1
 62
     7
176
     1
 62
   257
176
     1
 90
        1
176
     1
 90
        1
176
     1
 40
1.0
176
     1
 90
        8
176
     1
 62
     7
176
     1
 40
1.0
176
     1
 90
        1
176
     1
 90
        6
176
     1
 90
        2
176
     1
 62
     7
176
     1
 90
        3
176
     1
 90
        0
176
     1
 90
        0
176
     1
290
     0
176
     1
 90
       13
176
     1
 40
0.0
176
     1
 90
        0
176
     1
290
     0
176
     1
290
     1
176
     1
290
     1
176
     1
290
     0
176
     1
290
     0
176
     1
290
     0
176
     1
290
     0
176
     1
290
     0
176
     1
290
     0
176
     1
 90
       50
176
     1
 40
0.0
176
     1
 40
1.0
176
     1
 90
        0
176
     1
 62
    18
420
        0
176
     1
 90
       50
176
     1
 90
        3
176
     1
 62
     5
420
      255
176
     1
290
     0
176
     1
 90
       50
176
     1
 90
       50
176
     1
 90
       50
176
     1
290
     0
176
     1
 90
       50
176
     1
 62
   256
176
     0
 40
1.0
176
     0
 90
        2
176
     1
  1
strokes_ogs.tif
176
     1
290
     0
176
     1
 40
1.0
176
     1
 40
1.0
176
     1
  0
DICTIONARYVAR
  5
41B
102
{ACAD_REACTORS
330
5E
102
}
330
5E
100
DictionaryVariables
280
     0
  1
1:1
  0
DICTIONARYVAR
  5
2AE
102
{ACAD_REACTORS
330
5E
102
}
330
5E
100
DictionaryVariables
280
     0
  1
Standard
  0
DICTIONARYVAR
  5
2AD
102
{ACAD_REACTORS
330
5E
102
}
330
5E
100
DictionaryVariables
280
     0
  1
Standard
  0
DICTIONARYVAR
  5
2AF
102
{ACAD_REACTORS
330
5E
102
}
330
5E
100
DictionaryVariables
280
     0
  1
Metric50
  0
DICTIONARYVAR
  5
2B0
102
{ACAD_REACTORS
330
5E
102
}
330
5E
100
DictionaryVariables
280
     0
  1
Metric50
  0
DICTIONARYVAR
  5
5F
102
{ACAD_REACTORS
330
5E
102
}
330
5E
100
DictionaryVariables
280
     0
  1
2
  0
DICTIONARYVAR
  5
63
102
{ACAD_REACTORS
330
5E
102
}
330
5E
100
DictionaryVariables
280
     0
  1
1
  0
DICTIONARYVAR
  5
337
102
{ACAD_REACTORS
330
5E
102
}
330
5E
100
DictionaryVariables
280
     0
  1
0
  0
DICTIONARYVAR
  5
2B4
102
{ACAD_REACTORS
330
5E
102
}
330
5E
100
DictionaryVariables
280
     0
  1
1
  0
DICTIONARYVAR
  5
2B5
102
{ACAD_REACTORS
330
5E
102
}
330
5E
100
DictionaryVariables
280
     0
  1
15
  0
DICTIONARYVAR
  5
2B3
102
{ACAD_REACTORS
330
5E
102
}
330
5E
100
DictionaryVariables
280
     0
  1
0
  0
DICTIONARYVAR
  5
2B1
102
{ACAD_REACTORS
330
5E
102
}
330
5E
100
DictionaryVariables
280
     0
  1
0
  0
DICTIONARYVAR
  5
336
102
{ACAD_REACTORS
330
5E
102
}
330
5E
100
DictionaryVariables
280
     0
  1
127
  0
DICTIONARY
  5
730
330
220
100
AcDbDictionary
280
     1
281
     1
  3
ACAD_XREC_ROUNDTRIP
360
CFF
  0
DICTIONARY
  5
4AC
330
1E5
100
AcDbDictionary
280
     1
281
     1
  3
FBXASSET
360
4AD
  0
XRECORD
  5
4A5
102
{ACAD_REACTORS
330
4A4
102
}
330
4A4
100
AcDbXrecord
280
     1
 70
     2
 71
     3
 72
     0
  0
DICTIONARY
  5
732
330
21E
100
AcDbDictionary
280
     1
281
     1
  3
ACAD_XREC_ROUNDTRIP
360
D00
  0
DICTIONARY
  5
D01
330
208
100
AcDbDictionary
280
     1
281
     1
  3
ACAD_ROUNDTRIP_2008_TABLESTYLE_CELLSTYLEMAP
360
D02
  0
XRECORD
  5
CFF
102
{ACAD_REACTORS
330
730
102
}
330
730
100
AcDbXrecord
280
     1
102
DISPLAYNAME
  1
Metric50
102
FLAGS
 90
        0
  0
XRECORD
  5
4AD
102
{ACAD_REACTORS
330
4AC
102
}
330
4AC
100
AcDbXrecord
280
     1
 70
     1
 90
-1506045146
 71
     1
  1
1711C8D9-85BD-437F-9DF1-BAF3D9CEA587
311
504B0304140006080800E5536153F063D8E61F010000A80100004F00000044384337344134422D393743352D343944342D413435382D3235343539333945414638382F4173736574446174612F446566696E6974696F6E4974657261746F7250726F706572746965732E62696E3D504B4EC33010352C402C5820710016EC2A
311
93B8B1151B09213B6ED8142181B246269836529A567522B6597296DCA7E769C7F960F979C6EFCD4FF387103A8E075C740668E1BD06FB622BBB2FF28F7C6D37065D7866F9A6E4F21E3C9A260AAEC2244C14A631279853166115CD69C822C2A866E7107709D0F6C73465ED4BBE162EB765692ABB6DDC0D10638FBB8DA9A19729
311
1F7CD21542DEB4003409CE575A0D13F9217F01E67BF7F86C9CB3F553A079125349151671C230159A624919C773469988C442A69C07EFD66D9B7D6E5D40624212AE05E64C694CA338C542A7042B99465A240BC9781CD4EBC6AFE6D68FF15599A20CC2601CE17357AD804659773CB4B3DE769927C633F1F0CDBA29A2B7C0CCDA
311
C390D5ABD3FA7BD54BFFDA10D9EB27504B0304140006080800E55361537E3632BF2D010000300200004500000044384337344134422D393743352D343944342D413435382D3235343539333945414638382F4173736574446174612F496E7374616E636550726F706572746965732E62696EEB606060F80F05402603231037
311
00495E20ED9E9A975A94991C9C9C919A9BA802143034373474B670B1D4B5307572D135313677D3B5747133D47572743376B174767534B530674768046931363471713532B5D435353131D635313302AA76036A3634373670367376B67474B5042A03DBCBA019D37FE8ABC6157B20CD04146B0062181F4C03F940F0C11EA29A
311
8141C08141002C0426541C106CAC2CA046088033B02A030AC2157C6006F21A8018AAF50194E6010A610250382264E08660284CD9E98021862280A91564B406929A0FF62C401E28B6F88038B83CB1243943D7A928312F253505247353B3DB0918B16E1FB7443A396BB583D96EA1714EB531CD60F6E985C94EC613EBC16CD7FE
311
4CA7D8371560B6BC6081D3C41B4560768F64B9D3E6A45C307BE1CC3AA78869194E00504B0304140006080800E5536153B5A795FFE3790000DE7900006B00000044384337344134422D393743352D343944342D413435382D3235343539333945414638382F5265736F75726365732F31373131433844392D383542442D3433
311
37462D394446312D4241463344394345413538372F7468756D626E61696C2F302F67656E657269635F706E6701DE79218689504E470D0A1A0A0000000D49484452000001000000010008030000006BAC58540000000467414D410000B18F0BFC6105000000017352474200AECE1CE900000192504C5445818181B3B3B35A5A
311
5A4848486060605C5C5C6464648383835E5E5E6262624E4E4EAFAFAF4A4A4AB5B5B54C4C4CB1B1B1858585B7B7B7585858ADADAD7C7C7C464646787878ABABAB747474A7A7A7686868707070B9B9B96E6E6E6A6A6A8B8B8B666666545454565656A5A5A5505050A1A1A1BBBBBB8F8F8F9F9F9F424242525252767676404040
311
3E3E3E9B9B9B7A7A7A8989897E7E7E9393939797974444448787873C3C3C727272BDBDBD3A3A3A6C6C6CA9A9A9A3A3A32020209D9D9DBFBFBF8D8D8D9595959191912626269999992222222424241E1E1EC1C1C1282828C3C3C32C2C2C2A2A2A2E2E2E303030C5C5C53232321C1C1C363636383838343434C7C7C71A1A1A0E
311
0E0E121212484A484C4E4C1616160A0A0A4A4C4A787A781414147C7E7C9193915E605E464846838583878987B1B3B18587856668665A5C5A626462818381A7A7A5A3A3A1B1B1AFADAFAD7072705C5E5C9D9D9BABADAB7E817EB7B9B7585A58BBBDBB4C4C4A8D8F8D747674B5B5B3B7B7B59FA19F606260ABABA9A5A5A39B9B
311
99A9A9A78F8F8D6C6C6AC7C7C5451AD12700002000494441547801DCBD89771BD7B5A70B8EE04C702641712605CE034890E220088028C93245451215B713AF388E7DFD9EEDB8DDCE6ABFF4B57D97137BE50FEFEFDBA74049B6AEED74869B7E87404D2814EBB7F76F0F67A8835CEEBFA0E42B854AA5B2BB5B6BCC951A8D52A9
311
3657A914FE0BEEE39FFE2FF395B9B9C6CAD2D4C4606F4B7FFF8D1B37EEDCB97587F7CD9B4343BD134BABE7DB48E3FFA7A228ECD6F6574E4786C0FC8B5FFCE2CD5FFCE297BF7CF3CD5FFC92B52FFE58BFF9E69B776E0EF5F79E55CBBBF9FC3F5D3DFFB07F5898ABAF7CDA3B74E74EC0CE20230561BF096E97E05712BFFCC59B
311
C80539DCE83DDD6E54FE61B7747DE17FB8980BBBFB2BBD4337DF487881AAE6C5ACC6AF25207877B2B527BFF1CB3B77FA47561ABBD7F7FA7FE146A5B6BD74E3164C7F51449AE95DB412200EC539418717E7F2F11B376FF62E95FEAF1442BED0581DBCA1BD2780D23F506AFA16E1A7AD974EF17876F00DD7BCB187A1A97AE51F
311
CED5BF2BC1F2BBE5B3C19BE27B43CF26DE00933658FE129B109C2FFF922CC22C4260FA01BEFB462A77DEBC35F42F600C3F5B0795D2E9E02DAD5E650B4438A92801B65C35CBAB7B1EE5041CE69D3B6F1822DFB873EBD6AD3B6FBC71EBC6C86AE967DFC2DFA4CEBFF1BF54F6276EBC114E2F43FEC60B01A0D440A868B2920E5C
311
4BC10D60931ADCB871F3268B21D3851B08E1D6AD9BFD4BF57F7577909FAB86F29B982571136AF01DF5FE32AC3BD9406CAAF2440A54CF176EDD01FBADA1FEFEFE21FE4C9858DFF4183458A9FD2B6708A5A5A137E0EE1D11A9EC0C7C58B2C73C0AD6B479BD76B7790CF899E287FA5B06FB7B07C9195B7851FA8794031EF1FC5F
311
9406BBFB23375420286399B631E93B08022A785C4DBF9996EC3551874094D71B6F487E80F6837E50F483BDBDBD83232323AC420A18C68DA196EDDADF68A77F938F78FD972BABBDB7B87FB164AC6FC2CB760365821ACB74AED44FFAD7E7431ECD7E08AC421F391D199998989A383D9D98E8E56F84A318C58D9BFD2DAB73FF52
311
22C8EFAEF4DE7AF30D756E5108683DA471E70D0502099A7240F19E4089D3FD203E620F1B47BF43501E85031AE44B4B9F2E4D2D9D4D51D8970983FA861B3706FF950CA170DE82F6B312CC4F42C8966295F7D725ED29882415DC055F36DEA1FE96FEC141493F05FAA9A9A5A595B333DED5B3D5A533F62183323032F46EFF13EA
311
0AAFA5FBF7C8976F8C10F7280A014832593B90004D52341980D907EAEB73411EB2F1EBC9F507F92746C40E7AE0AFAE54292BAB2BAB67CAE0746264A277B06508168C94BF772BE9765F7BF0B548FE1E07F3B5A521340A5CB5297C4B12811B89E82191ECF3E41B3259C529F135E23CF4C7F961FB13537F5A02ECCAEA76B5BA5D
311
3D3FDF3F2FEFEFB3AA22053E5008833428DC6C59FA2F770595F311F235D427F379BB8A121BD901B96076A388DC4C3C61C7933CCCD770FF375A6E0CE9F535FE2534BF5ADD3E3FAFD71BF57AA951B6D4CFEBFB8864758A26154430080B06ABFF557610ECC93726224F155D1471041E0D42F82F4891C926C1355B0831649FF365
311
F46FF05300A7A790BD8ADEEB0D4AA9569A9BDBADCCD56AA55AE377F5F3F3EA2A34983A1DE91D810543138D7F28E57FF4E2B5335A3928B76EA1CB9B00BF158C8F63A2E788826896D0B5E7C461949ECE089144F8EBEFC7FB4D8C9C4E9DAD60F7FBE572B416C2F2423ECF8B86C439E450DA970634ACFDA977629098D0B2FAF313
311
A36B3869E37AF7853378CDA1171FBEBA95DF1E44FD5144A420588641B0055A79ED91CC0DC41E27064512FB33F1F04D09D0D2DF0203A646A6CECE80DF28356A348CED8C4F1EF137B9319E1BCD29867CA556AA97F7B757567006A447FD375A26CAAFDED9CFDCFB2BB0BEEE8AA5911BC2C7F85DF88A3775389990AA72219D5824
311
09210F85A4E66F2987D875C30848023088FDF77E87F96FD7CBA5B9DCCEF4F4C9FC7C676777577B7B7B67E7ECCCE4E8DEE85E81A6D55AA3BC7FBEB242589CE8ED4770E785D7DDE23FF2587EBF57F50B9E820527316488E5C32D50F979BCA58207297E2B6D658702FFCD211840FE43FC9F3A5BAD9E97E6F21B9FCF16BBBB3A3A
311
5A175B5B1787875B5B3B86DFEFFC687A72674F19D46A8DFDF3EACA59E405375ACE76FFA922C817CE86A89BDD92F400F2C55B7462F610459837D3A61ACF50C7471C8F2F2A9D38C3DA2F068007F80EFCDBFBE5DCC674B1D83EBCBEB8BCBCBC3ED0D3D333D0B3DE33BCBEB0D8DA35FBF9F8CECE68AE020BCE61C112A4C1138CD4
311
7F9AD13F7DC6AB9CF9CFCFAF9D0E01FFE6CD503F5B91C5218E2899CA15098714848B04FCE5654884ABF0E554F11F6C21D73D5D5AADD64B7B9327DDAD8B0B7D7D6D6D07070763BC0F3E38E8EB4310EBEB8BC3DDB347E3E37B5842B97C4E44A0C630427E5CFDFB71E03F471E12CA9FF70E055AE141042DD81234B879EB460636
311
1D9328149037D7D76A571A7E974FA20AD0323832713AB5BA7ABE3B3E3D3FBC30307070B0B9B645D93C3CDC3CDCA41CFC6AAC2D64D0D579B4B1B397A7C1BDBEBD7D36657A3CD4B2F44F4909F2B9CA597F4245C59DEC354316F0587020D0C661742BC02869435FD12CF195C422DB3C5A3E2305C000CE6B7B27ED8B7D63079B5B
311
5B878787C787C7C7C757C76C51B60ED60EDAFA06D67B965B3B672677080BB5329E60E9B477847AE2E9EB53E35779FD37EFCD2D0DDD68AA355B6B0D81860502B8B68C801F5C697E9AD62F4B406244CB975560BAC756AAA577675B07C6D03778C17E7C95CAF1B3ABABE3E3ADADE3CDB1B1B6B681014470343EBA979F8B903835
311
45727C63E43549D14FD0F927E5F1FDEFD7263058FE02EBCD1BDCBCA053496BD58E69BC44F9F854D4D979AE9ADB908824382AC1D4014E9756EAF9CE85B6B54DB01F02F8EA5908E0D9D5F1B3E72188C3C3AB67879B07C8A0A767B8B831FE5E7EB754DEAE5261460243FFF07858D8EF0D658BDC563A2C5EF5833C13C90B69248C
311
4DD97842B61DFA7F210A2F6108A0F96B62E2D3B3F3DD939EA47E30ABF5AB2B903F4BE5F9B36757CF65021E616DAC6F60A1FB647274B4B05B2E5341B082D43278F67D8DFDA48AFF9A13F22B34C7586C9992BA6E66CABC190E313E7C811AA57304B421A75B289B9D174CC868C24548823E230B9A5A2DCD2CAFE1F98E61C015CA
311
7E96B083FC59F3ED06EE60F360B3AD6F79787ED278D0A86FAFE00BA9220EAEFE1D5DE1F7855939C3FCC1332426B377F692406E022C010DB437EF009803F0DCFD3B7C94440571D8F2C328F115F47FD324802070BAB43FBA80EFDB92FCA1F7E7CF9FA875CBB327CF9EB08C4DE4815BC4210E2CB7CF1CEDECEDCED5B757490968
311
286899FAF95583BF46F9393CEE6A86D6F618CAAD9BFF0BE22B042412C5CFB50556815CC5BBE33E9F61ECEC26A9BCB8145FD10590078F9C9E953B513FAE1FE387FAC246E14F9E3CE7F5F8194BD6594140876B6B84C5D6799C61A16434201E5237582AFD75C07EEED9863F463284E2E13425A036BD41061259289B6BDC1ED656
311
FC8B8592C9D00701E27CEA749F0D8EF44EAD8C1F80FFF8F8F9D513191F6803384C800097F24069C407CFAE88136B7DCB3D5D4A60B711F19070D83235F77331FD35E715966889038E2E0B346EAB7936C4162043E1A1F144093695443A570144898BC4079CEF1912809A3035A1D3F361235F90FFF1E3E0FB93C7E2750719F88E
311
7D8E68123883ADB5B18185AE99F1D11C1238A792DC4BEDE8EC6FF503DF377E0445F68FAF4E08D43082D02170F30131A154206CC559A8D9CFDD762B31273E4947A581E0D9BB71E33FFA07CD02CE2A6BE1EC80167497F2A81CFA3F7EFE58D0CF5D5D170DE4F89070B0BC4040CC17BEAC6B0586C3D3FF0309BC06F44B04A1E137
311
29929B4DF73C44070692C810B08AC3012E8EE9EAE22067796288C193B2139B970B86F47FAD0F98382B1E035D9C32FD318A4FAFCB274F2E1FA772F94411B0CD42493C23393A685B5FEF3E1ACF554AF5F3552A478383374E6B2FDDFC4F6DFE38F4F4ED7A7FE838F488EA852482F412D3CB07E293D02C9F074F12E84C5AAC4232
311
71450572A385449844706475FD38DC3C22486A0639E5F1E38B0CFE93CB4B25910EF309A2224BD8DAD40C682C28341AD69047E8539A6AFC14EC573F7FAD10AE0FE6EB13E87B28E093B513B5803514DE408809BC12A14876DE0A25F643009E9176D9F0C330164285A7444DC8CAF0E9FE41429EE0A2F6A6DE91C0856C50127240
311
4A8468822E24C807030B1D33D40D4AFBDBABB411D093D88C86D7205E05FC57EDD1F805FA4CED5920F0CED39157E007CE21757C5DE440ECBCB46CD283E378029B43FB077B4F47E60E9F61E8D01BE017D7E843EB49F50A2028F1E442FCC90C9EE308E4C0C2C94EAE30B75FAD3A0EAFA57FE9EF960F14BE15638840EAF3BA490B
311
B6850EDB38EECAFD21A0C746D0C4234DBD035EFC7EDD121FA585FAB73DB89FE6A03CF833AB0730E5E2F1A36CE3F202A128934B44E396961121E1F2C9F32BFCC0C140CFE22C1CA8E109B182919696BFB98120234F61B59F7BF46EC30CF067B21A33B0FB3E402448EE266CCD93135A8E823DB31F85E677434E608F53F8100BC0
311
098EA2FD6BC01770E0F2F2D1E5452A711C4BB8486248FAD756D852026B6DC90A2AA5C6B69E9068B8F27AFABFFEE8AB36F1D23985D5960014FD711940800B560250D2272CC54FF1D3A660B275AC3881E349689C1616E1E9044129D032313509DE4700BC867C71F128C400159407C761022BA8A040F40A244788808C60B3AD67
311
A17576279F6F946923191921B0545FC2F12AC0EFEFBD7262B6935679FC7F80629160ABFAEC88E8430E76D82A8DE62ACE50BD4A42FBF03B387B37FD321B37E31C3F063D99703F5160E6C9E5A300CF32A91E0A085A29C0FC507F6C21012303C6104B82C1F1E156DB3229D1A855A32A8352C9077AF733A0AFE0FB3EF81FDF2F0F
311
82C21B0EB06998866878B103305E31EC17F4FD43831E570A2118D1667632D4FFFFB125782F96168A833DBE78C3F11F8383A79D49F58F1E3DBC780417AE6581381E8610604888E2913E12492881274822C221AD04CB0B1D273B8542837460898C686864FF6F801E8269F40AD0481DFAF5E6E9C1F3BE391C325004DF0746A4E4
311
448F7B52C0D5EAD39EC46896B888C4210D68E99DFA2820DF7FF850EC407EB55C3EBC5028611409BFCB8889C90F1C52355AEF98B18100094C9D0EF6F64FD47E5CBF3FF5293DDFB4B50DDD54F351446FA1F14580DC3902C085F593CB24ACC917B213BBC11B3F0A61042FD8B24F4FB9C4556D0CB9E1A880DE89934CE9607F18F8
311
1FDD950DD0E1D143F41D56110E227C250621FF098838042BC85B5B6BCBCBC31DD37B34966E9FFD9936A2FEFEA9EBA4182E5CD3E17AE35501FCE0707E5525A7DBC64DFD077825BE37CE0BBE1BBEC061410C660B6E49912665E2B3749C7C9F93834022F74CDE6CA5EB501D9CBC04B768292C5CCB84478F3CA83074092C608216
311
9015E5800D5839DC6C1B58EFE83ECA513BDE3EFB8EF1242D2D4B3FD55AFE03D42F8492AF8A3F21444FA2FA9ABBF525EAF84C09F0168527B0138A85D1EC0443C467B28BF844EAF76323BE13D7C11F72FED783837B970FEFDE7D7817E077C17EF7E2A1C2C0FE851FE4C008388C15E818958746129E1009D054B67530D6B3D8DA
311
3D59D82D9D57CF70039FF50FFE0DE94089DB269C3655A4F25B38C49D0BD48E59F1526887C18FC5272197F85CA72862A593A4843CD25F920487DDF7AA0441A2C0600D062001F103FCEEA3D8560CEC3EBACB01CAE5A51E420349F602191E5F901893142381351CE17047E764BE50DEAF9E4D8C38B6ECFFACEB141E54A6865A88
311
A60133EE9CBB4C256930B0B168C1C3AB59FE1743FB422C7166082E934AFA5EFA3E4BCE0B69362FA7041818B7FDECE1DDFB4D022007CA23E521F0700AAEB5888BBBF08023E128B4045381542FA256B0D04E28A0C3804E233A1BFB476A2F48FD135BAF9843BEDA3264EB42BA499601F16B566E72C7EA35908ABCB9176BBED432
311
04C696AFD3D7B24B08D3AFA44BE243D88A6D9D0B6562B52F741E1610C0EFBBAF2B0829289A640EC4C8A4FF66A24430786CEBE1E1E61AF9507BFB496EAEB64F8F49B4129EBDEC065EC1F8A3F228A3CD0950883B41BEC6D1944AE06147289600A7726313AC69A3F91197F1438BCB743E76F01F6EF1D1C854071670FFFE43FF1E
311
DED702EE5A14C85D0C42DF90B86068800659AC88981855E3E774A71C0CAC2F76754EE7CC87C808D1E1E0F6CF47FD4224731337BE1E39C5010823EE997B1491BBD99FC8D8EF77482BEB5EB2CF66499A8E0F7511B19B3EFBDACB6507BC78731B1B383D02FFDD7BE8DD9256F7D0BA7B46015941097B80018F700FFA024CC08078
311
F51806100ADBFA163ABA8A3B95B9D2F92AC30BC908ED31FABE0CBEBFFF0279B675868F9AA24E9530B08C174055B7F48E4F58002F3E82F0BDFA003E8B431EB6C4A91E4D9B5FFB791265BA8827BBE5F1BCFA7F789F72F75EC800F8AE43FFAEC42F13009FB905A9A0132015D0068ED7682AC608BA6771038DEDB3B33082891FAB
311
1ABF5614F93238079726B833958796B845B731FCB86316713C1DC581B1E19B424EE32674093F80776F7E27C6FBFAC85C536CD955B96EDA2A3FBF770FF4BE11845470EB3E42D022000E0FE07D161811020742162444668308801E133A4C163BE68F6826A5523071CA78B2FED51F28F8C70FE4190073A3E5D3259D7A288CD19B
311
DE623F10021BAB0C6E327FD507B2741627727EA00D31856492F9F009D7F152D930704E642795C1C1B336E0DEBB7F0FDCB79318543B25341F36802D64A981A690B94259607DE0B19D466BF8C1C5E1CEF9A3FC5C639FD6117B4BAEAB453F8EFBDA500A67E8BAF76C8A06566E36EE1184E8329419161F83D843D5DE7D8221163E
311
145F56921C3EE383978072129E290A9B7166E63D26BAB1FCDBF710009E4051842390031845F20077CD079407C575F20364C4910ED2A574BC357630B0BCD8DE39335EB175646A698458F6A346F003A93002E846FFE0C459B8006E506D79BF902908A0AA05CB5E73530E33BA1D3C2EF99C712B7C8B41DF4D2A7830BE8707485F
311
CFAEEB85A09AB6D39BBF7B4F23E00509C20DB04E240822A4B810E04D8D53D10D504C059ED86BB8697F514777717A8F8144D48A4C89077F7EDB00E2D89DC02A7B975640A282C49A4AA84B70B12BFED8EA6584860DFB7EE23FCB00C6BAF7332FF259FA3C9346508813E372F1DDE425065BB61FDF8300F7EEDDBE8D0C6EDF46F7
311
D8823478590AE23759D60DA6B7A9F125EDE8F4A5D2B37470D0B63C30DCDE3D3D59A8D1501EB1B0A5377517BDD6E301F995E3F955F0F58FAC2E81CE172A8344AC03DC6781939D2484B8FFC15E8F3ACCD3954CE19576B942D0A029188EC7013FE59AE90B71292DE774F1F63D60230180B30A2EDC65291B6211B4081128856001
311
A680015CE000708254891851D4B3BED0FA4D7166B466BFF1D2A924885AD12B387FC0FCE6819AC3AE06A7AA4B715F0927B74D119D4A668FB54B8A8C268D8B038A207D10A7B1E95E42195B695BE0240F7408B311257C23F581E987C180140C584A02B1670CB817CEC0A080F259F1360E58452013200E3EC107AC1DF4FD7B0F6D
311
23F33347F9527D9F51E6138E31AF35F1BDAAEEEBA3D71BB402E2FB47CECEE96B4DB85536772B07C82A34F3E66D0BCEC207FEB9E70643761276F7B50D5EE963CFF80C7AF4A2130F5BF8C4EBFB5F07B709840480DBD8007FB7EF3F90104908BA457D43AA2A6A02C91422285E5AAC143F3313A0CB74D9D164933B86C25587134E
311
8D342B453FC982860D09FD13ABE72055ED020E85D3E312F74C25CB0293D978A1C4001927C80B86FD06349126EC219F0C735C8053D8F5F310817EA01F1B7851F406144C211C6362C27DD51F1E310C0102280ADB891E9B085CC528A2B1369A46BA195B9A2B351862CE43174BA73FB7CBB430A5798F4C54B7333B96C3224A9863
311
AD02B9FBD8E63092191924E77C199D92887DA594B6DCF0112857162FD0949FE6A441F5E62E42FB2105BC405A2301A3424601DC807912CB2C39C604A27908021CDA30C4C8C2019A883B3A8BD393BB3546136EAF561980FB63E9E035FF73B96D09A905ACB2C11D79571C5159026227DDBDB81396EB03F14100BEB66DE1FA9EF8
311
2C3ECCBE318119C4269FD014E66361FC8BB0B4EA9A98EF3D8848A01360430284335004C183CC25BCA82D2302EB03B8419241C64DF4F5ADAF77B533BE786334BFCBB8DA72BDBEFFC36103AFB30608A0B39B58D93F0BF42180841DD26BDC22CF0A770E90240006BAC65197D90920131C7B2EB3CFD3C71C6378A305EE8488FC1F
311
F8D391E2BDDB0F6E3F45E7C8207C419800DB410073A3173942CA8D5242642A74496FF115832A6314D9FA4257577BF7FCF8F8E8CEE8DEDE5EBE76DD3CF892BA7FB8B90F629431B5525E92A15A3A4A6FEA3FDD73136172060959206591F4C927196CF645AA285CF3014630121754261C0D31E1A7E3DA2DBDB54B04703BDE3A42
311
09F02045C4BB0F529A14BED07098A2A1CD47513DA64B512F409BC01663090796D787173B5AA141B1B39BB470EEBCF1E30F9D263ACC4D05110797CEF7B923B027F089F74D1D06F0A4D8C0CDA6604023FCA45B76C5CDE0BF3845ECBE13E0C0ED73700A8A753C1AC8AEFFF1B407FC8A20F42F0D94019121DE304077A027D41122
311
83BB8FF0072444D68AAD111D6F591BC0061854BBC048EBBE9E81F6A33A95C21BFD13AF3C7E7DCDFFEB0DE8903F77B41DF178E99C289895B0EA8CD640549D68935BA7C5294E0A1D66DA0CC419BD398E6265789CA1241441AC94532A3C19C95340BEFC68703077EFC1D307B71F3C500859C11494838E902203A2BE90EACC5135
311
B80B078804340C920C2300BCC06F7A1C71B875DC572C9BD1D84BD5FB9363CA6BA7D03E5C40FDFC54FC23C9B4B9DDD028787D89219038523BF64E638BB37CC25335937A00DFD32869C5B390C8C32FF25C8C47A7181B4A599A224A9DADB0E0406FEFF9F183B7448F081E3C55024FB33828784AB61704482CD0160C04174F9E33
311
BA9291D58C2F1F1B1B3B5863B0D9F3E51C35C253D54A23E560E2C0CB3A6F7A81382601C2079CAE96B7B1560D20A341E85A928A4E01083256420576C2ED477E2E565FD9223BCC691CF394D3D8E281501E0EE5C1C8159E92585D255CF30CC854C75318006EA4A01028EC853F9407C6053910BE105348324002260254886C1562
311
60F9189EE0F8C9A3CBAE9D5A992184568A69D5183A7DB97DB089FDC57AEE54F858FE54F577DBA85309640290F2D220952620750C5811FB772A7876D1E4040FBFC6474D51246D8B3FB378283FB514F8AB3C20B8BF7DBE5DE541C9A5D3D38DDB30E00151E02523081BC89C2214103E0BC1B3D0199A08E002681A2613A2616CED
311
F0F0F9C5DDC75DA395C25C0309C03DEC8091A4AFD3FEB504AAC6633930556DAC86EE3561941E862C4A75DD6B6BB3A0C59BE153DFA73EDFCBC3CE2188D3D378FC976D0EF9A95B7C8532F527CE3CF539581E0FE501291E9139FFB65EFF5DBD8E0C18DE3077170A64E033FD278F18068028802F156C3809FDEB11B1019C208D02
311
0C9BA2870457F0F8E1FDC7EDD393E3B9FC9C4308E9315704233F960E554802C14716B0B45DAB5EAB5E25AB7830EBB8D25E6CA94E4AA01794FB1EE164FE9F040FE82C940A4BCEF913075D087E85A7237D3CF29C47E4E676777779528C4781761F0BFBC1D3A77880E40C9A2E5109180D5255317890394229F0F082010354082D
311
574F1E3FBAB7D6553C2113DACB97BEB5526C7C6F69F9310A94C46CD89FF8F379AD1AA035FD00FF3F320180F01417A6F255A3A8D86319FE0C0B0E06A0DCD33F79841339C01E5BBE1911AFCFF7C1E0A540BFBDBFCF2372352686D863F83F59CB6865F43104007EE06F52406F680341102048A01BB048823082CBCB0B6AC48C31
311
3F3E7CFEF8F2D1FDC3D6F6F9F9D9E98D9D7CAE5EADE2A6512FAD7AB526E17F600C85550DDE9ACFE9D97E694513103BC69F8A2813176032C890C1E9C49FC09C61670FF8705B1D7386260E7C8E7122C7F8208A55139E8C8D4763F7EBF5728DF9C34677364E3A3F9AEFDEC9CD95470788834F9FBEC512379890B38C94205B2557
311
987C4186DF5C0837608DF0F9F3CB87B7EF6E920475752A01460E556919B2B64296FB9FB70DD5F47232A0F77465BF140CD001F00ADCA175090E2665A14E6329B62660E02A1CB50C6025E3DA252A670B3F0FFAA5EAD94A509FE7036B159E0D1D9F2E76B7AE1FD5A606198D3A747AF450023CBDFD162278B9446688111009B402
311
9B0F2180AE20A542D40610C073B47FEFE1416B2B12200F3C991C2F54EC2491027A816B0A34A9D05C6F437AC23462385DADD75642EDDA738AF1600DBE07EE8437804D2D011A94DF71C2085EDD40266A407FFA1D1C00B0C03927E60338E3B9D8C47D1F8CAED578E06F7CFAA4BB63B175FA7C301B747CB377F45192003CB8FD34
311
B12009224543D8604494011A80C1903CE0518C986208E1C5FDDB8FDA161686873BBABABAE74FA637BEA894A44078C19696F326E057D7F95D061A6B0394A9D5F2DCAAFE4C2388D8A6E9AB7695CB0BDD0A332430F1A9333DA41D1FFB97FA09AE84E738C75C407C260408F8DBD5EDED7DE1570A7BE333C54F16963B46AB0C2B71
311
208EA3D16EF4EEDCD7005241166C005A73C03164792151205C007288AE337B4D7103741BDE7B7AC913350B348B2D767515674EC6F72A0402BBCB41C81305AFCF05F2758D3ECAC8D26AB97606DB9581A4B7A8FFB068CD5C0604E6849046B70C2B60FF0CDDF93C13822B4E82FA0479A68220E66D9FD775FB3C1A9CDBDB9829B6
311
AF2F77EC9E0678FB20ED8D1B1A1A39D10F9812E20D6281F5673121AACAA9C53424000DAC173F7E18C3052EEE3E78E7F1160F5AAEAFB70E0F7775CFCE4EF384DDEEBEB9C0889D5243BDF557559FEDE5F17AB21E118C4C31A3DF6A96B56AC62180293910ECD6B721047664BCFCC6B2DD3C65CA0F0C823DFEF84083C7ECCDF058
311
98EEF158F4FEF97EB9C123F1B9D1D1A3D9F9AEC5F5CEDA84A3C96C14A55584D62893D6A54D8D2028D05C8B1F124884543F3223B29D208B04910D3FC43F5C52196AEB5B5F5E58E8E82610F08C21BD443801233C0CE8BD1E40F84A1CA86001990048031ABBAB11EF83F9283EA89F181F2A0D9A9F62D94B7F625FD727E6A93F63
311
F200F614F7CF100D4511C07DB45FC5F0CB4CA359ABE4774631FDAE85E599EA0878A3C33D5AD6430CF4C055EE5FDB80629000D7855DED3F436F3B61B3DC7FFACEFD2B1BC6FB0696312CFA477CE87A87070C7998E04FBA78AE3F915A065E819FCF35B410321D9ABB308146A11AD5196CDDD7C477A171C8AFC74B45CBC6F641AB
311
53C8D4ADA5870C02379BC0470CF83DB55F073E29CF5CE5F7A3F8FD62EB7AEB1774C2C6780B9523F9287193FD23DDB79FBEA513B45200E2E0C1B51350163AC19043C600F2C1DBF7DEBA7BB9B5457BC0D840CF325EB0BBABBB786D301437000020004944415472B491ABCCEDAFC0591201CAC8EBFACBF367FE7B6E40E69F551B
311
BBE7123E3C00AC560CE20C62436E8C3C54CC225EE08C0D74CE26148877689EDD004FB2BFBFFFBB984035373A7954EC5EE8591FE531348654514DB1D1C56411DFA2A7C212BE5ED91278F2851A432244C6822C29C85A8B320ADCBDFDD63BF71FD32648E7D098CD018BC35D7FE89E250EF2AC75F96C15271602687965C844B880
311
7C6E7729D93F22E81D39ABD62A0820C1FE9F11CFA7208125D33E96FD69E83AF6052DD32D49FF0802CD9F9DFD39260389A950887A647CCC99BAB17132DFB5DED35138FB3A060F6295AA5E195BF0BB56495A5A4A8FA440026E46A047D40ED2520A441C302D240F201FB8F7E0EDDB0E12A04D8816215A0579E8FE1B1281E9F19C
311
9900DE79842E2A7CCD48E9876EB01C75DBA0E0C8D44AB5512947A00BE7CF5DE9E1A6A6BE43CF1A78783DFD5A404E4477336C1ED8B18908B2A847B2AFE9839E891137A6673BBB96FBBA2A4B8E9373B001F08369BA11BE8ABC4302FD2345FD6014A127068427D007BE28B41D9B0D40FFB7EE531FA673C8870A69135B1CEEE8D0
311
09C08042A5B4EDA314920B635BF941E7487E45256439DFE9D276295F87E698389CD49FB394FE19720412DEDDC40E9CE9C6DD605E0B719FADC416CB15AB3A61F9B5B9B9426E54F81D8B03DD950946D432B40CEDAB7BB5AF11213CBA73C9BCCCDAFBCF06127C7980FE6D1DC9B4DF14832D6568FEAEEBA76FBF438300B541064E
311
D33F3AC0B0D10505306FD370AED02859234402F6C3FED006766DDED2034D90D119057225EEE3DAF787EBF30EC51ACB4F551678BD6728E1944730C095F13E4D81A4DFFBF67C5BEE37E62A85FCCEC6CC6C7BC77A5B477E22223ECA4FCC0F87E2A5E3EB782BDB25B8CFC6736A044DE5A7CDA604526361D650484FE283B77EFBD6
311
5D52C1C73C4F48E7D0D81ACF572F2E2280F98FB230508FA906B42DE240ED651B301CEC83DE1790C9FD96B6CBF986BECF3BD332C18EF627A0B6EECD5B152E02088D03D828AFFAD26B05BF671B4F9A09A8CE0CD2707F67F2A4B3BB75B9ADA331C1305BBAC182FB4A79820B7EEAF73199B8404C0B81231CDCBB871B80FC41FF58
311
60E8E108222A1A076C29E6E03B6F3FBD4F1F295DC457573C7ADED636D6B7B8C88413DDF3B327E1046AA51040B40CB50C7E3F1D2E44DAD34CFA604029BFFBE714DF0C069908027EB275F1F366C132E1A7450B04011CF82B2B647CE754F650FF6E25BF37AAF65B7BDA16CAA791F1D09F6CAB989EC5AB7809BE145FA459E8D3E4
311
B0FB47DAEF093B946FED585B80FE1A0305FD5330FEDB4FDF79FBF6BDE81D8300CF6815E5F9896552412A03F31FCDCC7CB5E32365550CD9365FDCCEC8752E943161D78047336F8AF6539840A1F2E764FDA2970999F205CD2BD1F5CF496571F76EAEFA0E1CF8FD2A55FD06391F9EEF8B9DC9994E72BEBEE1FC928E2F223EBA0F
311
BFBFB4F2DF137BC894B8087643D64ADE6EDED67F7680FAC9060239E845FC94AE93D880F994FBF71FBCF5F66F9F32C292EA900F9C1E6F1105E81C5B5F58A067A448143842008D7275EA3BBA3D2516FDF02FF79260020D6B3C714711F3CFB61BFF56A826E627E82256F7400FB387FEF23C1C1E77FD6A21EBB1B2B35F2F95E776
311
0BE1FA3ABB3A981423477517EEE36FF96F122B942F6FB64D9502BD1B9089162532A2FEFED255028FE653C9F46FA321E0B588B7DE79FBED07C44106CC85133CA65190543004D01D02D8181DDDA5A9C91A7110805B7875B689FC3902200FB192E7DFD936B37B57D9C338BD49E99E181F4E5FCAB2ABC1CA7AAB382CBC7D515457
311
CFABE6FBC63D525E5CDF74B16378B9AD6774A58531912D232DF01BAA913DFB7D3AAFF912984302B84D0500077800D26C60A4742101DE420C610C2E92FA93056022EFBCFD5BB6B38651470CD33BD87630C05831BA864C85997B8754B05167F0706499DC442FCD22592AEC2ABF3FF13F950039BF159FA9B36ABDB2778EFF83F7
311
0972B83BFD3F4899E64DD8346AA495CB155A7499F2CE39B0AAE755125EB84FD8CF8D8E4F4E9FB4B72E8F1DBCCB98B31BC4607C2CFF21C8145FB48EA0F2159F86A3098415609554DEFA7B27EF1301033DD06D274BAF6821D220DEF96FA4CBB60B3CA241C021D38E1AA76B4406B4767576166766A6C7F77273F5F395291BBA19
311
F64F2E3095C14F3E60371827741CB27E89543857D6D96BF9A47C6A9A26057840332EB843717AAD171880217B71FCCC0355AED3D4819911F79D0EA8AD6DA31A83E36C5DC2D470295C011302387069158F6C9966022367ECF1D00BA9BB95C389AE7B6105A1FB640689033A7FCCFFEDB762189103A61C3A4FEFE0D6A6B5A19EC5
311
755A443AE78BC5E9235B047890A65919A0D2F96AA3C01CEE913BB3ED239C3E0CD8DDAB99E4348BF3F8B977B6C43DEBEFBD7721A839A63B94C06A10DB87FCBFA3C2932F8C26F88B6D6BB30C3C4E09AFE40FAB52EFAA1EC0316920E031A46D65A0FFE45A673432E907FBCF86717AC04F2CD0EF512D665FF53F05BFCDC43489F1
311
50890C60A8E0314E70A06F619D30D841189CA15D3417F3CD50191AE4396543F0C42BCFD696C58DF163F5B46D708BD5FDDA5E5E5FDF9401BC4F7E00E8A17520833D1CBFF495B5D1CE037C664123EEE74737268B5D1D3DBFDA6AAD8C08DF2C0BC7A737E10AAB2A7B958990CEBF556CDBEE823CB09FB344143463C630CFFF585D
311
330CF0320E921744A7918280FEEF981161008E9FBC78C830217A07B7D6985E83F9A79884ABB5AB383B4D7D788F9FB3D867A2112A43F19042B33A108690CF6F472F8661CFAC971478757F6E6F2F7AEB82FEA85E5715941778B278281F28C268AB24BDB470EF3303E09C359E9DF1CF990D8A096106E6A66C8620DDE7D281DF0B
311
2831F20439A30D68386CE13E002F7EDA8D7806162B205D6A19AA1FABFD6B1B400EC2BFFDD66FDF7E8755B4883C043F43046C1326136680404F1F934EBDDFDD39CB58A98DF1BD7880E0532E671FA1435E9D6EA5E9071000BE8F262E7C4044FD95D5FD526EB40A05A634775F32205C3D779FDC168CD5E56BF982508BF572BDA4
311
F6F57D3304BE9EB18149461B12F760D7485891CA47CFC44909136FBF4931716A2E100123FC6CCAA6A644F25EDF4AC980B14039009BECE8B798BF69A05DC5B6885CD23F8E13A46FF0C0A986D617F001C52241801E87C2974C31411DA3A5D7B6175472763D637D3E57C33B908F867F4A59CFCA7923375E5F027A983E18BD7BD4
311
E6FDDBB2250C1529F4202EFAAF979DFFB1F2612E87EBEFEC58581EDB9AA95AD1D7C1905F7305BF8182D5BBB524D47C4E3B81CD843220DE1E6536497C0962C225F75A2D6A998303B23FC501F0B3F736EE1FF01200FC8C99F5515207C9C40081DF304C0A17D06E26CCBC5B3C47459308178301FA8057C2C0AE9D99B05F038828
311
B08400F2E3251254DD7EB8BC4853B101F99AB48E387457C96951E5DB670648BAB70A7B04FE93EEC5F5B183F9739C98952C6845C380D401B8FC86E70A20744EC720E09D35955D96A9041720196D183AC2CFE6AEA816652D0234883D788BEC8F5DF2615261DB031C2381092401B48D8D2D870FECEA9C3D99DDB036C8A0510580
311
30E32190976718C89F031DFBFF2EEA3D88606A8A19BD0AE305BDFD12BA4FF46F1A0002B07137989C748936E9DB2C91F43B07E4E4D16C3779CF5A4FFE8CC981F07C29E34B7C012AF0054FAEA4A6A3D49D3A16D2B3CF220A029003366663053C89B3FB1827080DEC2780076FBFFD8E39810CB0593CC68B5D9009F2D400418028
311
B0BC6CC74067E7C9CC0C2690FBB084AA5254A12AF63543B35EB40D17B693F7E3464D5094C00AA9E04E0E0524F5C35C5EC6BA94B21AAF2440725E2A9FF94FE7A8F0E769EB83FDEB039B631B18BF396F5C13CF89ACC02C387DA56DC3B1CD84B96CFAAA37B55FE723B611062258257D331F186AC93D8AD600B4FEF4AD777E4BF6
311
8F2168FF08C081A37AC13446C859964803961928476D78F68419390D830C1935B5C2A0A22A3AB17D3D6428BF12DC373B8D464E04C0A496BB3B3B75639DCC2500E0F0B15FB6F47B5A7ED0183A87CAE8D535F2EDBD4B3B7FC762DFE65A07C30B2851DB890082ADC07131EEEFA3DB7DD5CD32C0860CA83CD4B7993A175F422A81
311
49B1C1D94C1145059D9C78A8A572A90B7C8B1E3392FF77A80C50220880FF3669004E90F101740D2B808181455A044904674E7482CC3EC85C4BCE339404C0B0BF6A5611E4F9B8157BAB6DE327EC9BFBA1B4557ECB609C1F45326499EFB90EE78F18227F09E563C9E63D847EDB3B68EB9C39E95AC4F7ADCF7D87F6752BB69120
311
40281E4A0D8A8314E80D60470999B8A51FB1488A66A9F3F81FFA61C83F4FA6969E472288FADFD61B005E0EA4284822E018911828E868614DA0C36E11F3A051070BF2F0840E35F200E2C0C80A776CC9E7E6841C0503D0EDF15ED9AFE527E798D23BEE5F0604E58DFB7099D739BF0BA5D332EF29F1535995BDBD0DE681C4F71D
311
FE6A7AC5A13554AE6910963E9ABC9A0DB5B202225545F5CFACC942B5B93C207352B6E5310BF349AF200175D7DFDF78F6D683B7C87E087FA9B35812C4F8F13452CED610A2207541E6D659A739441F3833CD0C9C3C3DC2B0712F62333C4FA9327C9CA1124904B4FDE0FE21C119776CB0C212AAFBA5CAF80EB43772ADFE77CD9F
311
A8A4144C54C2FB2304C65F62FC3678E4F6C68F30FEE1BE8383CE7DB86F58B1AE0C51F0F055E188D02F00911DDB0991832228B3172B3E623E513FF1734FF414A611A603163F401BEA790FC9FF7FC3FD3DB02DC00184145B850D01D120424DC03C00FCEB7880EEEE939399F1F18DBD4AA54C939899304D913CC2D5CFBC55E50C
311
7FBE4C0E14AEEF53D6843DFF56BE2D554637EA047D3C210E2C61077875FB5B40E19F43AB7470CAFE1C0D3ED3B3B4778D1DF6D4F837C08747180FE8394F2CA1E0A46B6DA62CE2B2DABEDE0B1924098580FC16B369730E9E90541D3730D47FDE16EE1FFAD3419CDA05ED1F2715C607F2E81893AFC5936303F40EB776F1D808BD
311
E393A3FA401E1C706E154C892860AD74A2949C409E28A8FB3349C764D13E4D1D3468952B7B1B35001BF41142CAD58D6011C8B78961EACAB66E9AFBC627673B61FFDA4167950A274145BF11EA17BA9AA60815C2C43AE1F648E3772E53C94E6364AF826019E723069A8AA353A3BF7FB5359281700061FF64C28C10B9AF0B70B0
311
B0D30A31CD1CFD22F68C76DA1E44558869257892363C091D313EFA46B57C3BEB252E9C6BF5B4799EC58F1910F469E25AA17B343799DB3E33CF410061F96C6D63FA91B1000CEBB7D2971BDD39A2A76361E000F5DBC1688D47CB812DD60F8001AF25B328D173A9E4BAC18CE9F1F628704330741B2649B92E9714447C68559C6C
311
D2F681919367E4811100750058809D0230C087A89FF3C80C23C4C60882E481F48D531764BABD5CCECA308DE2F63D3BB50373D630796126803C2D1FBAC148F7592881B395ED7D26B7DD38D7096AF98841CB37592561D9C6565317AFBE9FC4AF7371E060736C7635E0CBA1809FC80F544DBAA1F2F9393D970D44C0615A0C6930
311
E758B9E63AE690F73045F0C8C0731DE9CD80F718E94652383458799E02C06D328010011C7090D8C5E5336A83D4059953877EA1E1D66FBE994F04608C4C991917230FB61F9AEE183A40AB9108D032449FD1A7283DD25ED15360EF7EA9303EDDC0043403531EDEAB10DFF87F5E2FD56DF0F1B701A9F614DB17FA0E0EDF6FD0B1
311
622A81FA3D1DE5A33F551930335C353A87F9AB05C60455193448246944A232C5D07636D864CDD7A50D0B4440CDCC465D1C418321F50E1648D500294065D869559EF3C40C8FCC6C323E989AD0F0C73142480B200842802C061008B480A9954AF282052B3AF67350FD0DD30D1F4075AC303A5D490250F5400ACF479656861E4C
311
77AFF327F3EBECA4B57B6B6C8FF62602BF150744656A87DABD7BC6BED50527B2120C001A0B3718C74F0C65CD34F275164D7968148DDF259AB8AD6CA81CDA4E8819509B996A7F642D987A401A2B04018C01E6C169A8700F9DE3B489DB2BC49C9B7B858A4F50D22AE15428FCA4A1EDB20C83492690CFE361CC7F8C8066FFD0D7
311
7AEE797977F468A36E0B0DFC87F90EE6348BC748F7CB73B5B9DD5C6EE7AB19ADBF6DF359F1DC2A0F9E44F213F8041F64274C0859A2AB7C37440FEDDD2F95BE44065F22067E3EA0CC3BD8C0D8194EAB291CCEE20B9CD8E02950AD806080047A279F19024C837C848816719AC4A34DF8F0706CED904E8185753A458A27E4C1E3
311
7B5F30A104932BE140E0BF4E400160F320B054A8705042FFC47B4940810173F9C9E97240C7FCC3F3813EA239B745DE9F1B1F3FC2F9330374DBD1A7B475923F9A2ED81716D18D1B577DAAB9D1A0458655AD3CA7E211867AE7C702DCACCD291E0F798013DC01BC326087775C0833E04EA3778FBCB8DA4687A0255CA0AD210C15
311
661E4E92001A4449031D1DD27D327334BE830B64DAD90CBF537A45FBD4E94A7A88888E715B7E74FCD040E818BDC1BF5AC609CCCC015DED23877080FCDC47BD8EF3A7B783A17D33F3ADEB6D6BC7AD75EA7C7852C5B6FDADA6AFEFC2D181C03F8C40DD8A4AB5024F0B72E34B57BC1182472DC80946789AFB711DB7F1193C03C8
311
93B0345F420246114D3EA71D04FBA731C0DAB0D3CD311B218F0D5A15ECC105D02F3AC32F13600084731A83220040019B03180634B5923D438300B05BAC80881F061095FED5D572A3323ABD83F1D37A2301A8C930AB3F66ADF7CBEFED30BAAD7D78A06DEB6A87F15491F5AB7E25842B6B34BEFC12C8A159F187C64B3CBD2356
311
DE5FBAB98BBE9583F0E3280C0076DA15BF34C15238145742B07080B1EFB83382F9FEF2239D003541041083C5AF9EF3C8944DC2030BC3ADEDDD9D27475800693049E05413BFB3FEB4308731512F13400D06F813368A0101D8D863EB3E75FCCADED124F532AD3F123F131AB46A93DF1ECE7F96CE9EB6C365C6D6A07EEC461FC9
311
19FE288AF7AE1A7D012D291EB073735FF26BBB1C99FB706E972192819B7A34BF22424BEA1CC7958AC2E04BFC8E02DB90A4A1DD04811ACDBC181037864672C78F6C0EC3073A40CC49D5E813593B7002763BC6A909D31AC86F3F6E335C9E1C309BC58F16418642E2AF6B290A34FEDC0CFEE08FCA0F56700699CB73B9C99302AA
311
17BD516D7F1FD755A2B32B3FBE7134D3BEC813195BD355020A7DBB541539CD2C06E45F46FC0EE08293E6C0E1972176D9B678340AA1A4823404EF79B1E2347E47C35D0A2260730E0B513025DC0BD1C07E3366E9B9D17F767405FB531070700035618606F0B40C73C974CFD321B0C174A80C0F3AA54945FFEF348F5488895713
311
E89B5C98DA501E06D8D24FF04FF0CD7ECD7BAA755A854EC6A180AD13BE094E8D5D63BFD6DFA5F5D3E4DB1BA18FD8473DC6E17FFC9832B71A2A94D96E808BB53F9192955D62C82E282B05168AA0927D54AB20A20A74800B7CC9655C8B15F62377CA4C91641F9F4D0478F4FEFDCE273A002CC0A725EC165CE3A149F0333E8E96
311
00B2C05A7D15FD831F0938DBE5D0FF13E3C0F0765965A0961C3FA86DEEB0E28304747BFBA5FCDEE44C23544F7BB7BF7A132DDE34F99E44EC3FEEAE92F667A10F7E90B0E8C6442DF5A5318B0F816311DB2E6DC6F172C363FC800EE09186BB9EC82A24C0117700CD884AA42023B81EA6E0CF8B3056411110D78606EBC5AD5417
311
B45BCC8E61EA01C4006AC233933E35D860BC1B6CB9C9CCCE7840D2E0C1C1FFC11CCE54D59300F2B47D66A10F09D8E24B71B9BDDF98FB62A3B897C53EC88D16D1FFE8C649B17BB8E760EB20B784F52F992544753F2CBF642CD3C9C70D8722C197142C567E74FB431EE248A8F3FC00377F5142144A82FFC28AC2970A780C85A7
311
EE9146FA4B2981F3C93BCB0F3FBCB6DD3DE69C72B6073B99140DE28B8E919D9D9E7C2F5FA99FC1FFD07E9AC0965CDAEA0A945FADE52C791EA989E8E7A21A355FB37E44405D171B98A6E946DB26AE71DBD01FEF07FD378F5B4B518724481820890E7486E3FCE61A60E096D577701890EE07CA5D7F2B086040749FCEF3F81972
311
E510A86359C9BB579883035887542090614E5C4461705D7CA1CF84DB564838606CF1597E8119790D021080C935A908324EDE9F60A04B7830A33F0670CB08605B8D01BF9A3D435693FAB4FD84EF6754930640C1F9D74B052A7ABBA9F502B39DA3BF6BC7514EA4BEC71D752BFDC198EDA8DFE8F32B3EF811E4576B0A2074B99B
311
070A069F60173E7427BDF285024E35A4418B7A412914F2800F1965C4F1120A2D5D2C64400563D5942044807BE7C738EBF3034C4A6F4D70C04ED1F97673C039FABC4CFF18866E08200BB66BDC9CCDCC3FFD1E43BEFC52C317F0F5E64900FBFCDA4DEE68768FFF46350E0EDADB7B34DBBEDE3776BC55599AF84E312229F931E7
311
00D04478D66A0D88D09B2276141AF0F8811C5F8067DC04C0F90929F7F1AC9CCD368488AFB965C97B855A3E2E93AE5B4866502E55991B82D4388614F2C36B8484A5FA06E3EFFA984A6AF17D5C2073299D9F12FD63826F67FC460E54030981684E9FBFC22009A3006962285FDF4FC84B699FB5BEF3736C6072F6844C15EDF258
311
83037DE6BB7AFAD6AE164B367812FA8CFCA6FA25725D99AEC5C6EDEEC64ADDA2BE0056002032E1D7A20A54CF444E360D520A5B69816C0A953CE0434A8A898BF18E2B704588C01BDB2133342F5404FEE698957C200EF54E31BE6DF4E888C9C67F5F3F1B41F922777E7FA6332677C20098C59F762F5DFE4A23F9801A3BB6F8A4
311
F66E0D40EC867E92DEFCE84C714FC7CE8DD3DD3BDBF9C781B1C3B549FAD2C89D711808CAB100E09700BB85240374A7209212F320CA577222A7020E7824500179FC7096C714884BDFD9499E027ABEB3CB0226CD293CAE6E0C41A6788F396606A073E28CBE5CC67D584D36CA39D37974FE1023253E3FFB007A26F657FFC901D8
311
51130DDC2BF54884F20D5D40A0B7E5C7BCC7CC87B84F2ED820192CCE1AABA1FF24ADBE1D03635B5B3B53D4A5F84120125FADC36A0E792D3AD7E255792CD5241A4C84171F1104090017DA493D0A7790A7BDE6DF326180398E4B0DEADA5C2763825E43E05C388E184678C88CE6422606C017F030366981353DF03A753DBF6370
311
879F79889DD0BF75408724DB53C5B0063AB6568D02DC47AE4627B58D7E367A6000267E7840C23A0940B992DB98ED1C4731B4FB4DCFB6D3EAFB6CAC7646F0335C5031888CD74E2103380260AD47176D703960230370FBBF28813524C17FFFBD6288BB28E4F905ADB4A788B40B4A6201C1878BED224DE9906C4C79EF32EE679B
311
9F5D3B5DFA137327320643909A823F62106CB8F9BFE4BFEAFF0FC7A6393EC7F64A698EFF8ACE31BA05ECE6DAB6DF124118D1D13F892F3D3530602E3F3ED3D59DFB821ECFA3D9AE85B1ADAB9E328DE738BF55D5DFD039445AE76D0194180F57B15BEE5F09C07F952F9A10372BC894CF7DA12CF6507E2A8916E0DF430C519485
311
C55D61EFE209912D8C32866214E121611E22A0B1238DB18E86636A3BFAFD5B4EE02FF1E505F902BDF424D0516907BFC95EF3A76B6B3872769D67E25B548F0DA46E2B93DFDFD5F2B9E9EEE1EE1DCC7FBE6380DFBF38A165CAC73DF912AD76A4690D2B766A3EB4AFA2D05BE543EA20B095FB17AE3F1928D84482049B659E671A
311
4763CFA567C08824913D37F2F92F841FC244085C1681225C04AD6DE1684831682CE0D6096B56101C0D4FB3A1BD3F11FC1105AECF5660BD3FEEDF162B0D9DEC6DB55AF27FC98050BDDEDFF63ED14B01336053A19DE9AEF5F5D9E9D9F9E19ECDADCD497BCC57681922F327EB41FF681E17C1921B04FBAE371AC69E53F98183E9
311
1B84897A5DB164158BD1D12FF6F6BEF0E02847727BF2628F9FD48B6FB11DF6928C868B29590A0606F92140D0C08850DAA7DD8A5FE8A50389F61288AEB743E9C801BB67DBE0A7F64F63BC87770FDF57AA73FE1F5A84F8DD3AADDFC32087FBC0A7D645C327B97D65E7A8BBA76DFD9BCEE1B1CDE3F5F7CE4E6DF4013ECD7CB60B
311
D1239E8A4E9A5722AD9C4FAC8F7FF17B214AF8801950430639A08E3ABD05A0D94E253BD5951C885B0CE750309070555FF21F2EF83FF53F4E15038B8D8A244740A5C9CBC120043DA0B323FB1DA0A4EDA268C05A304619505000BE10415DE898809DB6B66896E60AE347ED3D6DC707CB7D5B5BC374A158EDC343D0EA61C217D4
311
878CBBDC1D85686782C3CF4272E7DCFB5E9EF628F5A95AC1AC0C6848F5771329EF8DF2BB79EFEDEC8DBEC72EB7F245287FD4B31008AB38EA4D52F2BF57167159E3004CD8950E217DDD6F699FC763E9D1A0AECC701F7BD4430A3E030374066938F883C01DE40E7DAFD609345E33570F4CE6BE467FBD7F793B5AF2A9D331D86D
311
BA7BF98067918F9FCDD609A0384B523F4413B574B818C6889FAEFC5E7B8F90CEFD62BC2C85B2478D54DD076635BE434FCADE68B3ECF1C8708E27863DBEC352D87BCC7A92A8E135700CDE65BC114026DE5DB68275E656D2C0D4087293D43BB4C9C14EA83C0D806783B40DD7CD4F19EE9F33801F55A3F1FD600017A6CD5DE607
311
783D5F74E34680E7DAB98D99F6E5B5ABC7F7DF19D8278322F6A97FDB2FADE1539BD945DDF868EE2B8B70D9EDAA45D1BB0A5801198CF1DA891540474745BF0317F8A3703E02510AE94B084221F887FE950272D62D4232781054A87C58D015CD45EBF9B70E60820A2056E9D4D619E8494BBFA68B61EBDD8CF52CCBA124BACD4A
311
4077E8420A7F36FCDAF661E577B792A7E1B7E337C7CF1FDEBB3B49F501F3C7366C1730E793F51FA20A9C3D2E9F18E63DC277449054CEADA36DA0807467D45F8A744E1BDED725A033868703F1392BBE221158220588F30574A0B0893D0515B0B7C404AD0E7F40C11D504C49BD7DA39A85A19CD7357DFC966E5D92272FF06D59
311
CA5A6A1C8AE30E52F1247C1F1D78F81887F9F3E387075B170F9F5EEE4A7F5BFC69DF02FD8795FCFFAB472E7C88D563DA514861B85BD41594A75F5E866BE69471110A9F75C8609C7E6BF6C7C727431EE3E9E3773D2378C25226E82C08104A57ED273FE0921D6990E02B006BD038263BA360355E8DC446A380F0BA35FA9945A8
311
0CF60DFD54054202F91897C241C147D59F8E0FC67CD0F2BF377A3463F8BBBABCFBD6833C57E214AC3F5AE9C2FDE88852968F20337972C7E04EE5658223008AE82D93BC37D8DDD900BD6B16EF221F0D4149045D740A8A215D4FC186C658E01994B8CCD317465828704BB630DA2243B3B4ADD3EA554A97408454148C04A1A0CA
311
AC2E04033C04073851F54380E0BF2DFFA43FAD3D6B574F2E1E5EF6E5F4FEFBD1CA87C161FCBCF5C7AAE2F726F814027BAE10F79BC3D765D61D1803952210A9AA07F8C6BB2105B61145B324F96014EF223D4A9261080239F03FF6F4DD4975C183B887E081F7A467A25EAA0C94028FEB808637768B07400A8235D4EF33143253
311
198900E079E3FACB0C59B00F827A5785A6FFE2FCF0C0E6F1714F11CDE5140D931D707950631F3DE877F300002000494441540ADFB08704E252AADE1BD4E8DF55796A32B9B6F17737C67702E5C638682737286CB0E0A89B624D5BF28222432848C9AB8C07170C97B814FF492A61072407D638006F7C8400860444C01B1930A5
311
22788045633DFA9507267A3A42BA05925BAD705CDD3792FA23C1075C6EE768A673919EB6C3FCFE7629B7310AA794CC9C0D14A1FB88F95C845BF22543F57996E0B26C9E4C2ADF187F979F8A55F11B47BC26594C52588518D25E6C2B1CCED231EA1B748F093E5726A21A54C91EF95789041030C20FD5AD68613432E19A4D0DA2
311
505B6BD843516E10BB00AF9AC315EE9FDB39CC1F9EA59CD88F9CD071D470C86C4647FDEDDBB1CDAB81DA94034747A779F4CED497CFF817348F69F52E55490840E48840BA72DB71F3E84F6DA2F4717AA928F153DA6E4C7E8E00363CEC9A2E1C8E65F298FC4A52F087FCDEE5CBA38A80CBE11FF7BC2AFF249203FFAB77A128A0
311
01B1987BD334AD9B901890A8C2005B6B248196AD09C0025ED841325B31845032E327C531C839E66DBAB39566B631C2FF0A1DA5A3CC47E665AD8751B47CFE33899DF047C9F3C365E3B11278D49DF939298E09002F6430F9958803309827A7C791048CA070061B7E9A64C557D235F83EE24822E5EAB805F9862F20FC58F483DC
311
0EF02181F572930205107E00E523861895A2811309808F2B6C14B2AA579E893753C155D2F54302007E9FF36AC5FEDBCAD47E182D91A73920CFA5C18E01F8FFF4C3F1FF553BCAD0E58DEF85DD63B91BE38ECE1A9FFC4AD4A1FBA30D462C328C5A0340DFD393D3D3D3C0659195C96990F391EFF4175213BC74C020922D4830FE
311
215E76940962BC0713A3B82784C0CB6623DC40D6E1485BAD454F6892200B225096127FBD82D2B12006BAE2E329C771E25FEBC0DAB3B5395289D56D7A8A89081B34EE06F80F819EFE75C67DEEE95D227E283FE98A7B9F1C97D2D05B4D07A469153C3DA3048EA68FA667A6D90E291C7D7E2D063E4D044964D055F2DBF3E31BB8
311
51AE9F78A0A7314F0AD24901F581D74A6929142039C65AF5830D1C809536CDC05E4BA51038F79D713DA930CF18BA3010E385351CF47F74D439BCBC793556A1F99814926AF12835E251C59BEA3C083EC2B2760FEBDF4304C9EB87B35769E1EB24B648542CFA4EBA9EF93CD42F03C08F249A2C98897D8E2225E90077823F4A52
311
171A61219998CED6FA050992B6B0A74A2220ED12123004FB977084208F8E2AFC80F456CB110BCA647A3A0F854085D84FE0052BE31FFE7F925610BAFEC06FC33F9931BF063F39DB3D1BB20EE357F594045F4226131578582CB055A59A073AE0413989D215019B6EB8A21CF154D71164E0D8F4E730C2CD382D098DA5261456A4
311
25643686BC8301710F2C50665881399156AA2B4C3191BC555728384800CE10040F746A3D8A80A5F0E500A93456FEC52833BBB45203DACCA37FE1D3EE4B9BF0EC27ED47D89B8266F11EA2DB8B5A8BB93EAEDF0C06B7AD0402B9EAC6E787365535AF19F15158308A9D9785C1BC1C01377F8C6B4D07B50DAD25649764A91DC981
311
2C7B34CA98184084F7C01055466B48058CD44085AF26648520C85C41C67805462D8425680425559F4440F3ABBE1F3F81B1EC72708767DDC8FFB6465796C8FE310FEABE0C9B242A74137EC3E0427091967023299BE5D6D4D0C6D15747DC2AEA4ECC57C72856E827D33CBD319D70FF854369EB841282F84B7CA4881447ACFCB2
311
57E252E00FBB3272120A75B99119840858486615636E0E0334031AAA8C08A62E080053A0AAA4158431EC727A084021D41CF5D630C94184F6FE7432E8F5F9A4FCDF3EA7CF136FC2988093F98ED622E38E4976E1BF0CF49D2889E6DF3566719FE1F9B47A2D3BF89C69155DCF24F88C609EE551160F0415900B4C48FB013D8900
311
A9192A700748002924771A3686A0A580FE4009E00ACC090253E280B90AC15048E047020483A038A60ED232831F2CC90498648690D960C48E439F18F4DDBEB0B6F5AC7B7B89F6230243B4FA160A7B9327F3AD5D937C8BFFE5FF8B3A5E64283BEF8EAB9F71159514CFED62DBC880614AA1F7994CCFAE7D8C87057F451733699B
311
8DF87056E1F0654B5021E38097E4E23221B810DE20559AD183A61C2C88A648DB096081E9801CA00BC1DA0124E08DAAC15FD2936905CA8DA1C40E42B13F1764E0C4015EAD7F8BFEC99A310B1B7C0BCC7746D3C0702759C89EAD57122092122D1F857067684A578F1DAB7EAC400841F493A468113282FFE42316CC74C756B1C8
311
80FE78795C692813CF4644480EE9B02991BCA257A71861F00666D9410288487618D120D0E80D7773E2B7DD180E100EC98B221C94BFC4FF531A09B986230F1CD08378A8E4D0FDD7D9B1BC75F5C12EAD7FF83F3ED19EB018620303C217A6A35D826E72ABF2D8E2BB1B783F6E48D2E3F360806E1D192085D022103473A10375B6
311
3853EC54F500B5B064DBC20945B88160DCF7E4F83A0200BF6FAEAC88E9F54D22D898E43F378D20B51B5D6B1457000922202800DD401A9266483029C0D6D57ED80D42A0E6E08835F0F3AC73D7FAE6D56185F04FC44472B854EB7D9CBF7134DF3DDC35A9F6B38417DD6F508B37C1A718B0D054124176F7222F62DFB327F34D45
311
1799D56216880193254FF782D7DDE26C271BF38C6E422E271CE4AB8823C9510F021126A7A944E00DB4031D013C88EA0746C96D4574069BD5439C4110403B40020C30B07A604F1E41D19C21A93FD9002DFC35F23B1E7B98E95E38387E3603FE7393680410D702FF9ED5A3C5E5CE68B5827D721FA78F3A9A0C08A79722D9C9B4
311
18F46C0057BB1640C70AA4A03D29CECF33987596D53CFB27B32C3BE304C540E14BF8464E080918268D254838C91A01F0FFB99154FD8A9C0495EAA6534A6C464440B4A71E16100E7405088122A35F7A511DC003D002E6C8E7E15F6D1D2FD09014139EC11FDC89394621F77B9F88EB5A583C41E2FEDBC8F82334494C0BFA97FF
311
3C3A34ADE60385B60E5A30CF036E5E75370BE3B83AE73B3B7DC0BB337DA0045299ED0C66681E4AE223D01B1BC3BD4C921E2005FEB5114739040758189BA8A320067B62A3995E4720055065AC2B4A8006BF8CFCC907C0063EACE41813C5F017065AD46CFDC6FF1BFEE052932CA3478C8E5A6F25DC8503D40F61FC1B047E4DFF
311
E8E84407C81F1AC7B5C79DA358551CD0D13785A9AEB38D6EB68A0A8087FC6543E7471082873CDCE5CBEA1EFC5CC0579469E225428E9A43D6A6000B4219DE52E8DF00A55F4BF5035960661C2DB88AC1F67C2890A93FC420193C8326409E7B595FBBBA9AE1D1511B3F6D65B09AC10A71C2317201A603E88C56CC68C91279E83F
311
5C147787EFE6C675F00941D23EF092920330982DF38C65EDFCA89DA98E8ADDECCD77CB86D85118F3DD9884820B1128010D02F1060F582871CC8FF42024C02239273A1CC3BF71E770DFB7E96081682803188118B50310BD620234F230B12711B063E0F0490FCDA9248B580D3D3DE944A30CFCF2A1E0F6E59E8FBEA289CCCC94
311
3785BB8880ADA9C2FD70F6A13F5418444E3A669273C006C4B4EEEC067827539FFBEA9CFF04D84E7F170480037005AAC8829084329899F90B5E013927F8E646514B4824B01D11F72C012CEACD163B6358A4454A4221D06E68A71062520649BF9E9127D0772D6E5EADED52FF216BC2FC513C7D3C5CC4C8AF009811826AE20203
311
B076A2AA66D8D32E317DEE0EFC000FCE16D9E0BEB17C74AB009256C5D8AD1CBABBDA61402612C675FBD72D07E633B1A42F2421208CE01397560811204306617A5141706105C9F4984C459F2D0F6C392FA05BED808512B0B9A8A9FC6CED89640EA347D31F0DF76D3D9E61E800FE9F7601BE4C9614A1C58E6C839F13A12D0EB4
311
26DE6386B82369A9E6A7F1F9146EB578A2EF4289AA109B4F6CEFEC0463E0072A05CC9DEDEDFE08407B173B8AA65399C80B2911252E6290C82CC1B8909140C11B7AE161B42B93905045D017E00CED6D27AAA15F2C2179F1E83D411A7020B9408D202381E7E5DEE5A9E7E5CDE3B186433F488AC81554BEC09BC579018ADD1DCB
311
3D9D70F02B14BF9159A4DA376225FE43DA224FED327941705DA582B2FD1BB5DC0540667B650BECDD1D5DDFB0C7F36DEE2B94F6EE2EE4E426F20A1174C31DF153321A24114C4FFF25E505475F6906D4149B21F1BD9D9DF7B059F8E0FD83323CB97991FE80EE131A9003B81C491B218B1D42C0C0D593D9D548003839DC29A740
311
298B0C23F0CE14BB167BD61989AEF0B985C8FAC8F923A73F31953989F0F6C96CA6C4D0A9A88184BEDBBBDA3BBADE77CD8E2FFEDEEF46184A86671D7DDC51417477BE9F04804F305AC82C2D018A21EA903866A0F959FBD4139916D036635EE03DDB7408BCF0627A03027AD314C09B0A27F0A79490D53839D0DAF1416995CAB2
311
4101FA63F75029D57A4CBBA9FB4D120ADB17FB5A999FC9420DFE04FA670430B90FE7F589F7FE8D50A4B5F004CE5F07EB4EA007F8AEAE8E8EF7DB3BE2F81F42166C7246FA9E62D02C8209BA1024414C483498B50229FD923F2414040B2081390AAC353B5283EADA12A30B1080866D746B9ABF5BC107F33C2A015B2754807593
311
34B83AB02175EFD0DEC785DFC505E0064F4EBA5A97073A74C5C9FEC97BD25D819E28AEE661FD2732B8BBFB1BF13441B3C1F45E8AC1752BBF80C113DE960E0AC7D9D02C58C80505A19BA0E84B14402601A590A4AE00A825E98C3212342302EE10FC5100681F86834A2804BC409D70270A2091DCE874B16BE0706C974EB3D26E
311
FEDFFCA6C4579AA4DB781708469F055532A7046C6BEB0CF39F3ED2EC4FBCA3D00EA91CA68FD2B87B5C191E0EB2C300F00A1C9881F263571C6CFD83D079D09F176FAD839340CF030F70458F81F09AEE1329505150CA0A00576B56C06D58070B23086F685E44232D9D53DE3FC3731044F286D19F459351863F749F1104198D6E
311
14BBC68E17CAE70D7AFD958E350BEBBC70C9C4DFBA075240DA27D40AD7DB063A097DD3F041EDB3E4B682A7A12A548F3393DB01945547175879989302521EEB1431B08759B632B174E0F700E774FCA1BB83F95029ED1A084288C8893520E49415E00DA080AE8027C34206D35491D050A4C6B080F6A20889A2FF82379AB6234F
311
6710C05F9080ADF002B9C9F9C583AB220F45D618D7E7F7547FB27CED8A8B7A7D24EDA4988B0C1C2A1AFB53FDC61BF3DE50D63C560F0120B0372F0839DDDAF13E583B868717C1CB8CC71D1D7F440CC82184803144196EFD58BBE00B7EE77DE8C015942357FB06FC906A5E2B8882CCF9FFE184B0035A5CF186A962A63F84B3AA
311
EE3D5A2C830008807568B6A9F424086D2095A3E262DBF124350082C4B5DF4704A9D2C93553DE47BD6766B69349610716999FA25854F759CA9792599D3837ACF6247CE8597B0F960FA3EC45B61715050260C5844FCCFEC9666BC71F875B17E3BCB4CB151405D7D08F846B4CB952248B4603CC402B609E90F0044A007FA800EC
311
46D07A51232B00E5683C55D5096E1374DA4FCBBDE2C25A5B8D26008227CA7758033D7D70DF12CAF7F247939F93F1CC63047D63ADA0B7CC8771B234D8095FCDB577B586D1834062035670E204B245EC093FCBE15626C10D210CB38A13F50E10A0D5C0814B0C4B30AA9858516001669002229618F100767AA3D6D2528595FE7A
311
398C2D2300ED0013A0AE60B91644A057327BD3C36BEBF48C91279B45F8BD145494674AFB211A91977CB838DF35DCB3D6D6AA2FB2784B591ED785DFD7DB77747DAC9D2F7674810EFC2895F9ED8007EC7885101679C06F21E4B1C8A6120956F80518D1DAF1717BEBFB5803E20C6F2A11B2E48AFF4AD2810A70054623E341B3D1
311
ACD92DA91150DE631EEB2C28882D092049C0DD38E262A7BD6F98549930C9D44B7C37028AEA9F8C5628A2BEF5704C0DCB2B428181B1BE766F43014498D2E57791E4C8DA6BD2ABF5003F0C40202E2E32EDFB02852D16C30B7F646B98FDF86C7891690043128B0A0DE6B4EA27F08C30CA34C9D0AA0852A5997F8D11A6EE84E040
311
B20472020256F4AFEBBB74E6705A12083B249089218E6452C8E5A69717E904A3F5EF3D5D08EC1F4D4E85086B238CFFC11AB9AE972CB775616C6D1DE04DDF073B4DE3747C41FBAE6072901CAD0237100670C5A00C2C3CE063610ED824826C1F6650700E88C00B62468903A0D71D3A390255AD7040048348C56C4647413C2C25
311
61216E0C469203EF06A5B101AD40D0E207F78B124747DB5B4BBB4E88B1C373C114E0470B345156EDDBCE1B4DBDF81DBC400746B0B54E05F693707B89A5E430982C2AC7D10DFF11D5B102B9505034B35D07E8E5F585757F088B390F2D4C85CF7218E8418BB4F25B885053D07D5A908326809F31D6CC6B77CC948413B2866448
311
4439D118DBAC27DB5AC40C1AD166F25E6A2F0AE82100C0BF220405323E1FF80DFC518CACA8DE1003F3C9FAE9C7B2D60703A0004F8EAEAD2DE0F5485452D15B77B4B67F4C2403B8D8F9C533558ADE058A9E177A1698F75DC0EB4C800F74C0270178C8579C1FACD025F0560844502D2BBC01E620030CB93636C1041636A69394
311
9CD80139FD15BE107F905590A292840F8860706D07E2970A2F15E5B13B87C3143CB2930374CC46A6F9B9D7A5CCCC14E11B9E879A49FBE27ADBD6DA82410FBB94FAA8487D61B51F4BE0A03FD08743C31020D6628ED20305A22C2C2FAFA7ED1E7881C438AA5B9035F20759E243C51F34D0D5F02F11403B9E204CC1686C0B6C90
311
00470561519CBE1B0E4FBEAB37A39EE4B84C05F023858779341991F36D9D9F351E7BB3B5ADF00148D9D05784F9AD8B037D48C01BFA83D4247F03BB768BEEF973A14E610090D4B96B1EEC5C5E66928F28EBEB6CF578B067DD83086081579848E60DFC7684044D8174993C39F886043481F6A2B743B18749E52447CD4D230513
311
032D20D20206E536E15BCF7B7D211634F98FF9986287F33F9A94615A5A0A7CACF8DF5DCC1AC6EF9AF1945EB78E0A2FED1DA2ACC00EF983F9A012260BD722EF61C9DBCDD8719703ECF839029010CA0B9F100B1D2842153E01A1A3837AB579516A31982FD2908A09100DAE591016CBCD4B011A2F4DE299E1338CE065DC4841BF
311
9895D8C81714800CD08F5AD39601BC929B55D291F6CDCEF2AB40DD5D98F4E6F107C47AEE4A09A079C05316F479DAF4C2BAB83221BCC0CE23FE3D3D4C7BC9AB673D89A3677D6020F6E182332028012FA0FBE0B2668FB85485902A8E7FA0BA2105C213E20BC2169211A4BABA7D693C3F1DA961F203694853137073AD5CD25F1C
311
017DE0477626D7BA55B88F83B5EE513C41D814639FD1BF759171F4577D3CAB0C3DFF68B2D3B1F8478C18F67BEBB2598FA76A4545E9E961BACF657E0791D2373030E0EC9FAEDD17BEA7703A738185D08236C407448A4CB504CBF01FF43859D3115488EA01B55078000DF085911805790DE1B41B6F8CB2889C3834FE02AFE07D
311
85143C6C008438A944EA63E047023A7EF37E13B0903AFEA7BBAB9579330FAFDAACD540022980B65A75FBA17D388F1E6576405CCE7032D95BDA420E7DC0EFA320879E5F8B3B04C1D2D9C1114210C19FCC49DC6A855E12010184DB8968109ED016E4683CD552A36B3AFA13BFC2114068935A7E774CD2C7225642B73325938052
311
D8634ABC18DC9442BF9E0402E85B42F9F3273672DA8E8F1070405D1DC3248487574CD98092B8B956E6AFE1566530B78FAE05B4A0DE51FBAF85DD075C7E11939F80E015A58D1F87E400CFFD2306C4D1D3C634380A201545A92BE01F445800BE12302AB477BD6F62600D211232EB061448A0D2B877BB940D63D059C37E0569A8
311
3DE93E214F4BD86209FF6F479C640AFF8AF6D1BFD987D029A94DB7C329B4184D4BB013BF912FB88FEEF913071A8D82B651BC10DB067A7EC52FE1B421883144C00F64FA23A11CF708BF16CA59F18D4C04B8085964B2D8DA4A855187000BE440BC816FFB13374640B0EB1D0998AF38A1AEF503F14302E2811081FC12EA6CD38A
311
63B33035125F40F170C0B0AA45E9FCA38FC6D688D48563B5C4B4B7C359D3C7AE0EFB16ACD5E2FAA47EF8307044B4EBE1C71E84E742D81431FB06B90B600B9C239E277A57C94C427EE10E7826980C0136600D916A06058CBE8604DB4D314FBC014EDAACD0820F14BF75449B70339490FE5A0491221BF95F949DF1235380E969
311
AABDBE2D32EB4403D3FDF17F42F9A0A7C28ED75BE86BDB7C7EC80C76F86B8800F77B305EB88F00A4352E0F8089EF811EA02A3DF08F7DA008F803BE4B4EF5F41E56087099E920708C3D720916444440FDFA013D4E1201414123A09290F5BD7AB729298209C4306D007BB0829FD4EC3A6D7E4F00B67DF38CA0764F832F0448E5
311
8439B952CB4F70DF964AFA74CCFDBABBDF273E2FF4F56D3DBFF2A78D42FFF2755DF307066497F44062AADFC0CC546F6DCCFECECFA232E14F408F05477D311B683A35BC245FCF8A5CD2AF20022C21022266905A5BCC8B20235D6FF04019CC04058AC80023662E25F342063165956320BE50370F2A657BACC817DDA3DDD3EFE0
311
4028645780A768FE38DBA88BF2EF3ADADFC7FEACA952E5A77568ECF0C971DF32BF1D24F8486B22A649EC81B1B60315CBEFC026091CA45F858D7D04C1B437079431E63E38F880758842E780A9E03791C0FAAFE10012588C3C592FE35461A6047802BA18686887023A422A49599399893103942CF6DA53A8E387825FA0678B26
311
1F139F801E2B17C901D0F5217E07AC2401A87D0480F753FBED44FE949C93A1D042B879FCE499B3D861AEB23F9C1F372F0C24D0B7D6E70FE1AAF60F84BAE642D82F0A9F53E22783915518494FDBC0AFAE7DA282E5050B703570E06319A015E00D693A6BEFFAE493941C3B08C13B96BD20D0115A9565701DC58568A3009DA13E
311
965765C03091F0FF339F7309D44F6E61F837F1B1FF920450EB8FC48F9B40158BE89C81A597CFB0DAF5F5755D3886DC13D4479599B583758CBF35663AA234F133F91D3BCCFCE0A794367F385C59B19431780F1C099131384056616E15A1563B50021D369C593FB292685A68A8B2A50A0A2085CF05434617E05FC24A6B077B99
311
0014421A68401AC4D65788EE25F737EB780D08A6E38F060F2ABD889E1B889C44852C2FF368C1E3E710D73B6589EA83F7417B341ADA1F639A23D15298F087AD0326410E116C3A1B325218433C71AE62C07C1480F1C045629724A076A4BB8D622D24690486727F56108D07046DAB065000678E04C4F8C342DE27F4AC102D854F
311
2D08D59B4ED0E4F697B0FF62F113646BC5B7F3131D4EA8BF8B265EA3F2026E7061B96F6DF3D993276B2180B8E57067587428579460551049049B074CF8B1066C7E14C705F0B39298C0997C17F701097023BAC31081390196801FB0C2A12380042927503D5A01CA127F9841B460310639C674BC8CDF1A320501448E0068905B
311
07F6E5602F8C1F07786253438CEC51AE61FDB25FF71B09893AC026A9EAE3F30F369F5D5EAEA5801FBAD3C98B38C13EE017B054F81A56F05259DBDA64FE270B1FC4C77200FE276FE814B916E222575ED717A62A92956504605268408CFE13FD61F84252228376060206802B9550F00B9D47E6AF1022538A752CF4FFF1F59313
311
84A9FF8700EDD4FFA2B93FCBFABB3EA6C607FF714B0B8B04EBBE83B52B246092AB018C0D0002FC490849F1E214AE6FC42009D6D86616C835B65DB9862EFC4480C14137603C3089D0A5588FA27E693DD184131BA4E88C35045ACEF1CDE1A82323C20B842F2419604821196EE8185BC834AD44F8E9B7549A32900196E9ECBBE2
311
0FFB4706861AACADBBFD9B56A23FFD3AB8BFACC18B1B5AC0ECD7B6AE2E2E9CCD2BE8AF1B1BC3A813B94107E82DE67A42E7CC7D4A6116700B5B2EE3C338A09B840F07C40A64800D7C605AC42B72227C4C7020AB1F20056E26F542717F56534261DE3766AC10A6ED2D006DD03BA9DBA507AE0510A8B385C92363B9154167F123
311
0C40D76AF6F3BE0CA08F8BA2FFBBCEFB09D0986550E0F0EAE2F2780CDF850CB0F88CFC2815FE87BD83909F474F45DD47F1C821DB2107A8817FD45384F57891B65F2543D0C1E20A89B4A8DF806862AC27C60F6A054627FD344250718AC0FA21CDC4E28DBF2650D1B39D8B8A420C348A4F846E2BE824BF8C45E1DB8EEB52F576
311
F47A75FF95F90FCE0FD3A7A08D48D5B9AFBE3EA658E1676FE3372FB57F0AD8D70ED4AEBA3D4C2BE0AAF1C3AD63A6004D12900CFC481A47430C9EACB390038642C8C41B13303166614210592736B8603AD4FAB17189DBB32F3915F0C380795A089A15228460BDE8E52203527D41B5470901B088D84FF8B3FE2BA7F4FD30ACAB
311
3DE0B7E2FF95807AB0010FFDE3A048F7360F9F3FB9380EE537F16F8673131325D3351A3F664022020811A0FE8C019CA17370725CBFF64132025DA1BE2555102212E80A907FB43ED80A991A8AAC183932C19AE17524B06590B6AD286EB99BAD18FF4BD64BAB519202F992A963648ED30E7521F909F090C0213E367A77D8836B
311
EB6F34D92EDA624183070248351F1A079E5D3E7A9EE81F2CE6678F92E299EE312B6C0572C0A7B5EEE07853612403813152C7125E2022A20C18F855DBAFA399817FC97FB6E1CDCA31D348434ACD0012F0D32A5456B4007E6E92D72B1A4E9971223A42C1042819E4049C0C5801300C0013FA48F8944FBAE71DAFC27F1826FA23
311
04ECDF3F6C10FF47D5C7E49748DDD687DE8E91C09394EE0682A4F84CFD6067EEDF43E67EA46CB2F4070160439245F00343D03BF25D7E2F26FC400A896DBF19FB8D4D0A66DA669C3D608F9CD048A0533621B25690EE19D5D15248E390F042B12C682511B02BFE3E5700E4C9A9B2107A8F45248FA48234FD23005ED1F4EFE80D
311
1320836F04003BF42856D478D1DCA3ABEEE3C68F9F30C3A16E5C238EA5DE3FF37DACC2F8B7980033F47FAC34421EF0418A045394802CE032D61C70023D788136788613887C0011A4EA316E005718AE191F8D0D841B9C679CD2FC478442D005429166F5A24403B1E6ACF3298F388B6D0BA933D92339D48969A5C11F09B4FF01
311
7A9900A4F887010C474717E10F36468032FF33F4AD610517777104CD920C3CD15FC5F3B3A0C75BBCA3B00F2724863C10BCD4A0E00736C7981F2F72E4B001438B99714FCFAF713A2603BC710376A1715FC602022202E06FDEBBC680A3DF1C4C095A12C50B554FE7623B50374FB2129DDEA4C392C9188077658C87F55FF92FFA
311
507FF03FC8DFD3F31BDAB46DD51AEB03F7E1B38B8B87CFF47EA1479C3EBAD5C6B382C221C0F1B358B39D76D9D3142C4A20935F541E492E0EF081BA41B3620A8E172B584EA1485632E22A8221CEDAC6110AFA4B6D43E2B76A18AB240BB24337721C9321D2C033B2D3E2641A55A400A28403C12D1DADE39AD23FC5FC08C47A64
311
DC3FF6DFF76B5235124022D7E6D6D5F3CB870F9F31C96FE477FAFE54100068A3A87FA5908A2C08011CF31309C10025B089FEF9C510522B8DC07C30AA469841723A10C08E27F00F7FBC181C083F2809EC3B2B328E294AEAD5A071B3A95C81D2DE3F930372D022C9C793535B92FDAD5426E90490C3C81D000017C64944415446
311
98C416520C1C40C71FC204B22448FD9303782FBA67089A1A7D4CE38E89050FEF5F1E078A4DCCFADA058032C34C1CBC2E1202B1F8962B1A8024F0EB7A11F209E96FB369D4B64202FE7BA230AD24C46413536EAE955B341B726C593B5D4630C0BE822480908522B0D85430230352618DCD4F7BA6D568BF4343801480006658EA
311
3EDCBFFA9702B4FDE9022163C43F9B72B58001A23FCE6F0B3FF0E4E1DDFB9801A6FC42FD0132CC1F2224F89933107AD30B6C9131A53818AE944BE25A70810821C38F098411980E46D108F483DC63F49B91B852351604091D60546702F58A3872A1716411B642C7629C267E64E77719F46B0548FD6BFFFC86A38DBFADFCDF70
311
0228C124C8664FAA02BFB1F92B09800876FCE4F2D1C3FB4FD0A44E0106A8DB8079751CBF0BD9340066C3D52BC64706467C05B5A54401BE4A1B0132A55EAC1CCCB10D378A3DFEB9812022327745EF2102886A9142C812A1A2C9708027BB55B7006357459F9C2080E0BC34489FC629510F3017B62D5073E2A2C64048A0A42580
311
E413BA9E08274091A398EA80B5BF31C87BF5ECF8F1C5DDFB4F22AAC181F070AAFDDAE5650C4000516440D8806786D874215149E69ABEC43FF0EFC820FEA112B0522003C84BE03FB76623513B6D840820358B084119B0CEC8C00AE888826339A54091F5FCA513AFE147975BB1A86FC50618D9D74502F0C7C8815AA306602FEE
311
3A5E79E0D7DED1B221001118B73182CD439A092FF801105D1AA14E1918EC282F6260869D55108065988BD67F68E5581720A708051F7C8070F582389C682BE53F2AFD85853F2A013D21564028E06E79B7A71E43212180A81541EBC88F451E02385100491AB0C4A3BC5309A95911E66D04C0B448366988ECD204C2FC930F8CEE
311
8FA410EE4C25B58DD1B6EBAD83F6196670F7DE635282C0A56A851AB035831725F0471A10FE52097089C80495804100318405F0DFC2136004B4C40705EC9154315129205EC357930035688F61AC02188250CFA9A980233925F16A117A48CA54DAB6400221976B75D863330942E20EE3B00B08FBB71AA813B0E502FD2B023DF7
311
0114E0D7DF2E2EEEDE7B789504200112075478F2FBD6897835C91F0C20782401E801A2F9142700B74805703426023A81CC0BE88B537D0003E0C5181D29EB8D83050964DD2580910A1E7A8138F76253DC01DC2F3824391AD748276C0B0CDF12366625D038603D0003E0266CB42704C8CE7FA7F11B4D59C0BF454A78F8FCF1E5
311
0513715D469607031272358F04E0003C90107223A581218F10008B10247CD20D860FF0BF48801040B361808148714764028EAC137E871501EFDD97C89B52107FF1235B0928C562530082573CE137840EFEF82A0BDC602736C595912FBEC69E6A3A26903B3A300C5A098A9E3F1810CDFFBA019D97B4E7A7A075850F2E92569B
311
D960CA7B8304995FD006FC4213BB1448A6F4BFBB3A9F9FC4962D0A1369129B10073771FEDA38B1737B663A71C088D8848027FC3008DAC4E4397A6F76271DFFFCF77D6BD7F1F67DA51E0E08875A6BAFBD6BD7AE52CC04A0B4A2206F650EC412841A48258258E8662C3838FBE21E25172C2A15A4F78D82DCF68A005DCF07047C
311
183E1CE47731BBCCB5469D9169E0D588945BEB637E87802A03D88FB82486210D28FB3B858D13DC7CE75F5E6F3B03C1744D30CC58C7C7A256146853A05243060B850072A7010CA47CFBF9A1E24F414037B8781E8E9F219A774B36481CB43E48A79819D638C8760D672FAC19FB9D3FC5EA9158DBD0159C27860409682E8FF259
311
5652FE189D2CC2D7C023E944158355806FC320087CC74116030CC376C559C098B93A041C5DDA48AF33827D2327DC761D19C17CC62780D82A170E6CE7415A5E7FE825E053048F88D2AC2A561CA4D4C60098DA28EF1A01382772484698F60C8DD24BF396EA76260542810A625978C03580A9CAB91D10249BE579B0377A3DD157
311
49A45F24C4D81FF3D7D7996F6A1690288008C0FF6CC186DA9D5FC95BB09B1301004B016E707FDFED306A1BE8FA208828F00BF342186839839F1F6FA338DC5A0200FF383DE92614C03A4508DA18F4D85F9354F7E867AA77A42FF49BBE6757A1A7454448D0BFC3C220714FE43A3D8F1547BE10F0BC5A05985AC3C28829A06FE2
311
4CD062700601F4AF12AF99099B08E7071DC4626A97C920C3FF96E190C9D1FD7CB6163E800D79E5F3F10A9306C02B799E80F1AB380E0571A584C0370A220C3125000B500900D96FEA40409F980E2083E4EDF4D8D2480AE5667222E020BCDAD4EF19682120818FE18EC7FD6AAD67C03F7DF1955E697456F517AC4F24700C3017
311
1C67E9168B109A4F60AFA60F98BE30941BF776DBC7C70792A2FBE98AAA97224F8BEA39B47BFD14A8CD03320DA2B676E3AA397E652E30A42CE2987B7DA1EF7F75242413800A04C0270C62A13372400B435ACD84B8B5009208F5AC73EB149FFF3508E21C2201E0338BE07E50EB47E7FF6D97724A601028C5519073E7978EC888
311
34410450E074DD58AD13A4900103A6444A9CB99103229F0EF8C0C78161EBC68137240734CDCFC349807851E0EB46CE864D2E405ED341B71A390CF2DE20CF5193189E1901E866D0230409684B193D17E2928534D04240937D3C84477494FC5E0FE0B448E35AFC19007926C1C6A6E622FDB8A12E30993C6710E070397C4B2630
311
4C0AE38218D19F01FFB15BAE1C0E7E74DF75F2406E373C414E848FF8E500EFAF3C1029C9C0ADAB2313A7426CA9B2C1B9E30032C84EF31A09A88A386F136E8C2F1D582EA0459207015F10F1F001F0B1B7DF7222011EA2001F00BFD36BAEE0850928B08C077030FE3806C880EAA74BCE0863A952812E6008B3A89199C1EE918A
311
F96AF583F1A073B0A355B9D861AF1460DCFB3BFC6B7EFDC834B09700CBED3510E48DC7129041C991F06BA5006CA6B5B34EE21501374E8DFC910042036111EC9C7CFA1C05D48A7270F7F835BF04A4194DA4CF76CEC66718C84CD020D04C412AC848F03E3C61A1C8D50D0EA6838A00376054D3DF61A0E393E1F8B058A6C99409
311
3476D601A4A06F0CFD3C0A6BFA910E75CC10400A80FDA93AC9B5EA4303F6C0D188B559086091CC5910137772E14F2376D03181B5CFE74C0EA38440D0AC256D6C4D104CE05302FCC00B60B9CD4D71E08BD40C144A025E60D4C1F45FE846A2105D717EEA84808A5DD90A168E133640311CF05DD870768683F5D2F1800F485AEB
311
E5CABD8FFA3C0BEB33702493AEB551B1EB035EF5C8E5757FA7832141F88E8578A363802B560007AF93D7D470B478C4D00B412D634C9140C4F9275C00DCE8DFE3C7F8C0AFBC5B2CE82E3C3BDF393D4375D50C43CD1C17E3777CD2C170725B7B42B41DF15BFC344DAD089C1E9118522B4A2C60B794E4E8F33081BB7C8CFCEEA0
311
B2015E49D586429C6C78646180B7710E06018A3082243C275F077FBE412C17DE80D3E6B9462C5204C5D980D1DF84A864401C483CD01B143F4A4868087A0F780F37230200A4FBF6AED325114C367C22512750A5C7C3E32D545CE20A0904183BA10015DCAD89864B3E1EE97EBAE8B204266A48E010511838E2FE413FB116E608
311
80C2D8440AC3880DDA6DF6618C138CF1CB2A09637E18D00F80CB0DC05322E31EADB8081C29410903F06BFCDF5AB46024E4A75828056440503C707856EF0C037623DD4922A400E8A6BD75E4D2800905F18450A00CEE88860C8964C7B3F90F56528BA18F71CFBBBCD2D05797E168FC37DB26DBE0DD2EAEF39686C18440820013
311
C1444055402A541400DD362A0A402F1FE51246404E098249FEE30708C10CA0B54601053159480C00BAA9B1223A773234FE72FD5C3BD81804D8D196FE3D5315A0C981D88D04FA01DFC185CA93F9120E1F480B08063364A0A318F08DF95056E4C91F1150D31B011200383502E079EE43CC18603AE2F88FD139C802A739F208E8
311
8D06DC78267C448C27C4113C19B0F51B0E9C1C021CF8F9167C6B1F2E10E461002910105D1042792D1CA303F469714C018C23D72179E165049C40E801CB96CF334562E5807291D1E0C70FE6CAD91656715F0E5C5E70F8D7F83290549B1BAA6F781D25180EBCA93EC84E72A74081CE3020789B3790E1A9E478E658C099BECFF0
311
1E530E80EC5FE31204ACFF70AF8177A03059240CD074978A002A878BF883FEEC81DD684E406CA630ACFDE87292822A11953710F000885D6F68A67ED40CD772B0828359B753F7CE23D9479AB9845771B389D6A77130F8C134EFC83947392029B10E4425440A84AF0E54825228FC1634D369874739C837A9DDC83C20D320C360
311
42610ECDFA750303710224D01202488012CA847424F8D53F78AB6BECE9B3B35A7F32396AC6B7444566327DBB4DF06FD9616744F4D3A397EB3B0A3FBA8D763702883ED742FE5CD24146D8E353ACCF811C806AE09914D8446E93840FF4D6C963FF32BFB6AB015D1D3B0C9A0968776F021F21404B6260CF84A14F35180CE20B5E
311
85BDA2EC91FD5A7DBA7E5705F4F0F97AF26CE18E3BA078138202400A62930FA6CC7882F911A92F33E547E64990B0F27323D73B6222863F86425153FA8009361C675554C25382CE148420C8DCC47A20122806CA178A0918C14CBD33440289078A00EC6070184CA9907FD0A1270478E0B325B67C2193694EDB7DD0F3C238447C
311
8A11485562FB4902134E6AC952FD5320A4F7C780882DA9684285CD81D278C0E8FF8DEC9F45D22DC3C2CA99C2728110888799575B6834BF22B0F01EDE72D7F21B672C40F0A972999E2200B7C91403F9BB3D09C01990819238CBAE5E7510D7D57450507E3DB04AAA0A3C280064E0775380C8C16EEA4834346A04BF0CE847B4B3
311
AF760D06D24BBB267C32E2C9257DE5EB748AD101AF1FD33265E2B674EED8C01A0AC901392211011AC810560F77778E85B13BAFE3E25C95B70919A4862C15928BD8989664AD8638101D009A80F00BDC41AF27602A4BDA0C077E550048E7F1011410F01405045E1C140B4D0E70E0F6E034171C3D6FD12004FCC1FA3043125189
311
10356628A4A326EC9ADF5DFFD1B2C0399503F14B4F8E3E0E4E39A06ABCB56A8014687E86E462BDDE5124615ECDB412B7314F62E6E0C76ADEC0F717B360E741960104CF1706CFA18E0605004B01AE007869B095ED92144A807841EFF2811C047889A04901C809062057192688C92346F97F279449F89B113500BAD282D1DA80
311
A55C27EFFE02C8D4F395003F285B617BBF0831F49B055342DDDD414378E8888E92C16789F269A27C9A221FAA4A0DFDDB9F935B2ECC04DC51481558A69301E0460B02665AC4DD30C03D480866C3409400051811876014C0F294C542821AB045011A3E3F09001FF304E3A0BED05CC11A811B865001769507FC01ADC611F400CF
311
68C7B093606E30F3C7E0F00C1D10C31951C1E2D7252181DA00345842A19130715C736EC9ECE686A712FDB31E4D3E50AB336E5666D7B212C0113C4A4406029709B43D0228F3FBAF49921B19CA0C82A2D5BC4A2079809240F37D3E10F9637607C3983F0458508A98B8B4EFC92AC13530180CF55359500080061DF59B98BB3FEA
311
CEE881DC8127F182A885A86FB12B43C590A4380504E32305E3148BBEEB2D2782029765428092545BA5C2C681FC5F8E869C0EE1034A822FF09A12C94084505AA868080303473F8161F7AA0A6610745E280BE4427FB770106F8800EADABA19F453210435BDB2348471B13B65F2FCB554827632C4C44467333E4127095D22092E
311
D492009930413251B5408345065065E415266E20279A40B3F520370BE2050C8360E6BB4601C1673B9BFE007EF5200B6483CD195400A783E6DEA0653515B0FCE8E86D1618FC1EFC15C2E727F24F2A2DAB57326D8D0877D4E298894E7A0C3C7D9CE8A0E2D17AA2020FA1097D6372F2A9F955060FDD467AD0426368C24A8340FD
311
0D6687A76316DEF5179ED9042005A2BF02A5DD810A4DEFA4A8F700EFC50FF4FB8C06410F0303C106ADF8852ACC6A2CA9046E9ED070739339857222CC009E206479886EA26227BF7A341A15C351A8404A6C10080A2140FA4B4E8D9B9A11645899332363FD69887F436A660566964250FD752E787B64BCF8E6C8190DF8EA0C85
311
4C062D8A5A1346F810414313E606ECA0AC3A01D6928544029D5F42E202C0CB386F880F7842A31287061F32F3CBE09F2950783394F2F2B23D85386C6F51943E99DD10C8A0000BA9569A14805693274BD0E4F4DC3F28E331EEA91C4F33ABE057889BFB92819187840A08E57A276A8BFCB75B0342668C70C565C8059996D209C2
311
800941A21FB82B2F520BC2E6FE6F1A8827043DE17000DACC8193E78BBB8DF1467978C06F6AFE986123E3A95272CAC122046F4C65C4B88FED2F1CD1D918F7CDBF8903BF1A90057D42F4DC133AF804ACBB58446A0DB78806FC053FA1E45D0AF1112613CC0DD976C5E70AD3282F42725C0D02AC8588DE451B1C01ABF063E7748A
311
3882F0DD484BB78D037F9812240EB88B6034C0AD53E5116D4C6D920C6A89F084E6D0598AD7EB6930CC7B293E27A666E5CDFE9A3FA52FEB3C97976FDAAE9A60008FCA6B33099CF9880D35D419FC687D424378E3099441E110C5B3C6DC311E6653514A67A530D863326C4D8430E0C28024803B5B069B0E60C10EDB6DF0870341
311
71DF01F1F3404B27B1056D8C0E56E7CA6056E7798147BE4C2F01CED5987E413AC6A724876DE3F599E0601CE7B9CEF3BEB3671E12DCE8AF9631B8031D3F360B6955DC2342B2A0E4632A00264C0DA002220CFEC3E10D9BADC8904D88DC51928593AA16C91DF6FFF82B3234404C7214D0F8608E0052283EFB2B0563F1D072936C
311
4017706010BCF1B16CDE0C1FA9C777E44E1F5259B0C9BBC8794A82A6C182A3AF56B16921405351FDDC91B5BAAA617860E8D76C97C377FE701A4EB4378FA97C2C8E3CC8950886C6FD93AF70A1F5F676B7ED16CBC56AF5D09110EEB8607CC08A795882358280DDB98AFFE7087C6EB593D62F041CDB4018935238E73F1098100D
311
0C8769818F777057F64C703C6530E142FDF5C837AE1CF66C94C4887D3A3726AB990DEA248F73B5D32C8E04F6714B1E67C53FC52040252E605B322407CBF8C7F05453462A295ABF4D95592DDD76AC23512E9A2DF964715C80DD752CA8E263AC36F02C3C28A133EB22AC8D099BDEFDE28C3E8FFEE3815D5D00C17C0051105835
311
4D62443C1A546280E43572A9C661A34FA5891F8E7570608C8DF21DF51DF9D2A84D4501F41B8CD4F4C9DEB2F901E810C0E4CEB6EC08DFB06341C864CF8D0EEE779A606545E1E64AAF30A4324C20FDD3BD558BD966BA994FA915CD162B1978642AD01694E533EC190368A68234657085B5F88E27A0805E04B8BB6A00A51646EE
311
3C10A50FF007FF410F1963CA69BE2002F0F902E701AEC995FD41F83A3F0C3809A3288A083003A6CC2A20E6D703EE48E3777AC07ADD51EB6101603A9FCF17B3D5928F6D742EE7E4CF38AE2B03C5FB39C81D7B2978FAFE85AF3D2710B0582C970F0FEB0E4D1103B8BE2B4D560CA10002FC8F334C891C07B44FE06B2E3ACE5E1E
311
2D1FC32203110ABF9CA0E8381F68EC3C06701328E5A38278A5FCD944CEA5283DA933DF2A2448BD23F1C5D8BE04CC2DC3B43B3EEC29F8B5FF926D11D3E97EBF7FA1BD1E5E5F5FE6D3D972F548547783146ECD84873F377C5820F7F9FCE5E07378D6CBCB7E036DF7F7104079A05B77C6942D1BA95D47424BFC3DB6411009A42E
311
207871B7EE9B06614BBD20F22F7523FB985F3F7068E37600273A3ED0C1CCC380F6EC4AF01CC1CF95E4848B7BF950AD14C44F10460221E02D21D01DAE800F323704C00035DFE97CB37F797D3D1C0E4FBF35EE1E5E9E0E879FBF3DF6F474780A01FB3DAF01FE0C0798218007C2090A3008BA7682A338F4A8804A06CBFE6A80CE
311
C766F49853F15B2F45FCEA3F8250012841315016E75E797EFEEC4ACA6C79F515CF1738F7C36E2406071051043817C9E8C5888D49D0332E800062FF54FA562BF7446CC0BFDFBF8603D1FEFCC9F7FFB5A7F000430755C2D3F72F2D02A022820897ABDD44594475BDCCA4A10AF34C06B08B4AB58BBFAE30999DC66C7CE903A83C
311
F8EB006EEEAA063430F84B05F0ECF644825F5E95073870E72A0771AB89B080022A0C5A9FAF34C89286257FB7BEA000EC65B59750C68E0815B0D9834B15606328F80709DE09018AC2A7817F83F96DB3D562C10A0A31300230CD4200B87F85808BAF64D04600254047F9C14DE93464009E7F5AABB4FDD6D55142A2C0BF1541FC
311
E19C20C899BF4F76AB54B84CB97F88F48ECC029FD253F0C70DF4816B9AC94BCBD653B1A283C4001A0337955E4AFED3FB790B6B1F5EA0B5514074103A38D84280EE0F5F9BE974EAB2D16AB1EA969684B6E4166CA28264B300474C7308D20013B204A65F82970718D05678B3315D442E1C0A327E2F56556040C005D2FAB1326A
311
68A07507C9E46A3648555A7080F5F50219A00E6222E3E0862CE95B5680930530742F1D041805E69B788161F015944D041182B861A2C17F3AF01CF5BFDF6C343F9171F5B004BF59C016719164B888EA206A02AD05E8464D06B48E4381A0E9345FD171625AC22198F57C003BEA5510F81FF78D31C9B033D0030000000049454E
311
44AE426082504B0304140006080800E553615328BB58AF800100009E0500003D00000044384337344134422D393743352D343944342D413435382D3235343539333945414638382F536368656D61732F436F6D6D6F6E536368656D612E786D6CBD544D4FC23018BEFB2B96DE15493C78601010A34B880709DEDFB52FD0D8B5
311
4BD70DF6EFED3AC0B12E6442E2716BFB3CEFF3D18E26FB440405EA8C2B1992E1C323095052C5B8DC842437EBFB673219DF8DA659866649B798C078B48AE6410122242F2A4994AC7F93815DF85C049C8564CA0A901499DD886B2EB9B1E02448F358701A9235880C49A0119892A20C89D1B9FD768815CAD268CB5E0355B40B1E
311
47F3E37A2020464BED06AA57CE8FCC20C3C3446D46761A2632A8C1283D07031EFF2AE7CCB1BFEEE916E406DFAC8E36FFD99A9D60A6944090EEDC3B670C7DC13DE86B6B2C5C240D6E503BB85ACD579D513F1B9F9A69DC9CC22AFA80C426D40AF0B21EA168559156B6276F0F726A6BFF04DCD513A87A62CAD41FB24FCB2858B3
311
952E3D852084DA25B9303C15687973CC8E8AAE11DF2836C38C6A9E765E8C1BA1BFB1DC29CDFE518C8B5A7655A4ED7E77291ABEB80DBD82EC866ADE1B8D05AF9E35CF09D7A061F38A986D9EC412B8F0F65E5D81534D9B231D1E5A8FE577A241F3A5FD01504B0304140006080800E5536153670136ADA9040000B41400003E00
311
000044384337344134422D393743352D343944342D413435382D3235343539333945414638382F536368656D61732F47656E65726963536368656D612E786D6CDD586D6FE3360CFEBE5F21F87BD3245B0E2D90F4905CD12E1F8A0CCDF5BE0A8AAC24DAE417C872DAECD78FD48BE3D44EE3B5C3E16E010EE75A34C5877C4891
311
1A7F7E4914D9095DC82C9D44835E3F2222E5592CD3CD242ACDFAE22AFA7CF3CB785A14C22CF95624EC66FC34BF253BA626D1BD488596DCBD8F2E6FC6335608B7F428D258E807664080A98384D9E75E22F16B2CCF05D32CE502359492C878124DE31DBE89612BB196A934605E44F272A5249F446BA60A11112D589CA56A3F89
311
8C2EE16F6B136C595C7AC3C2FF076D3D808BDBC824572211A961A8D96E393F7AF5806BEA91EDDFB1ABFB769EB08DE8BCDFE27EF98E9DE0ABCE3BFCA1C54E8AE777ECE2BFFC92A94C87EDE6A9111BA1ADE75C74BF391275D33FAAC5FABF89F1D33C9836CB3225980B2A479BE96A4FB3D59F821BCF11CF1FC55602586C7191D9
311
9E2C9C0CF2B8A662E3484E59466361985485D7E248E7953C01F19DA23B9D256461B6E09C40FF02D1DEA98C19EBAFBA4659184B7D47DEDF22E2F53DB017721B164F5B845961697F0C699AAC2410982C385725A6361A500F59CD848221F103A8C1A7CA84A55F407794695C905C688E69B111550ACA946B9B4785FC1BDE0E2292
311
40B62665328986D5B32C400CEDD88188F35AC25EBCD40836F47F35E5C0EA4B6F767B50568CFFB5665C505E2AD5EA8A9997205F50A2350EAB32C9294B0024108429953DF32C4D812E226658F78A490408362A94987E6F787DFCBBBABAAEDC36758ADEE9B58B41BF0F35D87BB1E991E02BF0B513748E6C0AA2EB2CE56EC68E97
311
585643D82DE284E51DE03E4E22B00738761F1E66E1616A03EE093B0327B6BB9797262B0DCD72C6A5817ADAC1C3C0A3909CF6639B404D18B15CAF4B3C09CEAA4414BD5F0723F059ED37048E7A64271711EDC9C5230F58FBDA5DE00DA512CF04BA6671A0D201A83D2EC81D2EB552C7E5CD1BF9D6913567B2CD53A659AC362A2B
311
200B440195E2ACBBD167A32A86F7874F7F00686DB55D163481DADE5E417E979BAD827FC6B2B0AD8A6AB1567038E466EB4B10C4C2F3F71196A09260938125FDAB8662456EAD68AB2F7C1DFF709C874887B76A4355564F017256531BF73D7D754A40E23401DA38EFC907CF8D8E3C1E5E7505D8E432C60BE1EDA01E5166683F16
311
9B6EAC6EC046153F66C2BE0679FD3F407982ABFA28F92E0E457501938D96B12090869079360D3F947CA8BBC3D9FCE1ECF3C676C9BE80EB67CABE004FC290F8E26BE6A0371AD6CE66781C408A1FAA8CFFA63DD93A94CD5E1F3BA6A3DFB05B34E1247BB3949E3C332105035203136EA14AE89FF99E3E0B3C4EFE65C581A3A3D2
311
D0EE84EFDB22B49DA31A07059E69B81628A8ED1228B63E42C3D840C3C01F460D1F331FE199821B03F22CCDB6DBF074B49566B12C3B3626074EA1B130B4596BDBFBB642A835954A9509E5769234228129889952870EEE13F494954AD7A27EAD09411BDEEC5B6B6AD752C11509F826EF4007E86281B1AE63750FD09DBA87A34E
311
F4CE2A75F3E85960004EA6B519F4806609E8C91CD18380BD81691D9F2CB5730631E6DDBAFBC30E96D3E1D3D67EE8FB72BAD92AD4C1FD3CEDFBD2681858ED6583CA3853294B80AF67AECFAC6418D08164D5FD1E52E8B546BCC77B87C6E9D1655FFD384FB26A28AADD82E04B9C64EBF78FFF00504B0304140006080800E55361
311
538DFFFC99640100009B0300004500000044384337344134422D393743352D343944342D413435382D3235343539333945414638382F536368656D61732F52656E6465724D6174657269616C536368656D612E786D6CA5535D6BC230147DDFAF08799F5FDB600FADA20EA430D968A7AF12D36B1B481349529DFF7EF9A85A71
311
8860DFDA73EFB987734EA3D16FC5D10E946652C4B8DFE9610482CA9C8922C6B5D93CBFE3D1F0291A6B0D26A3255464182D920FB4233CC629881CD49C18508CF000E3EE309A100D61622AAB4A8A33B2483F11CB639C545B0E1508438C3D3C0361192846DB7ACD198DF186700D182920B914FC1063A36AFBEE8FBA03FFD3CC1D
311
1F4FC9E151A2AF59F628C5B7821D83FDFD3489305080F2EE04BF962195FB285E9D2DD352320A9E827AE357594914E42B1F5FE35F83688F60C4C91A6C946ED0668E8F244BC2EB0BA6E3BCCFC0B6A4B507F9F9F8D51EB315D9BA9E08D308E89F96931666E577837E2B4172199C68C4FE306156D47DF51C698C7B9D97FE5BEFE2
311
190C3C38BB054E6E8163FB039CB4B993C80BF18D969203116D6BBD26238B821F9BB909AD6D9C71B85BCD8C33D66FEA3D31B4BC0AD45BEA46BBEDDFEC0F504B0304140006080800E553615386A5453951000000570000004700000044384337344134422D393743352D343944342D413435382D323534353933394541463838
311
2F4173736574446174612F41737365745461626C654F66436F6E74656E74732E62696E536160603034373474B670B1D4B5307572D135313677D3B5747133D47572743376B174767534B5301702AACB4D2C492DCA4CCC492C28484D2C4ACC4B4E050A82012F90744FCD03CA26072767A4E6260200504B0304140006080800E5
311
536153C55C663656000000680000004500000044384337344134422D393743352D343944342D413435382D3235343539333945414638382F4173736574446174612F53747265616D56657273696F6E5461626C652E696E665D8CBD0A80300C06F73E4B29FE6CDD8A2E82A083B8B7F209014925C9FBA3AEAEC7DD2555D896CB
311
85E51C2A1BD834F6A1F56EC4494C4695278364ABB24ABD2146F88CCEBB89D5321FF8F3F43D672A3B44DF3CB6A1710F504B0304140006080800E55361531AEFDC7A35010000A20400003600000044384337344134422D393743352D343944342D413435382D3235343539333945414638382F4173736574446174612F636E78
311
2E786D6CCD94314FC3301085FF4A648931761C165439AE102C9D40A26260BB3A9762D5B123FB82E0DF63B71940454C1DBA9EBEBB7B7EF23BB5FE1C5DF58131D9E03B2679C32AF426F4D6EF3B36D350DFB16AAD550C817E60ACF23062C74A9969B58F619E96528F03CCAE549DF587A5789F12D216760E9F8687E0093D255619
311
0729752C99771C81C34CA1C774E03D1070C923A63047837912D9119749262210F64CB74D2B6B29EB466E65B3BA952BD9BC295148AD7621B885B779590CD34DDB98D35EA61B250AA0D51CED4295D730FD974ABEB35E894C6A95286657960EFA9A72074C93B306289B278221A43A4308A31227582B515CF8E5C5230ED6DBD2B2
311
C9D280427CCE023192C52BF4E43FB597F766E313813778CD8E9C6BBCBC0F2FC75FF47A8AE53137D79796738DDCFAE1025911C77392A353AE8BFE06504B0304140006080800E55361537B5A61EBE4000000600100006700000044384337344134422D393743352D343944342D413435382D3235343539333945414638382F52
311
65736F75726365732F31373131433844392D383542442D343337462D394446312D4241463344394345413538372F7468756D626E61696C2F302F636E782E786D6C4D90C16EC4200C447F2542EA3101D24BB572D89FE8A9978A126F8A966004A66AFFBED072D8D358E327CB3370FD3EC3F485B9788A9BD08B12134647BB8FC7
311
262ADFE617315D0D64227EC0C414ED899BE8B6307064AA69583BDE6C0DDD0D3EDE877960C4ECDD7B8A87985CB0A56CA2B84F3CED622BD38EE5BEEC96EDA2978C856A76D80EB03F711C70192DE32ECCAA563D6B3D2BFDAAD5E5595FB47A03D949031F4461F03E32664A4FAB72D4C6D8FE51203B60A0663FA81E429887E740B6
311
A581C2B9E51F10FFA406D9948277965B4D921C23CF0D427B82FC870DC89EB7C95F194D7B37E617504B0304140006080800E5536153A233C2345D000000800000006500000044384337344134422D393743352D343944342D413435382D3235343539333945414638382F5265736F75726365732F31373131433844392D3835
311
42442D343337462D394446312D4241463344394345413538372F7468756D626E61696C2F636E782E786D6C4D8B490E80201004BF42E6EE76F3C0F216234B883063108CCF170C074F95AE5473F5C4C06E932E4F28601967600677D21E9D8092EDB002539227A2FCCB80E1168D80A6417297A89C5D6963B7129A0D1E8F2EE73A
311
A7B62BBEB8B27DE50B504B0304140006080800E5536153BE89762363000000880000005B00000044384337344134422D393743352D343944342D413435382D3235343539333945414638382F5265736F75726365732F31373131433844392D383542442D343337462D394446312D4241463344394345413538372F636E782E
311
786D6C4DCC3B0E80201004D0AB90EDFD75167CCE820A4A845D83603CBE602CAC26799919AEEEE0D965E2E908050C6D0FCCE04C8BC355404EB6198129C92351FAD580A10E464065907C8D948F8F166375F655BDC3FDC3B4E530A176BE7057BDC43B2A593FE403504B0304140006080800E55361532D9FB86F7E000000A30000
311
003600000044384337344134422D393743352D343944342D413435382D3235343539333945414638382F5265736F75726365732F636E782E786D6C4D8CD10AC22018465F45FE7B2B594305756C33DF63343724A761337AFC3476D1D50787EF1CD17D368FDE36BD5C0C12C8E902C8867B9C5D5825E47DC10C50A7448A71FFBB
311
010AD36625540C4AAC29E6E78166BB4CD957EA5D781C90504246A63966EDA0F1B5A106736D081E7AD3683EDEFA96D1629CAB52E6D72B5BF3EA0B504B0304140006080800E55361532EF0B3F308010000550300003400000044384337344134422D393743352D343944342D413435382D3235343539333945414638382F5363
311
68656D61732F636E782E786D6CCD93BD4E042114855F654262390C8C8DD9306C616165A35676087757B2C09DF063F4ED85916237B1D3623B38F97273CE812BF69FDE0D1F1093C5B0104E1919206834361C1752F261BC23C35E8A8898CF303204E561214D26521C2396B54B060EAAB8A63A1B4E5DBC47EF313CEB77F08A0CDA
311
A9941692B62B5525A38174A2466545398D90B0440D7542B61EFA041D41653044CE6CE623E723E32F9CED6EF98EB3573135528A3744D7791B32445C6F66A6B11E4335C4C4D400294AB49D6A29883C77476B1F62AA841429C7DA4227F3D75A49B5AECE6A956B59D306FE30524C2DEC45E4070810ADBED6CC17F6FE2DF4130403
311
F1B1BE54B4CA5D6BF6DF5CFEAD8269DB80FA0DDA42C86F504B0304140006080800E5536153E3603EBE7A000000C20000002C00000044384337344134422D393743352D343944342D413435382D3235343539333945414638382F636E782E786D6C6DCD410EC2201085E1AB90D9DBEACE05D09878023D01A1D34A8419C380F1
311
F82DA68B9AB8FDFEC93C3D7C52546FCC12980C9CBA232824CF63A0D9402DD3E10C6AB03A3397DD192872090D3406ABE7CCF5B5D18893ABB1690CF4DCF02282E5EA8A5BB96FFE536F285CB347F95BEFFE81C9ED5AFF9D5B1FB575BB00504B0304140006080800E553615376648A967E000000A300000007000000636E782E78
311
6D6C4D8CCB0AC32014057F45EEDE3EAF44410D3669FF233426488D161B4B3FBF5AB2E8EAC0706664FB593C79DBF472312838EE0E406CB8C7D18559415E27CA81B45AA618D7BF1B90302C5641C5A0E59C627E6E68B4D3907DA5DE85C7067BDE3568F04245D3318AA2476A90717A62C8C4595CCD8DF362ECAB52E6D72B5BF3FA
311
0B504B0304140006080800E5536153CA1DF9C9A900000073010000130000005B436F6E74656E745F54797065735D2E786D6CA590410EC2300C04BF12E5DEBA70400835E500FC800F84E0B411AD13252E2ABF27A55740421CEDDDD9B55CEFA7A117778CC979527255565220197F75D42A39B22DB652EC9BFAFC089844F65252
311
B2630E3B80643A1C742A7D40CA8AF571D09CC7D842D0E6A65B8475556DC07862242E78CE904D7D44ABC79EC569CAEBA537E3521C16DF5CA5A40EA17746733E0B6615DE7217475F386F18B9481C510F1F021CD9FF027EA0E1F5C4E609504B0304140006080800E55361533DEE336E64000000790000001B0000006175746F64
311
65736B2D64657369676E2D7061636B6167652E786D6C35CBC10E83200C00D05F21DCA56CA76D41FC96062B120735B69A7DBE268BB7777961F8D5AF396893C2ADB70FE7ADA196782C2DF776D7A97B5933C430F15651E5469C55D70F80A4992A3ADC954792C525AE70A1E4D6AD9816CC044FEFDF01FE3FDE907802504B030414
311
0006080800E553615349EBB4AFF8000000960100003700000044384337344134422D393743352D343944342D413435382D3235343539333945414638382F4173736574446174612F636F72652E786D6C8550CB6EC32010FC156BEFD806872889309113B75FD0536F08888B1283C5A3EAE71762576A4F3DED6A76767667D8F9
311
6B7E549FDA07E36C0FB86EA1D2563A65ECD4438A377480EACC99772EFEA24165C5AC7B283070367997960D92CE466D0B6A9DD21B2842D0112AF9C84D0F417EE859D422C5CC08F77A11F22E265DE37AE571969251DBAA5159CDDC8CF6C0317D793DD2FD05D12B2568773950348CC3118DBBEE70A598903D1D585396398B66FE
311
B92EBD16512BE0A42518618C5AFC86DB53874FB87D674D617216A2CF9EB7A3C51DF0A17C3D8A2858B34EFFA8A645FDAF9A8C8D1DD954D78D907DE4279F03CE9A92522ECF08732D89F26F504B0304140006080800E5536153782CDA66F40000008E0100006800000044384337344134422D393743352D343944342D41343538
311
2D3235343539333945414638382F5265736F75726365732F31373131433844392D383542442D343337462D394446312D4241463344394345413538372F7468756D626E61696C2F302F636F72652E786D6C8550CB6EC32010FC156BEFD88043E44498C849DA2FE8A93784898B1283C5A3EAE71762576A4F3DED6A76667677F8
311
E96B7E549FDA07E36C0FA4C65069ABDC68ECD4438A37D4417512DC3B177FD1A0B272D63D1418049FBC4BCB062967A3B605B56ED41B2843D0112AF5C84D0F417DE859D632C5CC08F77A91EA2E275D937AE5099E921937A919B39BB919ED4110F6F27A60FB33621746D1EEDC31345C8703BAEEDAEEC208A57B36F0A688058F66
311
FED9AEBC96518F2028A6041182307923F8D89223C1EFBC294CC143F4F9E76D69F90E04E6CD8AFE714BCBF8BF5B3236B674735B1521DF9F8F7B0E046F4A3AB93CA3CBB52429BE01504B0304140006080800E5536153292585ADF9000000960100006600000044384337344134422D393743352D343944342D413435382D3235
311
343539333945414638382F5265736F75726365732F31373131433844392D383542442D343337462D394446312D4241463344394345413538372F7468756D626E61696C2F636F72652E786D6C8550CB6EC32010FC156BEFD80687C889309193B45FD0536F141307C5068B47D5CF2FC4AED49E7A5A343B33CB0C3B7DCD53F1A9
311
9CD7D67480CB1A0A65A41DB4193B88E1865A284E9C396BC32F1A1446CCAA830C0367A3B371D920694D5026A3C60E6A0385F72A4021A7F4E8C0CBBB9A452962480CFF2817211F6254252E571E6731EA6193EA21B9E99B560E38A62FAF07BA3F237AA104EDCE2D45FDB53FA0EBAE692F1413B2A73DABB298B3A0E79FEBD22911
311
D4009CD404238C518DDF707D6CF011D7EFACCA4CCE7C7029F37634A7031EEE71FE30424FAC5AB77F5CE332FCEF1AB5090DD95C57854F39D2279F0BCEAADC521ACF0AD3CC8DF26F504B0304140006080800E55361533670C3310D010000B10100005C00000044384337344134422D393743352D343944342D413435382D3235
311
343539333945414638382F5265736F75726365732F31373131433844392D383542442D343337462D394446312D4241463344394345413538372F636F72652E786D6C8590CD6E842014855FC5B047BD2A333A4126FE8C4FD0557744194B660423D0F4F10BA34DDA5557971CCEE1E31E7AFD5A9ED1A7D88CD4AA4610A728126A
311
D49354738D9CBDE31245574637ADED2F1B8A145F448D828C189D37EDD6431AB5B2420555E9491C22374658148D4F7FA891193FC4C263EEAC779847BCF2F1C1671143BCFB18754E4E47544EFE35799762430CC86DA8C8A9C5A423192EDA92E0A66F2ADC1779D911C8B213696812C28C5AB9FCD0C74D702B26C4B234030C8053
311
7883F492C305D2779A0427A3C66E7EE7031AB6F3B8334057F6152E49DBE3223F0FB8EA07C06D33E47DD5DD1A529E69B207FF00DD3AFD0F7452D93C3B807BC278A6FFFFEB82D12414E8C7AB5D3F43D9EC1B504B0304140006080800E5536153DDB7D3F2F9000000960100003700000044384337344134422D393743352D3439
311
44342D413435382D3235343539333945414638382F5265736F75726365732F636F72652E786D6C8550CB6EC32010FC158B3BB6C1214A224CE424ED07543DF58660E3A0C460F1A8FAF985D895DA534F8B66676699E1C7AFE9517D820FC6D91E91BA451558E5B4B1638F52BCE21DAA8E827BE7E22F1AAAAC9CA0470546828FDE
311
A5798594B3116C41ADD3B082320488A8528FFCE851503798642D53CC8C70AF67A9EE72849AD40B4FF0948C5EA54667377335E09120ECE575CFB627CCCE8CE2CD69C7F07019F6F8B2E976674628DDB28137452C7834D3CF75E54146D048D096124C086EC93B690F1D3990F68337852978883E675E8F967448BC4170C92B08BC
311
59B67F5CD3ACFF774DC6C68EAEAE8B22E41CF993CF85E04D69298F6785799646C537504B0304140006080800E553615355179B5AF7000000940100003500000044384337344134422D393743352D343944342D413435382D3235343539333945414638382F536368656D61732F636F72652E786D6C8550CB6E833010FC15B4
311
770336714422E38824ED0FB4A7DE2CE3102BC1467E54FDFCDA40A5F6D4D3AE66676777869DBEA667F1A99CD7D67480CB1A0A65A41DB4193B88E1865A284E9C396BC32F1A14464CAA830C0367A3B371DE20694D5026A3C60E6A0385F72A40219FA9E9C0CBBB9A442962480CFF2867211F6254252E571E6731EA615BD54352D3
311
37AD1C704C5F5E0F747F46F44209DA9D5B8AFA6B7F40D75DD35E2826644F7B56E565CE829E7EAE4BA74450037052138C3046357EC7F5B1C1475C7FB02A3339F3C125CFDBD1EC0EF8DBF2A767D53AFBA319E7E17FCDA84D68C8A6B96EF8E422BDB80C38AB7246A92C01A69AF3E4DF504B0304140006080800E5536153D13AB5
311
C703010000D80100002D00000044384337344134422D393743352D343944342D413435382D3235343539333945414638382F636F72652E786D6C95914D6EC3201085AF62CD1EDBF847B1234C9426ED09BAEA8EC2C44189C13250F5F885DA55DB5DBB023DBE37C39B6187F7E99EBDE1E2B43503D0BC840C8DB44A9B7180E02F
311
A483ECC0D962ADFF814166C484032419381B171BE64D92D67834493556E1260AE7D04326EFF1328093579C442E828F84BBE5B3903731624EF395E3CCEBE9CB2A17141E15F0AAAC28A19494F49996FB9AEE69F9C28A447216B4F175B535C3E9155566671F23016F6B56ACCF110B5A6D9056F193FAA271017EEE4EBBE6D83C90
311
7E776A49D39F1B726CDA8E546DD3F675FF787CEABA58249A39737E89A3D98AA421FCD5BE1A7F450BB3FA67B4D5E180D3EF50459A3367C5E712E29976C23F00504B0304140006080800E553615333289AC806010000B201000008000000636F72652E786D6C8D50416EC32010FC0AE28E0D38444E84899CA47D414FBD51200E
311
8A0D16E0A8FD7D2171A5F6D6D3A299D99D61F8E1731AC1DD8468BDEB20A93004C629AFAD1B3AB8A40B6A2138081EBC4FBF64103839990E16180A3E04BFCC2BA4BC4BC615D4796D5650C66812046ACC8F0E46753593ACE492B222DEAA59AA9B1C4C45AAA74EF064A79F55158C4C4643413125881084C91BC1FB86EC097EE775
311
510ABE2C56AF565667777BB1264041D8CBEB8E6D8F889D18459B63CB507FEE77E8BC69DA1323946E59CFEBB22C784C21FF793D92732610E5BDF8F2FA4909FEE1FDB80A72280DBC1BBFA0C0BC2EC49FD0CBACFF11DABAD4D0F5E07323E6CC39D083C8C6A5C13C1EF5E659DA16DF504B01021400140006080800E5536153F063
311
D8E61F010000A80100004F000000000000000000000000000000000044384337344134422D393743352D343944342D413435382D3235343539333945414638382F4173736574446174612F446566696E6974696F6E4974657261746F7250726F706572746965732E62696E504B01021400140006080800E55361537E3632BF
311
2D0100003002000045000000000000000000000000008C01000044384337344134422D393743352D343944342D413435382D3235343539333945414638382F4173736574446174612F496E7374616E636550726F706572746965732E62696E504B01021400140006080800E5536153B5A795FFE3790000DE7900006B000000
311
000000000000000000001C03000044384337344134422D393743352D343944342D413435382D3235343539333945414638382F5265736F75726365732F31373131433844392D383542442D343337462D394446312D4241463344394345413538372F7468756D626E61696C2F302F67656E657269635F706E67504B01021400
311
140006080800E553615328BB58AF800100009E0500003D00000000000000000000000000887D000044384337344134422D393743352D343944342D413435382D3235343539333945414638382F536368656D61732F436F6D6D6F6E536368656D612E786D6C504B01021400140006080800E5536153670136ADA9040000B414
311
00003E00000000000000000000000000637F000044384337344134422D393743352D343944342D413435382D3235343539333945414638382F536368656D61732F47656E65726963536368656D612E786D6C504B01021400140006080800E55361538DFFFC99640100009B0300004500000000000000000000000000688400
311
0044384337344134422D393743352D343944342D413435382D3235343539333945414638382F536368656D61732F52656E6465724D6174657269616C536368656D612E786D6C504B01021400140006080800E553615386A54539510000005700000047000000000000000000000000002F86000044384337344134422D3937
311
43352D343944342D413435382D3235343539333945414638382F4173736574446174612F41737365745461626C654F66436F6E74656E74732E62696E504B01021400140006080800E5536153C55C663656000000680000004500000000000000000000000000E586000044384337344134422D393743352D343944342D4134
311
35382D3235343539333945414638382F4173736574446174612F53747265616D56657273696F6E5461626C652E696E66504B01021400140006080800E55361531AEFDC7A35010000A204000036000000000000000000000000009E87000044384337344134422D393743352D343944342D413435382D323534353933394541
311
4638382F4173736574446174612F636E782E786D6C504B01021400140006080800E55361537B5A61EBE40000006001000067000000000000000000000000002789000044384337344134422D393743352D343944342D413435382D3235343539333945414638382F5265736F75726365732F31373131433844392D38354244
311
2D343337462D394446312D4241463344394345413538372F7468756D626E61696C2F302F636E782E786D6C504B01021400140006080800E5536153A233C2345D000000800000006500000000000000000000000000908A000044384337344134422D393743352D343944342D413435382D3235343539333945414638382F52
311
65736F75726365732F31373131433844392D383542442D343337462D394446312D4241463344394345413538372F7468756D626E61696C2F636E782E786D6C504B01021400140006080800E5536153BE89762363000000880000005B00000000000000000000000000708B000044384337344134422D393743352D34394434
311
2D413435382D3235343539333945414638382F5265736F75726365732F31373131433844392D383542442D343337462D394446312D4241463344394345413538372F636E782E786D6C504B01021400140006080800E55361532D9FB86F7E000000A300000036000000000000000000000000004C8C00004438433734413442
311
2D393743352D343944342D413435382D3235343539333945414638382F5265736F75726365732F636E782E786D6C504B01021400140006080800E55361532EF0B3F3080100005503000034000000000000000000000000001E8D000044384337344134422D393743352D343944342D413435382D3235343539333945414638
311
382F536368656D61732F636E782E786D6C504B01021400140006080800E5536153E3603EBE7A000000C20000002C00000000000000000000000000788E000044384337344134422D393743352D343944342D413435382D3235343539333945414638382F636E782E786D6C504B01021400140006080800E553615376648A96
311
7E000000A300000007000000000000000000000000003C8F0000636E782E786D6C504B01021400140006080800E5536153CA1DF9C9A9000000730100001300000000000000000000000000DF8F00005B436F6E74656E745F54797065735D2E786D6C504B01021400140006080800E55361533DEE336E64000000790000001B
311
00000000000000000000000000B99000006175746F6465736B2D64657369676E2D7061636B6167652E786D6C504B01021400140006080800E553615349EBB4AFF80000009601000037000000000000000000000000005691000044384337344134422D393743352D343944342D413435382D3235343539333945414638382F
311
4173736574446174612F636F72652E786D6C504B01021400140006080800E5536153782CDA66F40000008E0100006800000000000000000000000000A392000044384337344134422D393743352D343944342D413435382D3235343539333945414638382F5265736F75726365732F31373131433844392D383542442D3433
311
37462D394446312D4241463344394345413538372F7468756D626E61696C2F302F636F72652E786D6C504B01021400140006080800E5536153292585ADF90000009601000066000000000000000000000000001D94000044384337344134422D393743352D343944342D413435382D3235343539333945414638382F526573
311
6F75726365732F31373131433844392D383542442D343337462D394446312D4241463344394345413538372F7468756D626E61696C2F636F72652E786D6C504B01021400140006080800E55361533670C3310D010000B10100005C000000000000000000000000009A95000044384337344134422D393743352D343944342D
311
413435382D3235343539333945414638382F5265736F75726365732F31373131433844392D383542442D343337462D394446312D4241463344394345413538372F636F72652E786D6C504B01021400140006080800E5536153DDB7D3F2F9000000960100003700000000000000000000000000219700004438433734413442
311
2D393743352D343944342D413435382D3235343539333945414638382F5265736F75726365732F636F72652E786D6C504B01021400140006080800E553615355179B5AF70000009401000035000000000000000000000000006F98000044384337344134422D393743352D343944342D413435382D32353435393339454146
311
38382F536368656D61732F636F72652E786D6C504B01021400140006080800E5536153D13AB5C703010000D80100002D00000000000000000000000000B999000044384337344134422D393743352D343944342D413435382D3235343539333945414638382F636F72652E786D6C504B01021400140006080800E553615333
311
289AC806010000B20100000800000000000000000000000000079B0000636F72652E786D6C504B0506000000001A001A00210B0000339C00000000
310
504B0304140006080800E5536153000000000000000000000000370000006662782F36383537333341382D353745352D344137342D414235432D4330303846303437334134312F617474726962757465732E62696E504B0304140006080800E5536153000000000000000000000000350000006662782F3638353733334138
310
2D353745352D344137342D414235432D4330303846303437334134312F76657274696365732E62696E504B0304140006080800E5536153F270F1330600000004000000360000006662782F36383537333341382D353745352D344137342D414235432D4330303846303437334134312F747269616E676C65732E62696E6366
310
60600000504B0304140006080800E5536153B5A795FFE3790000DE790000420000006662782F36383537333341382D353745352D344137342D414235432D4330303846303437334134312F7265736F75726365732F322F305F67656E657269632E706E6701DE79218689504E470D0A1A0A0000000D49484452000001000000
310
010008030000006BAC58540000000467414D410000B18F0BFC6105000000017352474200AECE1CE900000192504C5445818181B3B3B35A5A5A4848486060605C5C5C6464648383835E5E5E6262624E4E4EAFAFAF4A4A4AB5B5B54C4C4CB1B1B1858585B7B7B7585858ADADAD7C7C7C464646787878ABABAB747474A7A7A768
310
6868707070B9B9B96E6E6E6A6A6A8B8B8B666666545454565656A5A5A5505050A1A1A1BBBBBB8F8F8F9F9F9F4242425252527676764040403E3E3E9B9B9B7A7A7A8989897E7E7E9393939797974444448787873C3C3C727272BDBDBD3A3A3A6C6C6CA9A9A9A3A3A32020209D9D9DBFBFBF8D8D8D9595959191912626269999
310
992222222424241E1E1EC1C1C1282828C3C3C32C2C2C2A2A2A2E2E2E303030C5C5C53232321C1C1C363636383838343434C7C7C71A1A1A0E0E0E121212484A484C4E4C1616160A0A0A4A4C4A787A781414147C7E7C9193915E605E464846838583878987B1B3B18587856668665A5C5A626462818381A7A7A5A3A3A1B1B1AF
310
ADAFAD7072705C5E5C9D9D9BABADAB7E817EB7B9B7585A58BBBDBB4C4C4A8D8F8D747674B5B5B3B7B7B59FA19F606260ABABA9A5A5A39B9B99A9A9A78F8F8D6C6C6AC7C7C5451AD12700002000494441547801DCBD89771BD7B5A70B8EE04C702641712605CE034890E220088028C93245451215B713AF388E7DFD9EEDB8DD
310
CE6ABFF4B57D97137BE50FEFEFDBA74049B6AEED74869B7E87404D2814EBB7F76F0F67A8835CEEBFA0E42B854AA5B2BB5B6BCC951A8D52A93657A914FE0BEEE39FFE2FF395B9B9C6CAD2D4C4606F4B7FFF8D1B37EEDCB97587F7CD9B4343BD134BABE7DB48E3FFA7A228ECD6F6574E4786C0FC8B5FFCE2CD5FFCE297BF7CF3
310
CD5FFC92B52FFE58BFF9E69B776E0EF5F79E55CBBBF9FC3F5D3DFFB07F5898ABAF7CDA3B74E74EC0CE20230561BF096E97E05712BFFCC59BC80539DCE83DDD6E54FE61B7747DE17FB8980BBBFB2BBD4337DF487881AAE6C5ACC6AF25207877B2B527BFF1CB3B77FA47561ABBD7F7FA7FE146A5B6BD74E3164C7F51449AE95D
310
B412200EC539418717E7F2F11B376FF62E95FEAF1442BED0581DBCA1BD2780D23F506AFA16E1A7AD974EF17876F00DD7BCB187A1A97AE51FCED5BF2BC1F2BBE5B3C19BE27B43CF26DE00933658FE129B109C2FFF922CC22C4260FA01BEFB462A77DEBC35F42F600C3F5B0795D2E9E02DAD5E650B4438A92801B65C35CBAB7B
310
1EE5041CE69D3B6F1822DFB873EBD6AD3B6FBC71EBC6C86AE967DFC2DFA4CEBFF1BF54F6276EBC114E2F43FEC60B01A0D440A868B2920E5C4BC10D60931ADCB871F3268B21D3851B08E1D6AD9BFD4BF57F7577909FAB86F29B982571136AF01DF5FE32AC3BD9406CAAF2440A54CF176EDD01FBADA1FEFEFE21FE4C9858DFF4
310
183458A9FD2B6708A5A5A137E0EE1D11A9EC0C7C58B2C73C0AD6B479BD76B7790CF899E287FA5B06FB7B07C9195B7851FA8794031EF1FC5F9406BBFB23375420286399B631E93B08022A785C4DBF9996EC3551874094D71B6F487E80F6837E50F483BDBDBD83232323AC420A18C68DA196EDDADF68A77F938F78FD972BABBD
310
B7B87FB164AC6FC2CB760365821ACB74AED44FFAD7E7431ECD7E08AC421F391D199998989A383D9D98E8E56F84A318C58D9BFD2DAB73FF5222C8EFAEF4DE7AF30D756E5108683DA471E70D0502099A7240F19E4089D3FD203E620F1B47BF43501E85031AE44B4B9F2E4D2D9D4D51D8970983FA861B3706FF950CA170DE82F6
310
B312CC4F42C8966295F7D725ED29882415DC055F36DEA1FE96FEC141493F05FAA9A9A5A595B333DED5B3D5A533F62183323032F46EFF13EA0AAFA5FBF7C8976F8C10F7280A014832593B90004D52341980D907EAEB73411EB2F1EBC9F507F92746C40E7AE0AFAE54292BAB2BAB67CAE0746264A277B06508168C94BF772BE9
310
765F7BF0B548FE1E07F3B5A521340A5CB5297C4B12811B89E82191ECF3E41B3259C529F135E23CF4C7F961FB13537F5A02ECCAEA76B5BA5D3D3FDF3F2FEFEFB3AA22053E5008833428DC6C59FA2F770595F311F235D427F379BB8A121BD901B96076A388DC4C3C61C7933CCCD770FF375A6E0CE9F535FE2534BF5ADD3E3FAF
310
D71BF57AA951B6D4CFEBFB8864758A26154430080B06ABFF557610ECC93726224F155D1471041E0D42F82F4891C926C1355B0831649FF365F46FF05300A7A790BD8ADEEB0D4AA9569A9BDBADCCD56AA55AE377F5F3F3EA2A34983A1DE91D810543138D7F28E57FF4E2B5335A3928B76EA1CB9B00BF158C8F63A2E788826896
310
D0B5E7C461949ECE089144F8EBEFC7FB4D8C9C4E9DAD60F7FBE572B416C2F2423ECF8B86C439E450DA970634ACFDA977629098D0B2FAF313A36B3869E37AF7853378CDA1171FBEBA95DF1E44FD5144A420588641B0055A79ED91CC0DC41E27064512FB33F1F04D09D0D2DF0203A646A6CECE80DF28356A348CED8C4F1EF137
310
B9319E1BCD29867CA556AA97F7B757567006A447FD375A26CAAFDED9CFDCFB2BB0BEEE8AA5911BC2C7F85DF88A3775389990AA72219D582409210F85A4E66F2987D875C30848023088FDF77E87F96FD7CBA5B9DCCEF4F4C9FC7C676777577B7B7B67E7ECCCE4E8DEE85E81A6D55AA3BC7FBEB242589CE8ED4770E785D7DDE2
310
3FF2587EBF57F50B9E820527316488E5C32D50F979BCA58207297E2B6D658702FFCD211840FE43FC9F3A5BAD9E97E6F21B9FCF16BBBB3A3A5A175B5B1787875B5B3B86DFEFFC687A72674F19D46A8DFDF3EACA59E405375ACE76FFA922C817CE86A89BDD92F400F2C55B7462F610459837D3A61ACF50C7471C8F2F2A9D38C3
310
DA2F068007F80EFCDBFBE5DCC674B1D83EBCBEB8BCBCBC3ED0D3D333D0B3DE33BCBEB0D8DA35FBF9F8CECE68AE020BCE61C112A4C1138CD47F9AD13F7DC6AB9CF9CFCFAF9D0E01FFE6CD503F5B91C5218E2899CA15098714848B04FCE5654884ABF0E554F11F6C21D73D5D5AADD64B7B9327DDAD8B0B7D7D6D6D07070763BC
310
0F3E38E8EB4310EBEB8BC3DDB347E3E37B5842B97C4E44A0C630427E5CFDFB71E03F471E12CA9FF70E055AE141042DD81234B879EB4606361D9328149037D7D76A571A7E974FA20AD0323832713AB5BA7ABE3B3E3D3FBC30307070B0B9B645D93C3CDC3CDCA41CFC6AAC2D64D0D579B4B1B397A7C1BDBEBD7D36657A3CD4B2
310
F44F4909F2B9CA597F4245C59DEC354316F0587020D0C661742BC02869435FD12CF195C422DB3C5A3E2305C000CE6B7B27ED8B7D63079B5B5B878787C787C7C7C757C76C51B60ED60EDAFA06D67B965B3B672677080BB5329E60E9B477847AE2E9EB53E35779FD37EFCD2D0DDD68AA355B6B0D81860502B8B68C801F5C697E
310
9AD62F4B406244CB975560BAC756AAA577675B07C6D03778C17E7C95CAF1B3ABABE3E3ADADE3CDB1B1B6B681014470343EBA979F8B90383545727C63E43549D14FD0F927E5F1FDEFD7263058FE02EBCD1BDCBCA053496BD58E69BC44F9F854D4D979AE9ADB908824382AC1D4014E9756EAF9CE85B6B54DB01F02F8EA5908E0
310
D9D5F1B3E72188C3C3AB67879B07C8A0A767B8B831FE5E7EB754DEAE5261460243FFF07858D8EF0D658BDC563A2C5EF5833C13C90B69248C4DD97842B61DFA7F210A2F6108A0F96B62E2D3B3F3DD939EA47E30ABF5AB2B903F4BE5F9B36757CF65021E616DAC6F60A1FB647274B4B05B2E5341B082D43278F67D8DFDA48AFF
310
9A13F22B34C7586C9992BA6E66CABC190E313E7C811AA57304B421A75B289B9D174CC868C24548823E230B9A5A2DCD2CAFE1F98E61C015CA7E96B083FC59F3ED06EE60F360B3AD6F79787ED278D0A86FAFE00BA9220EAEFE1D5DE1F7855939C3FCC1332426B377F692406E022C010DB437EF009803F0DCFD3B7C94440571D8
310
F2C328F115F47FD324802070BAB43FBA80EFDB92FCA1F7E7CF9FA875CBB327CF9EB08C4DE4815BC4210E2CB7CF1CEDECEDCED5B757490968286899FAF95583BF46F9393CEE6A86D6F618CAAD9BFF0BE22B042412C5CFB50556815CC5BBE33E9F61ECEC26A9BCB8145FD10590078F9C9E953B513FAE1FE387FAC246E14F9E3C
310
E7F5F8194BD6594140876B6B84C5D6799C61A16434201E5237582AFD75C07EEED9863F463284E2E13425A036BD41061259289B6BDC1ED656FC8B8592C9D00701E27CEA749F0D8EF44EAD8C1F80FFF8F8F9D513191F6803384C800097F24069C407CFAE88136B7DCB3D5D4A60B711F19070D83235F77331FD35E71596688903
310
8E2E0B346EAB7936C4162043E1A1F144093695443A570144898BC4079CEF1912809A3035A1D3F361235F90FFF1E3E0FB93C7E2750719F88E7D8E68123883ADB5B18185AE99F1D11C1238A792DC4BEDE8EC6FF503DF377E0445F68FAF4E08D43082D02170F30131A154206CC559A8D9CFDD762B31273E4947A581E0D9BB71E3
310
3FFA07CD02CE2A6BE1EC80167497F2A81CFA3F7EFE58D0CF5D5D170DE4F89070B0BC4040CC17BEAC6B0586C3D3FF0309BC06F44B04A1E13729929B4DF73C44070692C810B08AC3012E8EE9EAE22067796288C193B2139B970B86F47FAD0F98382B1E035D9C32FD318A4FAFCB274F2E1FA772F94411B0CD42493C23393A685B
310
5FEF3E1ACF554AF5F3552A478383374E6B2FDDFC4F6DFE38F4F4ED7A7FE838F488EA852482F412D3CB07E293D02C9F074F12E84C5AAC423271450572A385449844706475FD38DC3C22486A0639E5F1E38B0CFE93CB4B25910EF309A2224BD8DAD40C682C28341AD69047E8539A6AFC14EC573F7FAD10AE0FE6EB13E87B28E0
310
93B513B5803514DE408809BC12A14876DE0A25F643009E9176D9F0C330164285A7444DC8CAF0E9FE41429EE0A2F6A6DE91C0856C501272404A8468822E24C807030B1D33D40D4AFBDBABB411D093D88C86D7205E05FC57EDD1F805FA4CED5920F0CED39157E007CE21757C5DE440ECBCB46CD283E378029B43FB077B4F47E6
310
0E9F61E8D01BE017D7E843EB49F50A2028F1E442FCC90C9EE308E4C0C2C94EAE30B75FAD3A0EAFA57FE9EF960F14BE15638840EAF3BA490BB6850EDB38EECAFD21A0C746D0C4234DBD035EFC7EDD121FA585FAB73DB89FE6A03CF833AB0730E5E2F1A36CE3F202A128934B44E396961121E1F2C9F32BFCC0C140CFE22C1CA8
310
E109B182919696BFB98120234F61B59F7BF46EC30CF067B21A33B0FB3E402448EE266CCD93135A8E823DB31F85E677434E608F53F8100BC0098EA2FD6BC01770E0F2F2D1E5452A711C4BB8486248FAD756D852026B6DC90A2AA5C6B69E9068B8F27AFABFFEE8AB36F1D23985D5960014FD711940800B560250D2272CC54FF1
310
D3A660B275AC3881E349689C1616E1E9044129D032313509DE4700BC867C71F128C400159407C761022BA8A040F40A244788808C60B3AD67A17576279F6F946923191921B0545FC2F12AC0EFEFBD7262B6935679FC7F80629160ABFAEC88E8430E76D82A8DE62ACE50BD4A42FBF03B387B37FD321B37E31C3F063D99703F51
310
60E6C9E5A300CF32A91E0A085A29C0FC507F6C21012303C6104B82C1F1E156DB3229D1A855A32A8352C9077AF733A0AFE0FB3EF81FDF2F0F82C21B0EB06998866878B103305E31EC17F4FD43831E570A2118D1667632D4FFFFB125782F96168A833DBE78C3F11F8383A79D49F58F1E3DBC780417AE6581381E8610604888E2
310
913E12492881274822C221AD04CB0B1D273B8542837460898C686864FF6F801E8269F40AD0481DFAF5E6E9C1F3BE391C325004DF0746A4E4448F7B52C0D5EAD39EC46896B888C4210D68E99DFA2820DF7FF850EC407EB55C3EBC5028611409BFCB8889C90F1C52355AEF98B18100094C9D0EF6F64FD47E5CBF3FF5293DDFB4
310
B50DDD54F351446FA1F14580DC3902C085F593CB24ACC917B213BBC11B3F0A61042FD8B24F4FB9C4556D0CB9E1A880DE89934CE9607F18F81FDD950DD0E1D143F41D56110E227C250621FF098838042BC85B5B6BCBCBC31DD37B34966E9FFD9936A2FEFEA9EBA4182E5CD3E17AE35501FCE0707E5525A7DBC64DFD077825BE
310
37CE0BBE1BBEC061410C660B6E49912665E2B3749C7C9F93834022F74CDE6CA5EB501D9CBC04B768292C5CCB84478F3CA83074092C6082169015E5800D5839DC6C1B58EFE83ECA513BDE3EFB8EF1242D2D4B3FD55AFE03D42F8492AF8A3F21444FA2FA9ABBF525EAF84C09F0168527B0138A85D1EC0443C467B28BF844EAF7
310
6323BE13D7C11F72FED783837B970FEFDE7D7817E077C17EF7E2A1C2C0FE851FE4C008388C15E818958746129E1009D054B67530D6B3D8DA3D59D82D9D57CF70039FF50FFE0DE94089DB269C3655A4F25B38C49D0BD48E59F1526887C18FC5272197F85CA72862A593A4843CD25F920487DDF7AA0441A2C0600D062001F103
310
FCEEA3D8560CEC3EBACB01CAE5A51E420349F602191E5F901893142381351CE17047E764BE50DEAF9E4D8C38B6ECFFACEB141E54A6865A88A60133EE9CBB4C256930B0B168C1C3AB59FE1743FB422C7166082E934AFA5EFA3E4BCE0B69362FA7041818B7FDECE1DDFB4D022007CA23E521F0700AAEB5888BBBF08023E128B4
310
045381542FA256B0D04E28A0C3804E233A1BFB476A2F48FD135BAF9843BEDA3264EB42BA499601F16B566E72C7EA35908ABCB9176BBED43204C696AFD3D7B24B08D3AFA44BE243D88A6D9D0B6562B52F741E1610C0EFBBAF2B0829289A640EC4C8A4FF66A24430786CEBE1E1E61AF9507BFB496EAEB64F8F49B4129EBDEC06
310
5EC1F8A3F228A3CD0950883B41BEC6D1944AE06147289600A7726313AC69A3F91197F1438BCB743E76F01F6EF1D1C854071670FFFE43FF1EDED702EE5A14C85D0C42DF90B86068800659AC88981855E3E774A71C0CAC2F76754EE7CC87C808D1E1E0F6CF47FD4224731337BE1E39C5010823EE997B1491BBD99FC8D8EF7748
310
2BEB5EB2CF66499A8E0F7511B19B3EFBDACB6507BC78731B1B383D02FFDD7BE8DD9256F7D0BA7B46015941097B80018F700FFA024CC08078F51806100ADBFA163ABA8A3B95B9D2F92AC30BC908ED31FABE0CBEBFFF0279B675868F9AA24E9530B08C174055B7F48E4F58002F3E82F0BDFA003E8B431EB6C4A91E4D9B5FFB79
310
1265BA8827BBE5F1BCFA7F789F72F75EC800F8AE43FFAEC42F13009FB905A9A0132015D0068ED7682AC608BA6771038DEDB3B33082891FAB1ABF5614F93238079726B833958796B845B731FCB86316713C1DC581B1E19B424EE32674093F80776F7E27C6FBFAC85C536CD955B96EDA2A3FBF770FF4BE11845470EB3E42D022
310
000E0FE07D161811020742162444668308801E133A4C163BE68F6826A5523071CA78B2FED51F28F8C70FE4190073A3E5D3259D7A288CD19BDE623F10021BAB0C6E327FD507B2741627727EA00D31856492F9F009D7F152D930704E642795C1C1B336E0DEBB7F0FDCB79318543B25341F36802D64A981A690B94259607DE0B1
310
9D466BF8C1C5E1CEF9A3FC5C639FD6117B4BAEAB453F8EFBDA500A67E8BAF76C8A06566E36EE1184E8329419161F83D843D5DE7D8221163E145F56921C3EE383978072129E290A9B7166E63D26BAB1FCDBF710009E4051842390031845F20077CD079407C575F20364C4910ED2A574BC357630B0BCD8DE39335EB175646A69
310
8458F6A346F003A93002E846FFE0C459B8006E506D79BF902908A0AA05CB5E73530E33BA1D3C2EF99C712B7C8B41DF4D2A7830BE8707485FCFAEEB85A09AB6D39BBF7B4F23E00509C20DB04E240822A4B810E04D8D53D10D504C059ED86BB8697F514777717A8F8144D48A4C89077F7EDB00E2D89DC02A7B975640A282C49A
310
4AA84B70B12BFED8EA6584860DFB7EE23FCB00C6BAF7332FF259FA3C9346508813E372F1DDE425065BB61FDF8300F7EEDDBE8D0C6EDF46F7D8823478590AE23759D60DA6B7A9F125EDE8F4A5D2B37470D0B63C30DCDE3D3D59A8D1501EB1B0A5377517BDD6E301F995E3F955F0F58FAC2E81CE172A8344AC03DC6781939D24
310
84B8FFC15E8F3ACCD3954CE19576B942D0A029188EC7013FE59AE90B71292DE774F1F63D60230180B30A2EDC65291B6211B4081128856001A680015CE000708254891851D4B3BED0FA4D7166B466BFF1D2A924885AD12B387FC0FCE6819AC3AE06A7AA4B715F0927B74D119D4A668FB54B8A8C268D8B038A207D10A7B1E95E
310
42195B695BE0240F7408B311257C23F581E987C180140C584A02B1670CB817CEC0A080F259F1360E58452013200E3EC107AC1DF4FD7B0F6D23F33347F9527D9F51E6138E31AF35F1BDAAEEEBA3D71BB402E2FB47CECEE96B4DB85536772B07C82A34F3E66D0BCEC207FEB9E70643761276F7B50D5EE963CFF80C7AF4A2130F
310
5BF8C4EBFB5F07B709840480DBD8007FB7EF3F90104908BA457D43AA2A6A02C91422285E5AAC143F3313A0CB74D9D164933B86C25587134E8D342B453FC982860D09FD13ABE72055ED020E85D3E312F74C25CB0293D978A1C4001927C80B86FD06349126EC219F0C735C8053D8F5F310817EA01F1B7851F406144C211C6362
310
C27DD51F1E310C0102280ADB891E9B085CC528A2B1369A46BA195B9A2B351862CE43174BA73FB7CBB430A5798F4C54B7333B96C3224A9863AD02B9FBD8E63092191924E77C199D92887DA594B6DCF0112857162FD0949FE6A441F5E62E42FB2105BC405A2301A3424601DC807912CB2C39C604A27908021CDA30C4C8C2019A
310
883B3A8BD393BB3546136EAF561980FB63E9E035FF73B96D09A905ACB2C11D79571C5159026227DDBDB81396EB03F14100BEB66DE1FA9EF82C3ECCBE318119C4269FD014E66361FC8BB0B4EA9A98EF3D8848A01360430284335004C183CC25BCA82D2302EB03B8419241C64DF4F5ADAF77B533BE786334BFCBB8DA72BDBEFF
310
C36103AFB30608A0B39B58D93F0BF42180841DD26BDC22CF0A770E90240006BAC65197D90920131C7B2EB3CFD3C71C6378A305EE8488FC1FF8D391E2BDDB0F6E3F45E7C8207C419800DB410073A3173942CA8D5242642A74496FF115832A6314D9FA4257577BF7FCF8F8E8CEE8DEDE5EBE76DD3CF892BA7FB8B90F629431B5
310
525E92A15A3A4A6FEA3FDD73136172060959206591F4C927196CF645AA285CF3014630121754261C0D31E1A7E3DA2DBDB54B04703BDE3A4209F02045C4BB0F529A14BED07098A2A1CD47513DA64B512F409BC01663090796D787173B5AA141B1B39BB470EEBCF1E30F9D263ACC4D05110797CEF7B923B027F089F74D1D06F0
310
A4D8C0CDA6604023FCA45B76C5CDE0BF3845ECBE13E0C0ED73700A8A753C1AC8AEFFF1B407FC8A20F42F0D94019121DE304077A027D4112283BB8FF0072444D68AAD111D6F591BC0061854BBC048EBBE9E81F6A33A95C21BFD13AF3C7E7DCDFFEB0DE8903F77B41DF178E99C289895B0EA8CD640549D68935BA7C5294E0A1D
310
66DA0CC419BD398E6265789CA1241441AC94532A3C19C95340BEFC68703077EFC1D307B71F3C500859C11494838E902203A2BE90EACC5135B80B078804340C920C2300BCC06F7A1C71B875DC572C9BD1D84BD5FB9363CA6BA7D03E5C40FDFC54FC23C9B4B9DDD028787D89219038523BF64E638BB37CC25335937A00DFD328
310
69C5B390C8C32FF25C8C47A7181B4A599A224A9DADB0E0406FEFF9F183B7448F081E3C55024FB33828784AB61704482CD0160C04174F9E33BA9291D58C2F1F1B1B3B5863B0D9F3E51C35C253D54A23E560E2C0CB3A6F7A81382601C2079CAE96B7B1560D20A341E85A928A4E01083256420576C2ED477E2E565FD9223BCC69
310
1CF394D3D8E281501E0EE5C1C8159E92585D255CF30CC854C75318006EA4A01028EC853F9407C6053910BE105348324002260254886C156260F9189EE0F8C9A3CBAE9D5A992184568A69D5183A7DB97DB089FDC57AEE54F858FE54F577DBA85309640290F2D220952620750C5811FB772A7876D1E4040FBFC6474D51246D8B
310
3FB378283FB514F8AB3C20B8BF7DBE5DE541C9A5D3D38DDB30E00151E02523081BC89C2214103E0BC1B3D0199A08E002681A2613A2616CEDF0F0F9C5DDC75DA395C25C0309C03DEC8091A4AFD3FEB504AAC6633930556DAC86EE3561941E862C4A75DD6B6BB3A0C59BE153DFA73EDFCBC3CE2188D3D378FC976D0EF9A95B7C
310
8532F527CE3CF539581E0FE501291E9139FFB65EFF5DBD8E0C18DE3077170A64E033FD278F18068028802F156C3809FDEB11B1019C208D020C9BA2870457F0F8E1FDC7EDD393E3B9FC9C4308E9315704233F960E554802C14716B0B45DAB5EAB5E25AB7830EBB8D25E6CA94E4AA01794FB1EE164FE9F040FE82C940A4BCEF9
310
13075D087E85A7237D3CF29C47E4E676777779528C4781761F0BFBC1D3A77880E40C9A2E5109180D5255317890394229F0F082010354082D574F1E3FBAB7D6553C2113DACB97BEB5526C7C6F69F9310A94C46CD89FF8F379AD1AA035FD00FF3F320180F01417A6F255A3A8D86319FE0C0B0E06A0DCD33F79841339C01E5BBE
310
1911AFCFF7C1E0A540BFBDBFCF2372352686D863F83F59CB6865F43104007EE06F52406F680341102048A01BB048823082CBCB0B6AC48C313F3E7CFEF8F2D1FDC3D6F6F9F9D9E98D9D7CAE5EADE2A6512FAD7AB526E17F600C85550DDE9ACFE9D97E694513103BC69F8A2813176032C890C1E9C49FC09C61670FF8705B1D73
310
86260E7C8E7122C7F8208A55139E8C8D4763F7EBF5728DF9C34677364E3A3F9AEFDEC9CD95470788834F9FBEC512379890B38C94205B2557987C4186DF5C0837608DF0F9F3CB87B7EF6E920475752A01460E556919B2B64296FB9FB70DD5F47232A0F77465BF140CD001F00ADCA175090E2665A14E6329B62660E02A1CB50C
310
6025E3DA252A670B3F0FFAA5EAD94A509FE7036B159E0D1D9F2E76B7AE1FD5A606198D3A747AF450023CBDFD162278B9446688111009B4029B0F2180AE20A542D40610C073B47FEFE1416B2B12200F3C991C2F54EC2491027A816B0A34A9D05C6F437AC23462385DADD75642EDDA738AF1600DBE07EE8437804D2D011A94DF
310
71C2085EDD40266A407FFA1D1C00B0C03927E60338E3B9D8C47D1F8CAED578E06F7CFAA4BB63B175FA7C301B747CB377F45192003CB8FD34B12009224543D8604494011A80C1903CE0518C986208E1C5FDDB8FDA161686873BBABABAE74FA637BEA894A44078C19696F326E057D7F95D061A6B0394A9D5F2DCAAFE4C2388D8
310
A6E9AB7695CB0BDD0A332430F1A9333DA41D1FFB97FA09AE84E738C75C407C260408F8DBD5EDED7DE1570A7BE333C54F16963B46AB0C2B71208EA3D16EF4EEDCD7005241166C005A73C03164792151205C007288AE337B4D7103741BDE7B7AC913350B348B2D767515674EC6F72A0402BBCB41C81305AFCF05F2758D3ECAC8
310
D26AB97606DB9581A4B7A8FFB068CD5C0604E6849046B70C2B60FF0CDDF93C13822B4E82FA0479A68220E66D9FD775FB3C1A9CDBDB9829B6AF2F77EC9E0678FB20ED8D1B1A1A39D10F9812E20D6281F5673121AACAA9C53424000DAC173F7E18C3052EEE3E78E7F1160F5AAEAFB70E0F7775CFCE4EF384DDEEBEB9C0889D52
310
43BDF557559FEDE5F17AB21E118C4C31A3DF6A96B56AC62180293910ECD6B721047664BCFCC6B2DD3C65CA0F0C823DFEF84083C7ECCDF05898EEF158F4FEF97EB9C123F1B9D1D1A3D9F9AEC5F5CEDA84A3C96C14A55584D62893D6A54D8D2028D05C8B1F124884543F3223B29D208B04910D3FC43F5C52196AEB5B5F5E58E8
310
E82610F08C21BD443801233C0CE8BD1E40F84A1CA86001990048031ABBAB11EF83F9283EA89F181F2A0D9A9F62D94B7F625FD727E6A93F63F200F614F7CF100D4511C07DB45FC5F0CB4CA359ABE4774631FDAE85E599EA0878A3C33D5AD6430CF4C055EE5FDB80629000D7855DED3F436F3B61B3DC7FFACEFD2B1BC6FB0696
310
312CFA477CE87A87070C7998E04FBA78AE3F915A065E819FCF35B410321D9ABB308146A11AD5196CDDD7C477A171C8AFC74B45CBC6F641AB53C8D4ADA5870C02379BC0470CF83DB55F073E29CF5CE5F7A3F8FD62EB7AEB1774C2C6780B9523F9287193FD23DDB79FBEA513B45200E2E0C1B51350163AC19043C600F2C1DBF7
310
DEBA7BB9B5457BC0D840CF325EB0BBABBB786D301437000020004944415472B491ABCCEDAFC0591201CAC8EBFACBF367FE7B6E40E69F551BBBE7123E3C00AC560CE20C62436E8C3C54CC225EE08C0D74CE26148877689EDD004FB2BFBFFFBB984035373A7954EC5EE8591FE531348654514DB1D1C56411DFA2A7C212BE5ED9
310
1278F2851A432244C6822C29C85A8B320ADCBDFDD63BF71FD32648E7D098CD018BC35D7FE89E250EF2AC75F96C15271602687965C844B8807C6E7729D93F22E81D39ABD62A0820C1FE9F11CFA7208125D33E96FD69E83AF6052DD32D49FF0802CD9F9DFD39260389A950887A647CCC99BAB17132DFB5DED35138FB3A060F62
310
95AA5E195BF0BB56495A5A4A8FA440026E46A047D40ED2520A441C302D240F201FB8F7E0EDDB0E12A04D8816215A0579E8FE1B1281E9F19C9900DE79842E2A7CCD48E9876EB01C75DBA0E0C8D44AB5512947A00BE7CF5DE9E1A6A6BE43CF1A78783DFD5A404E4477336C1ED8B18908B2A847B2AFE9839E891137A6673BBB96
310
FBBA2A4B8E9373B001F08369BA11BE8ABC4302FD2345FD6014A127068427D007BE28B41D9B0D40FFB7EE531FA673C8870A69135B1CEEE8D009C08042A5B4EDA314920B635BF941E7487E45256439DFE9D276295F87E698389CD49FB394FE19720412DEDDC40E9CE9C6DD605E0B719FADC416CB15AB3A61F9B5B9B9426E54F8
310
1D8B03DD950946D432B40CEDAB7BB5AF11213CBA73C9BCCCDAFBCF06127C7980FE6D1DC9B4DF14832D6568FEAEEBA76FBF438300B541064ED33F3AC0B0D10505306FD370AED02859234402F6C3FED006766DDED2034D90D119057225EEE3DAF787EBF30EC51ACB4F551678BD6728E1944730C095F13E4D81A4DFFBF67C5BEE
310
37E62A85FCCEC6CC6C7BC77A5B477E22223ECA4FCC0F87E2A5E3EB782BDB25B8CFC6736A044DE5A7CDA604526361D650484FE283B77EFBD65D52C1C73C4F48E7D0D81ACF572F2E2280F98FB230508FA906B42DE240ED651B301CEC83DE1790C9FD96B6CBF986BECF3BD332C18EF627A0B6EECD5B152E02088D03D828AFFAD2
310
6B05BF671B4F9A09A8CE0CD2707F67F2A4B3BB75B9ADA331C1305BBAC182FB4A79820B7EEAF73199B8404C0B81231CDCBB871B80FC41FF5860E8E108222A1A076C29E6E03B6F3FBD4F1F295DC457573C7ADED636D6B7B8C88413DDF3B327E1046AA51040B40CB50C7E3F1D2E44DAD34CFA604029BFFBE714DF0C069908027E
310
B275F1F366C132E1A7450B04011CF82B2B647CE754F650FF6E25BF37AAF65B7BDA16CAA791F1D09F6CAB989EC5AB7809BE145FA459E8D3E4B0FB47DAEF093B946FED585B80FE1A0305FD5330FEDB4FDF79FBF6BDE81D8300CF6815E5F9896552412A03F31FCDCC7CB5E32365550CD9365FDCCEC8752E943161D78047336F8A
310
F6539840A1F2E764FDA2970999F205CD2BD1F5CF496571F76EAEFA0E1CF8FD2A55FD06391F9EEF8B9DC9994E72BEBEE1FC928E2F223EBA0FBFBFB4F2DF137BC894B8087643D64ADE6EDED67F7680FAC9060239E845FC94AE93D880F994FBF71FBCF5F66F9F32C292EA900F9C1E6F1105E81C5B5F58A067A448143842008D72
310
75EA3BBA3D2516FDF02FF79260020D6B3C714711F3CFB61BFF56A826E627E82256F7400FB387FEF23C1C1E77FD6A21EBB1B2B35F2F95E7760BE1FA3ABB3A981423477517EEE36FF96F122B942F6FB64D9502BD1B9089162532A2FEFED255028FE653C9F46FA321E0B588B7DE79FBED07C44106CC85133CA65190543004D01D
310
02D8181DDDA5A9C91A7110805B7875B689FC3902200FB192E7DFD936B37B57D9C338BD49E99E181F4E5FCAB2ABC1CA7AAB382CBC7D515457CFABE6FBC63D525E5CDF74B16378B9AD6774A58531912D232DF01BAA913DFB7D3AAFF912984302B84D0500077800D26C60A4742101DE420C610C2E92FA93056022EFBCFD5BB6B3
310
8651470CD33BD87630C05831BA864C85997B8754B05167F0706499DC442FCD22592AEC2ABF3FF13F950039BF159FA9B36ABDB2778EFF83F70972B83BFD3F4899E64DD8346AA495CB155A7499F2CE39B0AAE755125EB84FD8CF8D8E4F4E9FB4B72E8F1DBCCB98B31BC4607C2CFF21C8145FB48EA0F2159F86A3098415609554
310
DEFA7B27EF1301033DD06D274BAF6821D220DEF96FA4CBB60B3CA241C021D38E1AA76B4406B4767576166766A6C7F77273F5F395291BBA19F64F2E3095C14F3E60371827741CB27E89543857D6D96BF9A47C6A9A26057840332EB843717AAD171880217B71FCCC0355AED3D4819911F79D0EA8AD6DA31A83E36C5DC2D47029
310
5C011302387069158F6C9966022367ECF1D00BA9BB95C389AE7B6105A1FB640689033A7FCCFFEDB762189103A61C3A4FEFE0D6A6B5A19EC5755A443AE78BC5E9235B047890A65919A0D2F96AA3C01CEE913BB3ED239C3E0CD8DDAB99E4348BF3F8B977B6C43DEBEFBD7721A839A63B94C06A10DB87FCBFA3C2932F8C26F88B
310
6D6BB30C3C4E09AFE40FAB52EFAA1EC0316920E031A46D65A0FFE45A673432E907FBCF86717AC04F2CD0EF512D665FF53F05BFCDC43489F150890C60A8E0314E70A06F619D30D841189CA15D3417F3CD50191AE4396543F0C42BCFD696C58DF163F5B46D708BD5FDDA5E5E5FDF9401BC4F7E00E8A17520833D1CBFF495B5D1
310
CE037C664123EEE74737268B5D1D3DBFDA6AAD8C08DF2C0BC7A737E10AAB2A7B958990CEBF556CDBEE823CB09FB344143463C630CFFF585D330CF0320E921744A7918280FEEF981161008E9FBC78C830217A07B7D6985E83F9A79884ABB5AB383B4D7D788F9FB3D867A2112A43F19042B33A108690CF6F472F8661CFAC9714
310
78757F6E6F2F7AEB82FEA85E5715941778B278281F28C268AB24BDB470EF3303E09C359E9DF1CF990D8A096106E6A66C8620DDE7D281DF0B2831F20439A30D68386CE13E002F7EDA8D7806162B205D6A19AA1FABFD6B1B400EC2BFFDD66FDF7E8755B4883C043F43046C1326136680404F1F934EBDDFDD39CB58A98DF1BD78
310
80E0532E671FA1435E9D6EA5E9071000BE8F262E7C4044FD95D5FD526EB40A05A634775F32205C3D779FDC168CD5E56BF982508BF572BDA4F6F57D3304BE9EB18149461B12F760D7485891CA47CFC44909136FBF4931716A2E100123FC6CCAA6A644F25EDF4AC980B14039009BECE8B798BF69A05DC5B6885CD23F8E13A46F
310
F0C0A986D617F001C52241801E87C2974C31411DA3A5D7B6175472763D637D3E57C33B908F867F4A59CFCA7923375E5F027A983E18BD7BD4E6FDDBB2250C1529F4202EFAAF979DFFB1F2612E87EBEFEC58581EDB9AA95AD1D7C1905F7305BF8182D5BBB524D47C4E3B81CD843220DE1E6536497C0962C225F75A2D6A998303
310
B23FC501F0B3F736EE1FF01200FC8C99F5515207C9C40081DF304C0A17D06E26CCBC5B3C47459308178301FA8057C2C0AE9D99B05F038828B08400F2E3251254DD7EB8BC4853B101F99AB48E387457C96951E5DB670648BAB70A7B04FE93EEC5F5B183F9739C98952C6845C380D401B8FC86E70A20744EC720E09D35955D96
310
A9041720196D183AC2CFE6AEA816652D0234883D788BEC8F5DF2615261DB031C2381092401B48D8D2D870FECEA9C3D99DDB036C8A051058030E32190976718C89F031DFBFF2EEA3D88606A8A19BD0AE305BDFD12BA4FF46F1A0002B07137989C748936E9DB2C91F43B07E4E4D16C3779CF5A4FFE8CC981F07C29E34B7C012A
310
F0054FAEA4A6A3D49D3A16D2B3CF220A029003366663053C89B3FB1827080DEC2780076FBFFD8E39810CB0593CC68B5D9009F2D400418028B0BC6CC74067E7C9CC0C2690FBB084AA5254A12AF63543B35EB40D17B693F7E3464D5094C00AA9E04E0E0524F5C35C5EC6BA94B21AAF2440725E2A9FF94FE7A8F0E769EB83FDEB
310
039B631B18BF396F5C13CF89ACC02C387DA56DC3B1CD84B96CFAAA37B55FE723B611062258257D331F186AC93D8AD600B4FEF4AD777E4BF68F2168FF08C081A37AC13446C859964803961928476D78F68419390D830C1935B5C2A0A22A3AB17D3D6428BF12DC373B8D464E04C0A496BB3B3B75639DCC2500E0F0B15FB6F47B
310
5A7ED0183A87CAE8D535F2EDBD4B3B7FC762DFE65A07C30B2851DB890082ADC07131EEEFA3DB7DD5CD32C0860CA83CD4B7993A175F422A8149B1C1D94C1145059D9C78A8A572A90B7C8B1E3392FF77A80C50220880FF3669004E90F101740D2B808181455A044904674E7482CC3EC85C4BCE339404C0B0BF6A5611E4F9B815
310
7BAB6DE327EC9BFBA1B4557ECB609C1F45326499EFB90EE78F18227F09E563C9E63D847EDB3B68EB9C39E95AC4F7ADCF7D87F6752BB6912040281E4A0D8A8314E80D60470999B8A51FB1488A66A9F3F81FFA61C83F4FA6969E472288FADFD61B005E0EA4284822E018911828E868614DA0C36E11F3A051070BF2F0840E35F2
310
00E2C0C80A776CC9E7E6841C0503D0EDF15ED9AFE527E798D23BEE5F0604E58DFB7099D739BF0BA5D332EF29F1535995BDBD0DE681C4F71DFE6A7AC5A13554AE6910963E9ABC9A0DB5B202225545F5CFACC942B5B93C207352B6E5310BF349AF200175D7DFDF78F6D683B7C87E087FA9B35812C4F8F13452CED610A2207541
310
E6D659A739441F3833CD0C9C3C3DC2B0712F62333C4FA9327C9CA1124904B4FDE0FE21C119776CB0C212AAFBA5CAF80EB43772ADFE77CD9FA8A4144C54C2FB2304C65F62FC3678E4F6C68F30FEE1BE8383CE7DB86F58B1AE0C51F0F055E188D02F00911DDB0991832228B3172B3E623E513FF1734FF414A611A603163F401B
310
EA790FC9FF7FC3FD3DB02DC00184145B850D01D120424DC03C00FCEB7880EEEE939399F1F18DBD4AA54C939899304D913CC2D5CFBC55E50C7FBE4C0E14AEEF53D6843DFF56BE2D554637EA047D3C210E2C61077875FB5B40E19F43AB7470CAFE1C0D3ED3B3B4778D1DF6D4F837C08747180FE8394F2CA1E0A46B6DA62CE2B2
310
DABEDE0B1924098580FC16B369730E9E90541D3730D47FDE16EE1FFAD3419CDA05ED1F2715C607F2E81893AFC5936303F40EB776F1D808BDE393A3FA401E1C706E154C892860AD74A2949C409E28A8FB3349C764D13E4D1D3468952B7B1B35001BF41142CAD58D6011C8B78961EACAB66E9AFBC627673B61FFDA4167950A27
310
4145BF11EA17BA9AA60815C2C43AE1F648E3772E53C94E6364AF826019E723069A8AA353A3BF7FB5359281700061FF64C28C10B9AF0B70B0B0D30A31CD1CFD22F68C76DA1E44558869257892363C091D313EFA46B57C3BEB252E9C6BF5B4799EC58F1910F469E25AA17B343799DB3E33CF410061F96C6D63FA91B1000CEBB7
310
D2971BDD39A2A76361E000F5DBC1688D47CB812DD60F8001AF25B328D173A9E4BAC18CE9F1F628704330741B2649B92E9714447C68559C6CD2F681919367E4811100750058809D0230C087A89FF3C80C23C4C60882E481F48D531764BABD5CCECA308DE2F63D3BB50373D630796126803C2D1FBAC148F7592881B395ED7D26
310
B7DD38D7096AF98841CB37592561D9C6565317AFBE9FC4AF7371E060736C7635E0CBA1809FC80F544DBAA1F2F9393D970D44C0615A0C6930E758B9E63AE690F73045F0C8C0731DE9CD80F718E94652383458799E02C06D328010011C7090D8C5E5336A83D4059953877EA1E1D66FBE994F04608C4C991917230FB61F9AEE18
310
3A40AB9108D032449FD1A7283DD25ED15360EF7EA9303EDDC0043403531EDEAB10DFF87F5E2FD56DF0F1B701A9F614DB17FA0E0EDF6FD0B1622A81FA3D1DE5A33F551930335C353A87F9AB05C60455193448246944A232C5D07636D864CDD7A50D0B4440CDCC465D1C418321F50E1648D500294065D869559EF3C40C8FCC6C
310
323E989AD0F0C73142480B200842802C061008B480A9954AF282052B3AF67350FD0DD30D1F4075AC303A5D490250F5400ACF479656861E4C77AFF327F3EBECA4B57B6B6C8FF62602BF150744656A87DABD7BC6BED50527B2120C001A0B3718C74F0C65CD34F275164D7968148DDF259AB8AD6CA81CDA4E8819509B996A7F64
310
2D987A401A2B04018C01E6C169A8700F9DE3B489DB2BC49C9B7B858A4F50D22AE15428FCA4A1EDB20C83492690CFE361CC7F8C8066FFD0D77AEE797977F468A36E0B0DFC87F90EE6348BC748F7CB73B5B9DD5C6EE7AB19ADBF6DF359F1DC2A0F9E44F213F8041F64274C0859A2AB7C37440FEDDD2F95BE44065F22067E3EA0
310
CC3BD8C0D8194EAB291CCEE20B9CD8E02950AD806080047A279F19024C837C848816719AC4A34DF8F0706CED904E8185753A458A27E4C1E37B5F30A104932BE140E0BF4E400160F320B054A8705042FFC47B4940810173F9C9E97240C7FCC3F3813EA239B745DE9F1B1F3FC2F9330374DBD1A7B475923F9A2ED81716D18D1B
310
577DAAB9D1A0458655AD3CA7E211867AE7C702DCACCD291E0F798013DC01BC326087775C0833E04EA3778FBCB8DA4687A0255CA0AD210C15661E4E92001A4449031D1DD27D327334BE830B64DAD90CBF537A45FBD4E94A7A88888E715B7E74FCD040E818BDC1BF5AC609CCCC015DED23877080FCDC47BD8EF3A7B783A17D33
310
F3ADEB6D6BC7AD75EA7C7852C5B6FDADA6AFEFC2D181C03F8C40DD8A4AB5024F0B72E34B57BC1182472DC80946789AFB711DB7F1193C03C893B0345F420246114D3EA71D04FBA731C0DAB0D3CD311B218F0D5A15ECC105D02F3AC32F13600084731A83220040019B03180634B5923D438300B05BAC80881F061095FED5D572
310
A3323ABD83F1D37A2301A8C930AB3F66ADF7CBEFED30BAAD7D78A06DEB6A87F15491F5AB7E25842B6B34BEFC12C8A159F187C64B3CBD2356DE5FBAB98BBE9583F0E3280C0076DA15BF34C15238145742B07080B1EFB83382F9FEF2239D003541041083C5AF9EF3C8944DC2030BC3ADEDDD9D27475800693049E05413BFB3FE
310
B4308731512F13400D06F813368A0101D8D863EB3E75FCCADED124F532AD3F123F131AB46A93DF1ECE7F96CE9EB6C365C6D6A07EEC461FC919FE288AF7AE1A7D012D291EB073735FF26BBB1C99FB706E972192819B7A34BF22424BEA1CC7958AC2E04BFC8E02DB90A4A1DD04811ACDBC181037864672C78F6C0EC3073A40CC
310
49D5E813593B7002763BC6A909D31AC86F3F6E335C9E1C309BC58F16418642E2AF6B290A34FEDC0CFEE08FCA0F56700699CB73B9C99302AA17BD516D7F1FD755A2B32B3FBE7134D3BEC813195BD355020A7DBB541539CD2C06E45F46FC0EE08293E6C0E1972176D9B678340AA1A4823404EF79B1E2347E47C35D0A2260730E
310
0B513025DC0BD1C07E3366E9B9D17F767405FB531070700035618606F0B40C73C974CFD321B0C174A80C0F3AA54945FFEF348F5488895713E89B5C98DA501E06D8D24FF04FF0CD7ECD7BAA755A854EC6A180AD13BE094E8D5D63BFD6DFA5F5D3E4DB1BA18FD8473DC6E17FFC9832B71A2A94D96E808BB53F9192955D62C82E
310
282B05168AA0927D54AB20A20A74800B7CC9655C8B15F62377CA4C91641F9F4D0478F4FEFDCE273A002CC0A725EC165CE3A149F0333E8E9600B2C05A7D15FD831F0938DBE5D0FF13E3C0F0765965A0961C3FA86DEEB0E28304747BFBA5FCDEE44C23544F7BB7BF7A132DDE34F99E44EC3FEEAE92F667A10F7E90B0E8C6442D
310
F5A5318B0F816311DB2E6DC6F172C363FC800EE09186BB9EC82A24C0117700CD884AA42023B81EA6E0CF8B3056411110D78606EBC5AD5417B45BCC8E61EA01C4006AC233933E35D860BC1B6CB9C9CCCE7840D2E0C1C1FFC11CCE54D59300F2B47D66A10F09D8E24B71B9BDDF98FB62A3B897C53EC88D16D1FFE8C649B17BB8
310
E760EB20B784F52F992544753F2CBF642CD3C9C70D8722C197142C567E74FB431EE248A8F3FC00377F5142144A82FFC28AC2970A780C85A7EE9146FA4B2981F3C93BCB0F3FBCB6DD3DE69C72B6073B99140DE28B8E919D9D9E7C2F5FA99FC1FFD07E9AC0965CDAEA0A945FADE52C791EA989E8E7A21A355FB37E44405D171B
310
98A6E946DB26AE71DBD01FEF07FD378F5B4B518724481820890E7486E3FCE61A60E096D577701890EE07CA5D7F2B086040749FCEF3F81972E510A86359C9BB579883035887542090614E5C4461705D7CA1CF84DB564838606CF1597E8119790D021080C935A908324EDE9F60A04B7830A33F0670CB08605B8D01BF9A3D4356
310
93FAB4FD84EF6754930640C1F9D74B052A7ABBA9F502B39DA3BF6BC7514EA4BEC71D752BFDC198EDA8DFE8F32B3EF811E4576B0A2074B99B070A069F60173E7427BDF285024E35A4418B7A412914F2800F1965C4F1120A2D5D2C64400563D5942044807BE7C738EBF3034C4A6F4D70C04ED1F97673C039FABC4CFF18866E08
310
200BB66BDC9CCDCC3FFD1E43BEFC52C317F0F5E64900FBFCDA4DEE68768FFF46350E0EDADB7B34DBBEDE3776BC55599AF84E312229F931E700D04478D66A0D88D09B2276141AF0F8811C5F8067DC04C0F90929F7F1AC9CCD368488AFB965C97B855A3E2E93AE5B4866502E55991B82D4388614F2C36B8484A5FA06E3EFFA98
310
4A6AF17D5C2073299D9F12FD63826F67FC460E54030981684E9FBFC22009A3006962285FDF4FC84B699FB5BEF3736C6072F6844C15EDF25883037DE6BB7AFAD6AE164B367812FA8CFCA6FA25725D99AEC5C6EDEEC64ADDA2BE0056002032E1D7A20A54CF444E360D520A5B69816C0A953CE0434A8A898BF18E2B704588C01B
310
DB2133342F5404FEE698957C200EF54E31BE6DF4E888C9C67F5F3F1B41F922777E7FA6332677C20098C59F762F5DFE4A23F9801A3BB6F8A4F66E0D40EC867E92DEFCE84C714FC7CE8DD3DD3BDBF9C781B1C3B549FAD2C89D711808CAB100E09700BB85240374A7209212F320CA577222A7020E7824500179FC7096C714884B
310
DFD9499E027ABEB3CB0226CD293CAE6E0C41A6788F396606A073E28CBE5CC67D584D36CA39D37974FE1023253E3FFB007A26F657FFC901D851130DDC2BF54884F20D5D40A0B7E5C7BCC7CC87B84F2ED820192CCE1AABA1FF24ADBE1D03635B5B3B53D4A5F84120125FADC36A0E792D3AD7E255792CD5241A4C84171F110409
310
0017DA493D0A7790A7BDE6DF326180398E4B0DEADA5C2763825E43E05C388E184678C88CE6422606C017F030366981353DF03A753DBF6370879F79889DD0BF75408724DB53C5B0063AB6568D02DC47AE4627B58D7E367A6000267E7840C23A0940B992DB98ED1C4731B4FB4DCFB6D3EAFB6CAC7646F0335C5031888CD74E21
310
03380260AD47176D703960230370FBBF28813524C17FFFBD6288BB28E4F905ADB4A788B40B4A6201C1878BED224DE9906C4C79EF32EE679B9F5D3B5DFA137327320643909A823F62106CB8F9BFE4BFEAFF0FC7A6393EC7F64A698EFF8ACE31BA05ECE6DAB6DF124118D1D13F892F3D3530602E3F3ED3D59DFB821ECFA3D9AE
310
85B1ADAB9E328DE738BF55D5DFD039445AE76D0194180F57B15BEE5F09C07F952F9A10372BC894CF7DA12CF6507E2A8916E0DF430C519485C55D61EFE209912D8C32866214E121611E22A0B1238DB18E86636A3BFAFD5B4EE02FF1E505F902BDF424D0516907BFC95EF3A76B6B3872769D67E25B548F0DA46E2B93DFDFD5F2
310
B9E9EEE1EE1DCC7FBE6380DFBF38A165CAC73DF912AD76A4690D2B766A3EB4AFA2D05BE543EA20B095FB17AE3F1928D84482049B659E671A4763CFA567C08824913D37F2F92F841FC244085C1681225C04AD6DE1684831682CE0D6096B56101C0D4FB3A1BD3F11FC1105AECF5660BD3FEEDF162B0D9DEC6DB55AF27FC98050
310
BDDEDFF63ED14B01336053A19DE9AEF5F5D9E9D9F9E19ECDADCD497BCC57681922F327EB41FF681E17C1921B04FBAE371AC69E53F98183E91B84897A5DB164158BD1D12FF6F6BEF0E02847727BF2628F9FD48B6FB11DF6928C868B29590A0606F92140D0C08850DAA7DD8A5FE8A50389F61288AEB743E9C801BB67DBE0A7F6
310
4F63BC87770FDF57AA73FE1F5A84F8DD3AADDFC32087FBC0A7D645C327B97D65E7A8BBA76DFD9BCEE1B1CDE3F5F7CE4E6DF4013ECD7CB60BD1239E8A4E9A5722AD9C4FAC8F7FF17B214AF8801950430639A08E3ABD05A0D94E253BD5951C885B0CE750309070555FF21F2EF83FF53F4E15038B8D8A244740A5C9CBC120043D
310
A0B323FB1DA0A4EDA268C05A304619505000BE10415DE898809DB6B66896E60AE347ED3D6DC707CB7D5B5BC374A158EDC343D0EA61C217D4878CBBDC1D85686782C3CF4272E7DCFB5E9EF628F5A95AC1AC0C6848F5771329EF8DF2BB79EFEDEC8DBEC72EB7F245287FD4B31008AB38EA4D52F2BF57167159E3004CD8950E21
310
7DDD6F699FC763E9D1A0AECC701F7BD4430A3E030374066938F883C01DE40E7DAFD609345E33570F4CE6BE467FBD7F793B5AF2A9D331D86DBA7BF98067918F9FCDD609A0384B523F4413B574B818C6889FAEFC5E7B8F90CEFD62BC2C85B2478D54DD076635BE434FCADE68B3ECF1C8708E27863DBEC352D87BCC7A92A8E135
310
700CDE65BC114026DE5DB68275E656D2C0D4087293D43BB4C9C14EA83C0D806783B40DD7CD4F19EE9F33801F55A3F1FD600017A6CD5DE607783D5F74E34680E7DAB98D99F6E5B5ABC7F7DF19D8278322F6A97FDB2FADE1539BD945DDF868EE2B8B70D9EDAA45D1BB0A5801198CF1DA891540474745BF0317F8A3703E02510A
310
E94B084221F887FE950272D62D4232781054A87C58D015CD45EBF9B70E60820A2056E9D4D619E8494BBFA68B61EBDD8CF52CCBA124BACD4A4077E8420A7F36FCDAF661E577B792A7E1B7E337C7CF1FDEBB3B49F501F3C7366C1730E793F51FA20A9C3D2E9F18E63DC277449054CEADA36DA0807467D45F8A744E1BDED725A0
310
33868703F1392BBE221158220588F30574A0B0893D0515B0B7C404AD0E7F40C11D504C49BD7DA39A85A19CD7357DFC966E5D92272FF06D59CA5A6A1C8AE30E52F1247C1F1D78F81887F9F3E387075B170F9F5EEE4A7F5BFC69DF02FD8795FCFFAB472E7C88D563DA514861B85BD41594A75F5E866BE69471110A9F75C8609C
310
7E6BF6C7C727431EE3E9E3773D2378C25226E82C08104A57ED273FE0921D6990E02B006BD038263BA360355E8DC446A380F0BA35FA9945A80CF60DFD54054202F91897C241C147D59F8E0FC67CD0F2BF377A3463F8BBBABCFBD6833C57E214AC3F5AE9C2FDE88852968F20337972C7E04EE5658223008AE82D93BC37D8DDD9
310
00BD6B16EF221F0D4149045D740A8A215D4FC186C658E01994B8CCD317465828704BB630DA2243B3B4ADD3EA554A97408454148C04A1A0CAAC2E04033C04073851F54380E0BF2DFFA43FAD3D6B574F2E1E5EF6E5F4FEFBD1CA87C161FCBCF5C7AAE2F726F814027BAE10F79BC3D765D61D1803952210A9AA07F8C6BB2105B6
310
1145B324F96014EF223D4A9261080239F03FF6F4DD4975C183B887E081F7A467A25EAA0C94028FEB808637768B07400A8235D4EF33143253198900E079E3FACB0C59B00F827A5785A6FFE2FCF0C0E6F1714F11CDE5140D931D707950631F3DE877F300002000494441540ADFB08704E252AADE1BD4E8DF55796A32B9B6F177
310
37C67702E5C638682737286CB0E0A89B624D5BF28222432848C9AB8C07170C97B814FF492A61072407D638006F7C8400860444C01B1930A522788045633DFA9507267A3A42BA05925BAD705CDD3792FA23C1075C6EE768A673919EB6C3FCFE7629B7310AA794CC9C0D14A1FB88F95C845BF22543F57996E0B26C9E4C2ADF18
310
7F979F8A55F11B47BC26594C52588518D25E6C2B1CCED231EA1B748F093E5726A21A54C91EF95789041030C20FD5AD68613432E19A4D0DA2505B6BD843516E10BB00AF9AC315EE9FDB39CC1F9EA59CD88F9CD071D470C86C4647FDEDDBB1CDAB81DA94034747A779F4CED497CFF817348F69F52E55490840E48840BA72DB71
310
F3E84F6DA2F4717AA928F153DA6E4C7E8E00363CEC9A2E1C8E65F298FC4A52F087FCDEE5CBA38A80CBE11FF7BC2AFF249203FFAB77A128A001B1987BD334AD9B901890A8C2005B6B248196AD09C0025ED841325B31845032E327C531C839E66DBAB39566B631C2FF0A1DA5A3CC47E665AD8751B47CFE33899DF047C9F3C365
310
E3B11278D49DF939298E09002F6430F9958803309827A7C791048CA070061B7E9A64C557D235F83EE24822E5EAB805F9862F20FC58F483DC0EF02181F572930205107E00E523861895A2811309808F2B6C14B2AA579E893753C155D2F54302007E9FF36AC5FEDBCAD47E182D91A73920CFA5C18E01F8FFF4C3F1FF553BCAD0
310
E58DEF85DD63B91BE38ECE1A9FFC4AD4A1FBA30D462C328C5A0340DFD393D3D3D3C0659195C96990F391EFF4175213BC74C020922D4830FE215E76940962BC0713A3B82784C0CB6623DC40D6E1485BAD454F6892200B225096127FBD82D2B12006BAE2E329C771E25FEBC0DAB3B5395289D56D7A8A89081B34EE06F80F819E
310
FE75C67DEEE95D227E283FE98A7B9F1C97D2D05B4D07A469153C3DA3048EA68FA667A6D90E291C7D7E2D063E4D044964D055F2DBF3E31BB851AE9F78A0A7314F0AD24901F581D74A6929142039C65AF5830D1C809536CDC05E4BA51038F79D713DA930CF18BA3010E385351CF47F74D439BCBC793556A1F99814926AF12835
310
E251C59BEA3C083EC2B2760FEBDF4304C9EB87B35769E1EB24B648542CFA4EBA9EF93CD42F03C08F249A2C98897D8E2225E90077823F4A52171A61219998CED6FA050992B6B0A74A2220ED12123004FB977084208F8E2AFC80F456CB110BCA647A3A0F854085D84FE0052BE31FFE7F925610BAFEC06FC33F9931BF063F39DB
310
3D1BB20EE357F594045F4226131578582CB055A59A073AE0413989D215019B6EB8A21CF154D71164E0D8F4E730C2CD382D098DA5261456A425643686BC8301710F2C50665881399156AA2B4C3191BC555728384800CE10040F746A3D8A80A5F0E500A93456FEC52833BBB45203DACCA37FE1D3EE4B9BF0EC27ED47D89B8266
310
F11EA2DB8B5A8BB93EAEDF0C06B7AD0402B9EAC6E787365535AF19F15158308A9D9785C1BC1C01377F8C6B4D07B50DAD25649764A91DC9812C7B34CA98184084F7C01055466B48058CD44085AF26648520C85C41C67805462D8425680425559F4440F3ABBE1F3F81B1EC72708767DDC8FFB6465796C8FE310FEABE0C9B242A
310
74137EC3E0427091967023299BE5D6D4D0C6D15747DC2AEA4ECC57C72856E827D33CBD319D70FF854369EB841282F84B7CA4881447ACFCB257E252E00FBB3272120A75B99119840858486615636E0E0334031AAA8C08A62E080053A0AAA4158431EC727A084021D41CF5D630C94184F6FE7432E8F5F9A4FCDF3EA7CF136FC2
310
988093F98ED622E38E4976E1BF0CF49D2889E6DF3566719FE1F9B47A2D3BF89C69155DCF24F88C609EE551160F0415900B4C48FB013D8900A9192A700748002924771A3686A0A580FE4009E00ACC090253E280B90AC15048E047020483A038A60ED232831F2CC90498648690D960C48E439F18F4DDBEB0B6F5AC7B7B89F623
310
0243B4FA160A7B9327F3AD5D937C8BFFE5FF8B3A5E64283BEF8EAB9F71159514CFED62DBC880614AA1F7994CCFAE7D8C87057F451733699B8DF87056E1F0654B5021E38097E4E23221B810DE20559AD183A61C2C88A648DB096081E9801CA00BC1DA0124E08DAAC15FD2936905CA8DA1C40E42B13F1764E0C4015EAD7F8BFE
310
C99A310B1B7C0BCC7746D3C0702759C89EAD57122092122D1F857067684A578F1DAB7EAC400841F493A468113282FFE42316CC74C756B1C880FE78795C692813CF4644480EE9B02991BCA257A71861F00666D9410288487618D120D0E80D7773E2B7DD180E100EC98B221C94BFC4FF531A09B986230F1CD08378A8E4D0FDD7
310
D9B1BC75F5C12EAD7FF83F3ED19EB018620303C217A6A35D826E72ABF2D8E2BB1B783F6E48D2E3F360806E1D192085D022103473A10375B63853EC54F500B5B064DBC20945B88160DCF7E4F83A0200BF6FAEAC88E9F54D22D898E43F378D20B51B5D6B1457000922202800DD401A9266483029C0D6D57ED80D42A0E6E08835
310
F0F3AC73D7FAE6D56185F04FC44472B854EB7D9CBF7134DF3DDC35A9F6B38417DD6F508B37C1A718B0D054124176F7222F62DFB327F34D451799D56216880193254FF782D7DDE26C271BF38C6E422E271CE4AB8823C9510F021126A7A944E00DB4031D013C88EA0746C96D4574069BD5439C4110403B40020C30B07A604F1E
310
41D19C21A93FD9002DFC35F23B1E7B98E95E38387E3603FE7393680410D702FF9ED5A3C5E5CE68B5827D721FA78F3A9A0C08A79722D9C9B418F46C0057BB1640C70AA4A03D29CECF33987596D53CFB27B32C3BE304C540E14BF8464E080918268D254838C91A01F0FFB99154FD8A9C0495EAA6534A6C464440B4A71E16100E
310
7405088122A35F7A511DC003D002E6C8E7E15F6D1D2FD09014139EC11FDC89394621F77B9F88EB5A583C41E2FEDBC8F82334494C0BFA97FF3C3A34ADE60385B60E5A30CF036E5E75370BE3B83AE73B3B7DC0BB337DA0045299ED0C66681E4AE223D01B1BC3BD4C921E2005FEB5114739040758189BA8A320067B62A3995E47
310
20055065AC2B4A8006BF8CFCC907C0063EACE41813C5F017065AD46CFDC6FF1BFEE052932CA3478C8E5A6F25DC8503D40F61FC1B047E4DFFE8E84407C81F1AC7B5C79DA358551CD0D13785A9AEB38D6EB68A0A8087FC6543E7471082873CDCE5CBEA1EFC5CC0579469E225428E9A43D6A6000B4219DE52E8DF00A55F4BF503
310
5960661C2DB88AC1F67C2890A93FC420193C8326409E7B595FBBBA9AE1D1511B3F6D65B09AC10A71C2317201A603E88C56CC68C91279E83F5C147787EFE6C675F00941D23EF092920330982DF38C65EDFCA89DA98E8ADDECCD77CB86D85118F3DD9884820B1128010D02F1060F582871CC8FF42024C02239273A1CC3BF71E7
310
70DFB7E96081682803188118B50310BD620234F230B12711B063E0F0490FCDA9248B580D3D3DE944A30CFCF2A1E0F6E59E8FBEA289CCCC943785BB8880ADA9C2FD70F6A13F5418444E3A669273C006C4B4EEEC067827539FFBEA9CFF04D84E7F170480037005AAC8829084329899F90B5E013927F8E646514B4824B01D11F7
310
2C012CEACD163B6358A4454A4221D06E68A71062520649BF9E9127D0772D6E5EADED52FF216BC2FC513C7D3C5CC4C8AF009811826AE20203B076A2AA66D8D32E317DEE0EFC000FCE16D9E0BEB17C74AB009256C5D8AD1CBABBDA61402612C675FBD72D07E633B1A42F2421208CE01397560811204306617A5141706105C9F4
310
984C459F2D0F6C392FA05BED808512B0B9A8A9FC6CED89640EA347D31F0DF76D3D9E61E800FE9F7601BE4C9614A1C58E6C839F13A12D0EB426DE6386B82369A9E6A7F1F9146EB578A2EF4289AA109B4F6CEFEC0463E0072A05CC9DEDEDFE08407B173B8AA65399C80B2911252E6290C82CC1B8909140C11B7AE161B42B9390
310
5045D017E00CED6D27AAA15F2C2179F1E83D411A7020B9408D202381E7E5DEE5A9E7E5CDE3B186433F488AC81554BEC09BC579018ADD1DCB3D9D70F02B14BF9159A4DA376225FE43DA224FED327941705DA582B2FD1BB5DC0540667B650BECDD1D5DDFB0C7F36DEE2B94F6EE2EE4E426F20A1174C31DF153321A24114C4FFF
310
25E505475F6906D4149B21F1BD9D9DF7B059F8E0FD83323CB97991FE80EE131A9003B81C491B218B1D42C0C0D593D9D548003839DC29A740298B0C23F0CE14BB167BD61989AEF0B985C8FAC8F923A73F31953989F0F6C96CA6C4D0A9A88184BEDBBBDA3BBADE77CD8E2FFEDEEF46184A86671D7DDC51417477BE9F04804F30
310
5AC82C2D018A21EA903866A0F959FBD4139916D036635EE03DDB7408BCF0627A03027AD314C09B0A27F0A79490D53839D0DAF1416995CAB24101FA63F75029D57A4CBBA9FB4D120ADB17FB5A999FC9420DFE04FA670430B90FE7F589F7FE8D50A4B5F004CE5F07EB4EA007F8AEAE8E8EF7DB3BE2F81F42166C7246FA9E62D0
310
2C8209BA1024414C483498B50229FD923F2414040B2081390AAC353B5283EADA12A30B1080866D746B9ABF5BC107F33C2A015B275480759334B83AB02175EFD0DEC785DFC505E0064F4EBA5A97073A74C5C9FEC97BD25D819E28AEE661FD2732B8BBFB1BF13441B3C1F45E8AC1752BBF80C113DE960E0AC7D9D02C58C80505
310
A19BA0E84B14402601A590A4AE00A825E98C3212342302EE10FC5100681F86834A2804BC409D70270A2091DCE874B16BE0706C974EB3D26EFEDFFCA6C4579AA4DB781708469F055532A7046C6BEB0CF39F3ED2EC4FBCA3D00EA91CA68FD2B87B5C191E0EB2C300F00A1C9881F263571C6CFD83D079D09F176FAD839340CF03
310
0F70458F81F09AEE1329505150CA0A00576B56C06D58070B23086F685E44232D9D53DE3FC3731044F286D19F459351863F749F1104198D6E14BBC68E17CAE70D7AFD958E350BEBBC70C9C4DFBA075240DA27D40AD7DB063A097DD3F041EDB3E4B682A7A12A548F3393DB01945547175879989302521EEB1431B08759B632B1
310
74E0F700E774FCA1BB83F95029ED1A084288C8893520E49415E00DA080AE8027C34206D35491D050A4C6B080F6A20889A2FF82379AB6234F6710C05F9080ADF002B9C9F9C583AB220F45D618D7E7F7547FB27CED8A8B7A7D24EDA4988B0C1C2A1AFB53FDC61BF3DE50D63C560F0120B0372F0839DDDAF13E583B868717C1CB
310
8CC71D1D7F440CC82184803144196EFD58BBE00B7EE77DE8C015942357FB06FC906A5E2B8882CCF9FFE184B0035A5CF186A962A63F84B3AAEE3D5A2C830008807568B6A9F424086D2095A3E262DBF124350082C4B5DF4704A9D2C93553DE47BD6766B69349610716999FA25854F759CA9792599D3837ACF6247CE8597B0F96
310
0FA3EC45B61715050260C5844FCCFEC9666BC71F875B17E3BCB4CB151405D7D08F846B4CB952248B4603CC402B609E90F0044A007FA800EC46D07A51232B00E5683C55D5096E1374DA4FCBBDE2C25A5B8D26008227CA7758033D7D70DF12CAF7F247939F93F1CC63047D63ADA0B7CC8771B234D8095FCDB577B586D1834062
310
035670E204B245EC093FCBE15626C10D210CB38A13F50E10A0D5C0814B0C4B30AA9858516001669002229618F100767AA3D6D2528595FE7A398C2D2300ED0013A0AE60B91644A057327BD3C36BEBF48C91279B45F8BD145494674AFB211A91977CB838DF35DCB3D6D6AA2FB2784B591ED785DFD7DB77747DAC9D2F7674810E
310
FC2895F9ED8007EC7885101679C06F21E4B1C8A6120956F80518D1DAF1717BEBFB5803E20C6F2A11B2E48AFF4AD2810A70054623E341B3D1ACD92DA91150DE631EEB2C28882D092049C0DD38E262A7BD6F98549930C9D44B7C37028AEA9F8C5628A2BEF5704C0DCB2B428181B1BE766F43014498D2E57791E4C8DA6BD2ABF5
310
003F0C40202E2E32EDFB02852D16C30B7F646B98FDF86C7891690043128B0A0DE6B4EA27F08C30CA34C9D0AA0852A5997F8D11A6EE84E040B20472020256F4AFEBBB74E6705A12083B249089218E6452C8E5A69717E904A3F5EF3D5D08EC1F4D4E85086B238CFFC11AB9AE972CB775616C6D1DE04DDF073B4DE3747C41FBAE
310
6072901CAD0237100670C5A00C2C3CE063610ED824826C1F6650700E88C00B62468903A0D71D3A390255AD7040048348C56C4647413C2C2561216E0C469203EF06A5B101AD40D0E207F78B124747DB5B4BBB4E88B1C373C114E0470B345156EDDBCE1B4DBDF81DBC400746B0B54E05F693707B89A5E430982C2AC7D10DFF11
310
D5B102B9505034B35D07E8E5F585757F088B390F2D4C85CF7218E8418BB4F25B885053D07D5A908326809F31D6CC6B77CC948413B28664484439D118DBAC27DB5AC40C1AD166F25E6A2F0AE82100C0BF220405323E1FF80DFC518CACA8DE1003F3C9FAE9C7B2D60703A0004F8EAEAD2DE0F5485452D15B77B4B67F4C2403B8
310
D8F9C533558ADE058A9E177A1698F75DC0EB4C800F74C0270178C8579C1FACD025F0560844502D2BBC01E620030CB93636C1041636A693949CD80139FD15BE107F905590A292840F8860706D07E2970A2F15E5B13B87C3143CB2930374CC46A6F9B9D7A5CCCC14E11B9E879A49FBE27ADBD6DA82410FBB94FAA8487D61B51F
310
4BE0A03FD08743C31020D6628ED20305A22C2C2FAFA7ED1E7881C438AA5B9035F20759E243C51F34D0D5F02F11403B9E204CC1686C0B6C9000470561519CBE1B0E4FBEAB37A39EE4B84C05F023858779341991F36D9D9F351E7BB3B5ADF00148D9D05784F9AD8B037D48C01BFA83D4247F03BB768BEEF973A14E610090D4B9
310
6B1EEC5C5E66928F28EBEB6CF578B067DD83086081579848E60DFC7684044D8174993C39F886043481F6A2B743B18749E52447CD4D230513032D20D20206E536E15BCF7B7D211634F98FF9986287F33F9A94615A5A0A7CACF8DF5DCC1AC6EF9AF1945EB78E0A2FED1DA2ACC00EF983F9A012260BD722EF61C9DBCDD8719703
310
ECF839029010CA0B9F100B1D2842153E01A1A3837AB579516A31982FD2908A09100DAE591016CBCD4B011A2F4DE299E1338CE065DC4841BF9895D8C81714800CD08F5AD39601BC929B55D291F6CDCEF2AB40DD5D98F4E6F107C47AEE4A09A079C05316F479DAF4C2BAB83221BCC0CE23FE3D3D4C7BC9AB673D89A3677D6020
310
F6E182332028012FA0FBE0B2668FB85485902A8E7FA0BA2105C213E20BC2169211A4BABA7D693C3F1DA961F203694853137073AD5CD25F1C017DE0477626D7BA55B88F83B5EE513C41D814639FD1BF759171F4577D3CAB0C3DFF68B2D3B1F8478C18F67BEBB2598FA76A4545E9E961BACF657E0791D2373030E0EC9FAEDD17
310
BEA7703A738185D08236C407448A4CB504CBF01FF43859D3115488EA01B55078000DF085911805790DE1B41B6F8CB2889C3834FE02AFE07D85143C6C008438A944EA63E047023A7EF37E13B0903AFEA7BBAB9579330FAFDAACD540022980B65A75FBA17D388F1E6576405CCE7032D95BDA420E7DC0EFA320879E5F8B3B04C1
310
D2D9C1114210C19FCC49DC6A855E12010184DB8968109ED016E4683CD552A36B3AFA13BFC2114068935A7E774CD2C7225642B73325938052D8634ABC18DC9442BF9E0402E85B42F9F3273672DA8E8F1070405D1DC3248487574CD98092B8B956E6AFE1566530B78FAE05B4A0DE51FBAF85DD075C7E11939F80E015A58D1F87
310
E400CFFD2306C4D1D3C634380A201545A92BE01F445800BE12302AB477BD6F62600D211232EB061448A0D2B877BB940D63D059C37E0569A83DE93E214F4BD86209FF6F479C640AFF8AF6D1BFD987D029A94DB7C329B4184D4BB013BF912FB88FEEF913071A8D82B651BC10DB067A7EC52FE1B421883144C00F64FA23A11CF7
310
08BF16CA59F18D4C04B8085964B2D8DA4A855187000BE440BC816FFB13374640B0EB1D0998AF38A1AEF503F14302E2811081FC12EA6CD38A63B33035125F40F170C0B0AA45E9FCA38FC6D688D48563B5C4B4B7C359D3C7AE0EFB16ACD5E2FAA47EF8307044B4EBE1C71E84E742D81431FB06B90B600B9C239E277A57C94C42
310
7EE10E7826980C0136600D916A06058CBE8604DB4D314FBC014EDAACD0820F14BF75449B70339490FE5A0491221BF95F949DF1235380E969AABDBE2D32EB4403D3FDF17F42F9A0A7C28ED75BE86BDB7C7EC80C76F86B8800F77B305EB88F00A4352E0F8089EF811EA02A3DF08F7DA008F803BE4B4EF5F41E56087099E92070
310
8C3D720916444440FDFA013D4E1201414123A09290F5BD7AB729298209C4306D007BB0829FD4EC3A6D7E4F00B67DF38CA0764F832F0448E58439B952CB4F70DF964AFA74CCFDBABBDF273E2FF4F56D3DBFF2A78D42FFF2755DF307066497F44062AADFC0CC546F6DCCFECECFA232E14F408F05477D311B683A35BC245FCF8A
310
5CD2AF20022C21022266905A5BCC8B20235D6FF04019CC04058AC80023662E25F342063165956320BE50370F2A657BACC817DDA3DDD3EFE04028645780A768FE38DBA88BF2EF3ADADFC7FEACA952E5A77568ECF0C971DF32BF1D24F8486B22A649EC81B1B60315CBEFC026091CA45F858D7D04C1B437079431E63E38F88075
310
8842E780A9E03791C0FAAFE10012588C3C592FE35461A6047802BA18686887023A422A49599399893103942CF6DA53A8E387825FA0678B261F139F801E2B17C901D0F5217E07AC2401A87D0480F753FBED44FE949C93A1D042B879FCE499B3D861AEB23F9C1F372F0C24D0B7D6E70FE1AAF60F84BAE642D82F0A9F53E22783
310
915518494FDBC0AFAE7DA282E5050B703570E06319A015E00D693A6BEFFAE493941C3B08C13B96BD20D0115A9565701DC58568A3009DA13E965765C03091F0FF339F7309D44F6E61F837F1B1FF920450EB8FC48F9B40158BE89C81A597CFB0DAF5F5755D3886DC13D4479599B583758CBF35663AA234F133F91D3BCCFCE0A7
310
94367F385C59B19431780F1C099131384056616E15A1563B50021D369C593FB292685A68A8B2A50A0A2085CF05434617E05FC24A6B077B990014421A68401AC4D65788EE25F737EB780D08A6E38F060F2ABD889E1B889C44852C2FF368C1E3E710D73B6589EA83F7417B341ADA1F639A23D15298F087AD0326410E116C3A1B
310
325218433C71AE62C07C1480F1C045629724A076A4BB8D622D24690486727F56108D07046DAB065000678E04C4F8C342DE27F4AC102D854F2D08D59B4ED0E4F697B0FF62F113646BC5B7F3131D4EA8BF8B265EA3F2026E7061B96F6DF3D993276B2180B8E57067587428579460551049049B074CF8B1066C7E14C705F0B392
310
98C0997C17F701097023BAC31081390196801FB0C2A12380042927503D5A01CA127F9841B460310639C674BC8CDF1A320501448E0068905B07F6E5602F8C1F07786253438CEC51AE61FDB25FF71B09893AC026A9EAE3F30F369F5D5EAEA5801FBAD3C98B38C13EE017B054F81A56F05259DBDA64FE270B1FC4C77200FE276F
310
E814B916E222575ED717A62A92956504605268408CFE13FD61F84252228376060206802B9550F00B9D47E6AF1022538A752CF4FFF1F5931384A9FF8700EDD4FFA2B93FCBFABB3EA6C607FF714B0B8B04EBBE83B52B246092AB018C0D0002FC490849F1E214AE6FC42009D6D86616C835B65DB9862EFC4480C14137603C3089
310
D0A5588FA27E693DD184131BA4E88C35045ACEF1CDE1A82323C20B842F2419604821196EE8185BC834AD44F8E9B7549A32900196E9ECBBE20FFB4706861AACADBBFD9B56A23FFD3AB8BFACC18B1B5AC0ECD7B6AE2E2E9CCD2BE8AF1B1BC3A813B94107E82DE67A42E7CC7D4A6116700B5B2EE3C338A09B840F07C40A64800D
310
7C605AC42B72227C4C7020AB1F20056E26F542717F56534261DE3766AC10A6ED2D006DD03BA9DBA507AE0510A8B385C92363B9154167F1230C40D76AF6F3BE0CA08F8BA2FFBBCEFB09D0986550E0F0EAE2F2780CDF850CB0F88CFC2815FE87BD83909F474F45DD47F1C821DB2107A8817FD45384F57891B65F2543D0C1E20A
310
89B4A8DF806862AC27C60F6A054627FD344250718AC0FA21CDC4E28DBF2650D1B39D8B8A420C348A4F846E2BE824BF8C45E1DB8EEB52F576F47A75FF95F90FCE0FD3A7A08D48D5B9AFBE3EA658E1676FE3372FB57F0AD8D70ED4AEBA3D4C2BE0AAF1C3AD63A6004D12900CFC481A47430C9EACB390038642C8C41B13303166
310
614210592736B8603AD4FAB17189DBB32F3915F0C380795A089A15228460BDE8E52203527D41B5470901B088D84FF8B3FE2BA7F4FD30ACAB3DE0B7E2FF95807AB0010FFDE3A048F7360F9F3FB9380EE537F16F8673131325D3351A3F664022020811A0FE8C019CA17370725CBFF64132025DA1BE2555102212E80A907FB43E
310
D80A991A8AAC183932C19AE17524B06590B6AD286EB99BAD18FF4BD64BAB519202F992A963648ED30E7521F909F090C0213E367A77D8836BEB6F34D92EDA624183070248351F1A079E5D3E7A9EE81F2CE6678F92E299EE312B6C0572C0A7B5EEE07853612403813152C7125E2022A20C18F855DBAFA399817FC97FB6E1CDCA
310
31D348434ACD0012F0D32A5456B4007E6E92D72B1A4E9971223A42C1042819E4049C0C5801300C0013FA48F8944FBAE71DAFC27F1826FA2304ECDF3F6C10FF47D5C7E49748DDD687DE8E91C09394EE0682A4F84CFD6067EEDF43E67EA46CB2F4070160439245F00343D03BF25D7E2F26FC400A896DBF19FB8D4D0A66DA669C
310
3D608F9CD048A0533621B25690EE19D5D15248E390F042B12C682511B02BFE3E5700E4C9A9B2107A8F45248FA48234FD23005ED1F4EFE80D1320836F04003BF42856D478D1DCA3ABEEE3C68F9F30C3A16E5C238EA5DE3FF37DACC2F8B7980033F47FAC34421EF0418A045394802CE032D61C70023D788136788613887C0011
310
A4EA316E005718AE191F8D0D841B9C679CD2FC478442D005429166F5A24403B1E6ACF3298F388B6D0BA933D92339D48969A5C11F09B4FF017A9900A4F887010C474717E10F36468032FF33F4AD610517777104CD920C3CD15FC5F3B3A0C75BBCA3B00F2724863C10BCD4A0E00736C7981F2F72E4B001438B99714FCFAF713A
310
2603BC710376A1715FC602022202E06FDEBBC680A3DF1C4C095A12C50B554FE7623B50374FB2129DDEA4C392C9188077658C87F55FF92FFA507FF03FC8DFD3F31BDAB46DD51AEB03F7E1B38B8B87CFF47EA1479C3EBAD5C6B382C221C0F1B358B39D76D9D3142C4A20935F541E492E0EF081BA41B3620A8E172B584EA14856
310
32E22A8221CEDAC6110AFA4B6D43E2B76A18AB240BB24337721C9321D2C033B2D3E2641A55A400A28403C12D1DADE39AD23FC5FC08C47A64DC3FF6DFF76B5235124022D7E6D6D5F3CB870F9F31C96FE477FAFE54100068A3A87FA5908A2C08011CF31309C10025B089FEF9C510522B8DC07C30AA469841723A10C08E27F00F
310
7FBC181C083F2809EC3B2B328E294AEAD5A071B3A95C81D2DE3F930372D022C9C793535B92FDAD5426E90490C3C81D000017C6494441544698C416520C1C40C71FC204B22448FD9303782FBA67089A1A7D4CE38E89050FEF5F1E078A4DCCFADA058032C34C1CBC2E1202B1F8962B1A8024F0EB7A11F209E96FB369D4B64202
310
FE7BA230AD24C46413536EAE955B341B726C593B5D4630C0BE822480908522B0D85430230352618DCD4F7BA6D568BF4343801480006658EA3EDCBFFA9702B4FDE9022163C43F9B72B58001A23FCE6F0B3FF0E4E1DDFB9801A6FC42FD0132CC1F2224F89933107AD30B6C9131A53818AE944BE25A70810821C38F098411980E
310
46D108F483DC63F49B91B852351604091D60546702F58A3872A1716411B642C7629C267E64E77719F46B0548FD6BFFFC86A38DBFADFCDF700228C124C8664FAA02BFB1F92B09800876FCE4F2D1C3FB4FD0A44E0106A8DB8079751CBF0BD9340066C3D52BC64706467C05B5A54401BE4A1B0132A55EAC1CCCB10D378A3DFEB9
310
812022327745EF2102886A9142C812A1A2C9708027BB55B7006357459F9C2080E0BC34489FC629510F3017B62D5073E2A2C64048A0A42580E413BA9E08274091A398EA80B5BF31C87BF5ECF8F1C5DDFB4F22AAC181F070AAFDDAE5650C4000516440D8806786D874215149E69ABEC43FF0EFC820FEA112B0522003C84BE03F
310
B76623513B6D840820358B084119B0CEC8C00AE888826339A54091F5FCA513AFE147975BB1A86FC50618D9D74502F0C7C8815AA306602FEE3A5E79E0D7DED1B221001118B73182CD439A092FF801105D1AA14E1918EC282F6260869D55108065988BD67F68E5581720A708051F7C8070F582389C682BE53F2AFD85853F2A01
310
3D21564028E06E79B7A71E43212180A81541EBC88F451E02385100491AB0C4A3BC5309A95911E66D04C0B448366988ECD204C2FC930F8CEE8FA410EE4C25B58DD1B6EBAD83F6196670F7DE635282C0A56A851AB035831725F0471A10FE52097089C80495804100318405F0DFC2136004B4C40705EC9154315129205EC35793
310
0035688F61AC02188250CFA9A980233925F16A117A48CA54DAB6400221976B75D863330942E20EE3B00B08FBB71AA813B0E502FD2B023DF70114E0D7DF2E2EEEDE7B789504200112075478F2FBD6897835C91F0C20782401E801A2F9142700B74805703426023A81CC0BE88B537D0003E0C5181D29EB8D83050964DD258091
310
0A1E7A8138F76253DC01DC2F3824391AD748276C0B0CDF12366625D038603D0003E0266CB42704C8CE7FA7F11B4D59C0BF454A78F8FCF1E50513715D469607031272358F04E0003C90107223A581218F10008B10247CD20D860FF0BF48801040B361808148714764028EAC137E871501EFDD97C89B52107FF1235B0928C562
310
530082573CE137840EFEF82A0BDC602736C595912FBEC69E6A3A26903B3A300C5A098A9E3F1810CDFFBA019D97B4E7A7A075850F2E92569BD960CA7B8304995FD006FC4213BB1448A6F4BFBB3A9F9FC4962D0A1369129B10073771FEDA38B1737B663A71C088D8848027FC3008DAC4E4397A6F76271DFFFCF77D6BD7F1F67D
310
A51E0E08875A6BAFBD6BD7AE52CC04A0B4A2206F650EC412841A48258258E8662C3838FBE21E25172C2A15A4F78D82DCF68A005DCF07047C183E1CE47731BBCCB5469D9169E0D588945BEB637E87802A03D88FB82486210D28FB3B858D13DC7CE75F5E6F3B03C1744D30CC58C7C7A256146853A05243060B850072A7010CA4
310
7CFBF9A1E24F414037B8781E8E9F219A774B36481CB43E48A79819D638C8760D672FAC19FB9D3FC5EA9158DBD0159C27860409682E8FF2595652FE189D2CC2D7C023E944158355806FC320087CC74116030CC376C559C098B93A041C5DDA48AF33827D2327DC761D19C17CC62780D82A170E6CE7415A5E7FE825E053048F88
310
D2AC2A561CA4D4C60098DA28EF1A01382772484698F60C8DD24BF396EA76260542810A625978C03580A9CAB91D10249BE579B0377A3DD15749A45F24C4D81FF3D7D7996F6A1690288008C0FF6CC186DA9D5FC95BB09B1301004B016E707FDFED306A1BE8FA208828F00BF342186839839F1F6FA338DC5A0200FF383DE92614
310
C03A4508DA18F4D85F9354F7E867AA77A42FF49BBE6757A1A7454448D0BFC3C220714FE43A3D8F1547BE10F0BC5A05985AC3C28829A06FE24CD062700601F4AF12AF99099B08E7071DC4626A97C920C3FF96E190C9D1FD7CB6163E800D79E5F3F10A9306C02B799E80F1AB380E0571A584C0370A220C3125000B500900D96F
310
EA40409F980E2083E4EDF4D8D2480AE5667222E020BCDAD4EF19682120818FE18EC7FD6AAD67C03F7DF1955E697456F517AC4F24700C30171C67E9168B109A4F60AFA60F98BE30941BF776DBC7C70792A2FBE98AAA97224F8BEA39B47BFD14A8CD03320DA2B676E3AA397E652E30A42CE2987B7DA1EF7F75242413800A04C0
310
270C62A13372400B435ACD84B8B5009208F5AC73EB149FFF3508E21C2201E0338BE07E50EB47E7FF6D97724A601028C5519073E7978EC88834410450E074DD58AD13A4900103A6444A9CB99103229F0EF8C0C78161EBC68137240734CDCFC349807851E0EB46CE864D2E405ED341B71A390CF2DE20CF5193189E1901E866D0
310
230409684B193D17E2928534D04240937D3C84477494FC5E0FE0B448E35AFC19007926C1C6A6E622FDB8A12E30993C6710E070397C4B26304C0AE38218D19F01FFB15BAE1C0E7E74DF75F2406E373C414E848FF8E500EFAF3C1029C9C0ADAB2313A7426CA9B2C1B9E30032C84EF31A09A88A386F136E8C2F1D582EA0459207
310
015F10F1F001F0B1B7DF7222011EA2001F00BFD36BAEE0850928B08C077030FE3806C880EAA74BCE0863A952812E6008B3A89199C1EE918AF96AF583F1A073B0A355B9D861AF1460DCFB3BFC6B7EFDC834B09700CBED3510E48DC7129041C991F06BA5006CA6B5B34EE21501374E8DFC910042036111EC9C7CFA1C05D48A72
310
70F7F835BF04A4194DA4CF76CEC66718C84CD020D04C412AC848F03E3C61A1C8D50D0EA6838A00376054D3DF61A0E393E1F8B058A6C994093476D601A4A06F0CFD3C0A6BFA910E75CC10400A80FDA93AC9B5EA4303F6C0D188B559086091CC5910137772E14F2376D03181B5CFE74C0EA38440D0AC256D6C4D104CE05302FC
310
C00B60B9CD4D71E08BD40C144A025E60D4C1F45FE846A2105D717EEA84808A5DD90A168E133640311CF05DD870768683F5D2F1800F485AEBE5CABD8FFA3C0BEB33702493AEB551B1EB035EF5C8E5757FA7832141F88E8578A363802B560007AF93D7D470B478C4D00B412D634C9140C4F9275C00DCE8DFE3C7F8C0AFBC5B2C
310
E82E3C3BDF393D4375D50C43CD1C17E3777CD2C170725B7B42B41DF15BFC344DAD089C1E9118522B4A2C60B794E4E8F33081BB7C8CFCEEA0B2015E49D586429C6C78646180B7710E06018A3082243C275F077FBE412C17DE80D3E6B9462C5204C5D980D1DF84A864401C483CD01B143F4A4868087A0F780F37230200A4FBF6
310
AED325114C367C22512750A5C7C3E32D545CE20A0904183BA10015DCAD89864B3E1EE97EBAE8B204266A48E010511838E2FE413FB116E60880C2D8440AC3880DDA6DF6618C138CF1CB2A09637E18D00F80CB0DC05322E31EADB8081C29410903F06BFCDF5AB46024E4A75828056440503C707856EF0C037623DD4922A400E8
310
A6BD75E4D2800905F18450A00CEE88860C8964C7B3F90F56528BA18F71CFBBBCD2D05797E168FC37DB26DBE0DD2EAEF39686C18440820013C1444055402A541400DD362A0A402F1FE51246404E098249FEE30708C10CA0B54601053159480C00BAA9B1223A773234FE72FD5C3BD81804D8D196FE3D5315A0C981D88D04FA01
310
DFC185CA93F9120E1F480B08063364A0A318F08DF95056E4C91F1150D31B011200383502E079EE43CC18603AE2F88FD139C802A739F208E88D06DC78267C448C27C4113C19B0F51B0E9C1C021CF8F9167C6B1F2E10E461002910105D1042792D1CA303F469714C018C23D72179E165049C40E801CB96CF334562E5807291D1
310
E0C70FE6CAD91656715F0E5C5E70F8D7F83290549B1BAA6F781D25180EBCA93EC84E72A74081CE3020789B3790E1A9E478E658C099BECFF01E530E80EC5FE31204ACFF70AF8177A03059240CD074978A002A878BF883FEEC81DD684E406CA630ACFDE87292822A11953710F000885D6F68A67ED40CD772B0828359B753F7CE
310
23D9479AB9845771B389D6A77130F8C134EFC83947392029B10E4425440A84AF0E54825228FC1634D369874739C837A9DDC83C20D320C36042610ECDFA750303710224D01202488012CA847424F8D53F78AB6BECE9B3B35A7F32396AC6B7444566327DBB4DF06FD9616744F4D3A397EB3B0A3FBA8D763702883ED742FE5CD2
310
4146D8E353ACCF811C806AE09914D8446E93840FF4D6C963FF32BFB6AB015D1D3B0C9A0968776F021F21404B6260CF84A14F35180CE20B5E85BDA2EC91FD5A7DBA7E5705F4F0F97AF26CE18E3BA078138202400A62930FA6CC7882F911A92F33E547E64990B0F27323D73B6222863F86425153FA8009361C675554C25382CE
310
148420C8DCC47A20122806CA178A0918C14CBD33440289078A00EC6070184CA9907FD0A1270478E0B325B67C2193694EDB7DD0F3C238447C8A11485562FB4902134E6AC952FD5320A4F7C780882DA9684285CD81D278C0E8FF8DEC9F45D22DC3C2CA99C2728110888799575B6834BF22B0F01EDE72D7F21B672C40F0A97299
310
9E2200B7C91403F9BB3D09C01990819238CBAE5E7510D7D57450507E3DB04AAA0A3C280064E0775380C8C16EEA4834346A04BF0CE847B4B3AF760D06D24BBB267C32E2C9257DE5EB748AD101AF1FD33265E2B674EED8C01A0AC901392211011AC810560F77778E85B13BAFE3E25C95B70919A4862C15928BD8989664AD8638
310
101D009A80F00BDC41AF27602A4BDA0C077E550048E7F1011410F01405045E1C140B4D0E70E0F6E034171C3D6FD12004FCC1FA304312518910356628A4A326EC9ADF5DFFD1B2C0399503F14B4F8E3E0E4E39A06ABCB56A8014687E86E462BDDE5124615ECDB412B7314F62E6E0C76ADEC0F717B360E741960104CF1706CFA1
310
8E0605004B01AE007869B095ED92144A807841EFF2811C047889A04901C809062057192688C92346F97F279449F89B113500BAD282D1DA80A55C27EFFE02C8D4F395003F285B617BBF0831F49B055342DDDD414378E8888E92C16789F269A27C9A221FAA4A0DFDDB9F935B2ECC04DC51481558A69301E0460B02665AC4DD30
310
C03D480866C3409400051811876014C0F294C542821AB045011A3E3F09001FF304E3A0BED05CC11A811B865001769507FC01ADC611F400CF68C7B093606E30F3C7E0F00C1D10C31951C1E2D7252181DA00345842A19130715C736EC9ECE686A712FDB31E4D3E50AB336E5666D7B212C0113C4A4406029709B43D0228F3FBAF
310
49921B19CA0C82A2D5BC4A2079809240F37D3E10F9637607C3983F0458508A98B8B4EFC92AC13530180CF55359500080061DF59B98BB3FEACEE881DC8127F182A885A86FB12B43C590A4380504E32305E3148BBEEB2D2782029765428092545BA5C2C681FC5F8E869C0EE1034A822FF09A12C94084505AA868080303473F81
310
61F7AA0A6610745E280BE4427FB770106F8800EADABA19F453210435BDB2348471B13B65F2FCB554827632C4C44467333E4127095D22092ED492009930413251B5408345065065E415266E20279A40B3F520370BE2050C8360E6BB4601C1673B9BFE007EF5200B6483CD195400A783E6DEA0653515B0FCE8E86D1618FC1EFC
310
15C2E727F24F2A2DAB57326D8D0877D4E298894E7A0C3C7D9CE8A0E2D17AA2020FA1097D6372F2A9F955060FDD467AD0426368C24A8340FD0D6687A76316DEF5179ED9042005A2BF02A5DD810A4DEFA4A8F700EFC50FF4FB8C06410F0303C106ADF8852ACC6A2CA9046E9ED070739339857222CC009E206479886EA26227BF
310
7A341A15C351A8404A6C10080A2140FA4B4E8D9B9A11645899332363FD69887F436A660566964250FD752E787B64BCF8E6C8190DF8EA0C854C062D8A5A1346F810414313E606ECA0AC3A01D6928544029D5F42E202C0CB386F880F7842A31287061F32F3CBE09F2950783394F2F2B23D85386C6F51943E99DD10C8A0000BA9
310
569A14805693274BD0E4F4DC3F28E331EEA91C4F33ABE057889BFB92819187840A08E57A276A8BFCB75B0342668C70C565C8059996D209C2800941A21FB82B2F520BC2E6FE6F1A8827043DE17000DACC8193E78BBB8DF1467978C06F6AFE986123E3A95272CAC122046F4C65C4B88FED2F1CD1D918F7CDBF8903BF1A90057D
310
42F4DC133AF804ACBB58446A0DB78806FC053FA1E45D0AF1112613CC0DD976C5E70AD3282F42725C0D02AC8588DE451B1C01ABF063E7748A3882F0DD484BB78D037F9812240EB88B6034C0AD53E5116D4C6D920C6A89F084E6D0598AD7EB6930CC7B293E27A666E5CDFE9A3FA52FEB3C97976FDAAE9A60008FCA6B33099CF9
310
880D35D419FC687D424378E3099441E110C5B3C6DC311E6653514A67A530D863326C4D8430E0C28024803B5B069B0E60C10EDB6DF087034171DF01F1F3404B27B1056D8C0E56E7CA6056E7798147BE4C2F01CED5987E413AC6A724876DE3F599E0601CE7B9CEF3BEB3671E12DCE8AF9631B8031D3F360B6955DC2342B2A0E4
310
632A00264C0DA002220CFEC3E10D9BADC8904D88DC51928593AA16C91DF6FFF82B3234404C7214D0F8608E0052283EFB2B0563F1D072936C4017706010BCF1B16CDE0C1FA9C777E44E1F5259B0C9BBC8794A82A6C182A3AF56B16921405351FDDC91B5BAAA617860E8D76C97C377FE701A4EB4378FA97C2C8E3CC8950886C6
310
FD93AF70A1F5F676B7ED16CBC56AF5D09110EEB8607CC08A795882358280DDB98AFFE7087C6EB593D62F041CDB4018935238E73F1098100D0C8769818F777057F64C703C6530E142FDF5C837AE1CF66C94C4887D3A3726AB990DEA248F73B5D32C8E04F6714B1E67C53FC52040252E605B322407CBF8C7F05453462A295ABF
310
4D95592DDD76AC23512E9A2DF964715C80DD752CA8E263AC36F02C3C28A133EB22AC8D099BDEFDE28C3E8FFEE3815D5D00C17C00511058354D62443C1A546280E43572A9C661A34FA5891F8E7570608C8DF21DF51DF9D2A84D4501F41B8CD4F4C9DEB2F901E810C0E4CEB6EC08DFB06341C864CF8D0EEE779A606545E1E64A
310
AF30A4324C20FDD3BD558BD966BA994FA915CD162B1978642AD01694E533EC190368A68234657085B5F88E27A0805E04B8BB6A00A51646EE3C10A50FF007FF410F1963CA69BE2002F0F902E701AEC995FD41F83A3F0C3809A3288A083003A6CC2A20E6D703EE48E3777AC07ADD51EB6101603A9FCF17B3D5928F6D742EE7E4
310
CF38AE2B03C5FB39C81D7B2978FAFE85AF3D2710B0582C970F0FEB0E4D1103B8BE2B4D560CA10002FC8F334C891C07B44FE06B2E3ACE5E1E2D1FC32203110ABF9CA0E8381F68EC3C06701328E5A38278A5FCD944CEA5283DA933DF2A2448BD23F1C5D8BE04CC2DC3B43B3EEC29F8B5FF926D11D3E97EBF7FA1BD1E5E5F5FE6
310
D3D972F548547783146ECD84873F377C5820F7F9FCE5E07378D6CBCB7E036DF7F7104079A05B77C6942D1BA95D47424BFC3DB6411009A42E207871B7EE9B06614BBD20F22F7523FB985F3F7068E37600273A3ED0C1CCC380F6EC4AF01CC1CF95E4848B7BF950AD14C44F10460221E02D21D01DAE800F323704C00035DFE97C
310
B37F797D3D1C0E4FBF35EE1E5E9E0E879FBF3DF6F474780A01FB3DAF01FE0C0798218007C2090A3008BA7682A338F4A8804A06CBFE6A80CEC766F49853F15B2F45FCEA3F8250012841315016E75E797EFEEC4ACA6C79F515CF1738F7C36E2406071051043817C9E8C5888D49D0332E800062FF54FA562BF7446CC0BFDFBF86
310
03D1FEFCC9F7FFB5A7F000430755C2D3F72F2D02A022820897ABDD44594475BDCCA4A10AF34C06B08B4AB58BBFAE30999DC66C7CE903A83CF8EB006EEEAA063430F84B05F0ECF644825F5E95073870E72A0771AB89B080022A0C5A9FAF34C89286257FB7BEA000EC65B59750C68E0815B0D9834B15606328F80709DE09018A
310
C2A7817F83F96DB3D562C10A0A31300230CD4200B87F85808BAF64D04600254047F9C14DE93464009E7F5AABB4FDD6D55142A2C0BF1541FCE19C20C899BF4F76AB54B84CB97F88F48ECC029FD253F0C70DF4816B9AC94BCBD653B1A283C4001A0337955E4AFED3FB790B6B1F5EA0B5514074103A38D84280EE0F5F9BE974EA
310
B2D16AB1EA969684B6E4166CA28264B300474C7308D20013B204A65F82970718D05678B3315D442E1C0A327E2F56556040C005D2FAB1326A68A07507C9E46A3648555A7080F5F50219A00E6222E3E0862CE95B5680930530742F1D041805E69B788161F015944D041182B861A2C17F3AF01CF5BFDF6C343F9171F5B004BF59
310
C016719164B888EA206A02AD05E8464D06B48E4381A0E9345FD171625AC22198F57C003BEA5510F81FF78D31C9B033D0030000000049454E44AE426082504B0304140006080800E553615351464CB48900000043010000360000006662782F36383537333341382D353745352D344137342D414235432D4330303846303437
310
334134312F6469726563746F72792E786D6C9D8F310EC2300C45AF127987122606C71DD918B841D4B851A43646695A717C52A85029031293A5A76FBF6FACEF7DA7264E43906840EF0FA03836E242F406C6DCEE4EA06AC22492573150D1F66C60C640E8938CB705396EEDD86DE9B5042FE27813D640EA63BB001C722AF6E55C
310
B61E4863F58284D5D3F53DD715CE1C3985E63FD7F1B7EBDD617E9F1E504B0304140006080800E55361534E277A5547070000541C0000340000006662782F36383537333341382D353745352D344137342D414235432D4330303846303437334134312F6F626A656374732E786D6CDD595B6FE23814FE2B56F665F7815C0814
310
18A58C28940ACD7466346856FB169960A8B7B9C9495ABABF7E8F1D3BC46980742ED26A5BA950C73E3EE73BF713EFFD210AD11361194DE26BC3316D03913848B634DE5F1B45BEEB8D0DF47E8A3C9624796D9F81621C916B832F1B536FCF9222954B5BB2C345D85C5DDEFC85B280C4C4404188B3ECDAC882071261131779B225
310
D9A3B9C53936F7BB83E998E5469DEC9EE1F4A171558A1989736015D663A0223970F47F41246BEA597C83B6CDEDB6AD7F669B2504D719A57196E33878C555E3BAFE09AE1AD7B9CE6071DB1F4E7AC3C1C0ED0DAEFA4EEF6679B3E83923D79E5FCDE793D9EDC440536F932461A58094C45BD0E28B31753C8B3FA9C49728B4F11D
310
24714C028966DB862D917429C99A9868C03A42B49A424A596B0B6E47E14F6CEB048AC69286B6124E7DD6AD37D9FC0D20645DAC9465845B799633D0B5C4BEF407DBB3CA554D2F344311CE09A3384421DD30CC4041B0B5549046867B0B27853866428B8A5E9D5730ECCBBED4C6E5AE0843EEBFC654789A0FFE48F24C7046FF21
310
ECC87DFD36E009A42D689C8FA5B0F94B0A24269E2516CB676E5F3E2C8144BB10EFC15A404CBEC9ED37F09AF358B05A18D30FCBCD61CDE343FBE5294B52C2726E79C299A5DF290DD64C0B8CAF032825AEBAEE8EA87C05E83F01F2152FC803CD317A181C064A7686E36C97B008B4836CD4B3E18F8DF8D757DF3CAB3A3C45488B
310
95A73005B7FD49986A626877D7209D7A4F60F40973A570EB008760D3F734E67E0E8682C2049620DEEF360763BA82600A8B700A87203DFC7A16FF8AE0A3A403F1A6A1A1B6F0DB4151CA619A7E76D4D51DD80CA341A52A4DC653F80E7F0ABEB3C5FAC3BA603B1C907BE9D80BB2A331CD2199B633A481AEB9FCB7D527E191771F
310
3FDFCC3E1E4F6B9B02B8669FF0B8D1A296B5540B127A014E781A2E352356EE29787B18E298244526D7DBE254908409F3372F7EE9C2AD77FDA96CA0BC4C1A406B2C83E41E309A724C8CA9D4561508CD9AA0606198490BDC975AF5374594FA384A8A9887DAD7A6D8E403E20CB744A02AA829C3565EABC86EE96E576410BC5A49
310
CE3520A53F2BC2A5850F208EB5F1CBC88E6148A249EC53C8C1E02CAD37681754E09DE73923E1CEA7615844FE8E869047FC08A727E87794A09EB91EC9CB73C2B6AD0475CB523EA96C88032E815520A96C55C67CA953469E282F33453E53D940DB21EB50633A38912E78A668015419631990468E331F2F26BDF110EAA4813B5A
310
F6268B25944DB3A5BB98CC6F67C3F1A8C9A78A56F57C07AAE4658EE67FF943116D624C4378C0C5C6DBF4DD7B913DAF2D088DD6D5783872DDD9B8371CDD0E7B83D968D09BDD0CE7BDB96D8F97F660E4CE068EC54896142C2099D5B76C5F99641AEF4F71A5B87B1D43A1ACB99CEC94BE9AC2FC8F63683327684AFCAF06D12A76
310
B514845D83283FDA0CA13878E429CA0FA0EA6B759F46106DF2D116E7DE18976DD3B5C58FE34CFAF6A43F9E0C871DC39EB8E987235D9B0C01749E45EE27290E68DE9E521BC87464F94DD9C5749D61898DFADBEF23C0ABF36AC5D4F9CC2499F26984F7C4DF61DE57B484D24B12B766BD7D9864198D4926FAC257F56283A66D42
310
F9A567E916B3A5991F911C7F8FC58A46A3E10510CD431F3AD89CCF102ED611950BC89EE51445DE2F43AA17F2BFF8198ED2B0EC8D2F61E0F41504AA2B6AB350CE34BFE209ECD3C7B96F6F8918755CA25EB1AF2A8A56AD35A94FBE9BFC09785425F40BE15157742FB6CCA133E13F6308435743C7BD1A55AAB88496BA2CE7BD5F
310
5840B71ABCF8CF84EE1F3A15A7DDB4522BF3CA423C2711B4BE382F58278FBD8268A26C4B09242343C3256A37BDB1A0143D9FEAFAE032D1F49D2A896BD740ED4A63988D7512E49514AD462C7421E6807CDCF506CF56D85CA4FAC311F39757D975F78BC4C0E8320E5061972158C61FAD0E6FADD4B51A2A7BC67900A1742D3E7B
310
37E0115BB23D36731AB9B6B25ED5B4972AEE150FA9114C79318FB4F7FC4BF81583AAA1E3CEACBBB2D0B3CAF5154F6D260CB48F7C684CEBB43EDFAD1B5460A5F3E92F1C23F2DCA02057E7BC833E43EADBEA3827685090127D5B9D39FE9FE84294026BA337982067494861904FB6684F12C8DF30AAE8D0A1B08864222F83F1CA
310
20A5DE227438FD54CE6173BC09D5E9E001C3303B94FD5B11C0201572E6B521D7D16F303AE5D34B31D0321FA1759331CC4005A3D706586C4EA1433337300213034741BD31E204C7C6F19E67FCF254F5FFF1184707A2D251AE6A4F175CA4649A3341299C8A770B50F7950FA6DEF78BAED8413887AF9B22AF84392E1CA59120A8
310
9708A57030297C94F01EA0A4382F97638A3D1A249DA6F967EDA0A4DACB31DB8B917C0DEFD9E28BC5A7E9ABCF280D8B3D57E7B98E59A3D4E39D7A5894932B0F0C438A99625E45CEDF595F5802AFA522B4A46004E8F7C3F8EA0F6B9E445112974BD64CBEDC42EB077855B5B5D498105A7FBBEF586272205F05F81B9C11136FB3
310
475800D532CAE7A925C49A0154D1B466004A235C17704CDBBF5A20591DD5A62AF5B0CBE111EF011038127FFFC3DDA6BEA136B4045F00AEC4C3E317B5E0590C06E7D37F01504B0304140006080800E5536153393C52E0DF000000550100003C0000006662782F36383537333341382D353745352D344137342D414235432D43
310
30303846303437334134312F7265736F75726365732F322F636E782E786D6C4D904B6E03211044AF8290B21C3E934D6431F81259656311681364861EF189E2DB1B1C2265D5ADAAA75675A9F3CF1EC937E412306D54324109248B2E24BFD156AFCB1B2567AD3262FD875192CC0E1B1D32D5CA676CC7941C5C4D8B438D21DDA6
310
282E1E12E4602F47F294D8684AD968B15FB01B665A4507E5C69CA9864996A160CB16FA891A7698276C0653C151BD8A552E522E42BE4B717A9527293E141FA4569F8871F22155C878BCACC2625F534F24141F80562D87498D37BAF1178FF5788A775BAB5273EF6062F57E742CECC6037F22BFAE567C3CD9C7B3813E4721FA01
310
504B0304140006080800E5536153FF15A4A45D000000800000003A0000006662782F36383537333341382D353745352D344137342D414235432D4330303846303437334134312F7265736F75726365732F636E782E786D6C4D8B3B0E80201005AF42B6F75B59F0390B113044D83508C6E30BC6C26AF226F3B8BA6360974DA7
310
271430F523308B2B198F9B80925DB700539227A2FCCB80A18E5640D320F996A81C9F32D6E9129A0D1EF74FCE750E6D57BC7165FBCA07504B0304140006080800E5536153F3BC1FFE4101000056050000300000006662782F36383537333341382D353745352D344137342D414235432D4330303846303437334134312F636E
310
782E786D6CCD94414EC3301045AF12596299C42E1B5439AED405276081D839CE34982676644F10BD3DE3E2B62054C1A252BBB3C6CFD2FF33DF23571FE350BC4388D6BB86898AB3029CF19D757DC366DC940FAC582919BCC76F182B9C1EA161A9CC94EC839FA75CEA60A3E7215507EBB6B9A811836D6784C80A33E8181B16CD
310
2B8CBAD233FA0EE2B6EA34EA4A5401A29F83017A8F7684FCDE04D0081D530BBE10A51025174F822FEFC552F017592752C9D6FB21F3D621043FDD2DB8F174742487CB3A014ACEC1662A7960EAA4AD6AAD9335DD2B1949AFEB3387BB2971D33458A3911A557B83802541A047597FC14AD6C9F10FDF8FEBE793063A753680411F
310
76576B8338D786A3B48A12F1BF2EECC1BFCCFBF68D2C5F6FEE670D676117B37B486EA4E8FE4E02E549BB7EB8C50F709476F9FCD362416B6ED1F441D9853CD7FB1548834F1B517D02504B0304140006080800E553615372FAFA757D000000A30000000B0000006662782F636E782E786D6C4D8C410EC2201405AF42FE1EA501
310
8405D060A3F7682C6D88141A2CC6E30BA60B572F99BC19D57FD680DE2EBF7C8A1ABA1301E4E2234D3E2E1ACA3E6309A8372AA7B4FFDD00C571751A1A06A3969CCA76A0C9CD63098D061F9F07BC482E28B5127371E39859C1B0BDF2010F84C83B61825AD655E3DC943ABF5EDD96375F504B0304140006080800E5536153A6D7
310
97065F0000008200000007000000636E782E786D6C4DCB3B0E80201045D1AD90E9FD7516806B51190811670C8A61F982B1B0BAC9C97B72CA7B1037C6D3332918DA1E04D2CAC69353902EDB8C20262D23F3F59B81A079470595414B17391D1F19B4730A5583A7ED43BBE4025D9592775E5ADFFA01504B0304140006080800E5
310
536153ECFD112DA800000026010000130000005B436F6E74656E745F54797065735D2E786D6C7D4F4B0EC22010BD0A61DF525D18634ABB506FE00510A79458060253536F2FD89D5197F3FED3F68B9BD80362B21E25DFD40D6780DADF2C1AC9671AAA3D677DD75E9E0112CB5A4C928F44E12044D22338956A1F003333F8E814
310
E5331A1194BE2B0362DB343BA13D122055543278D79E6050F344ECBC6478EDCD76CE8EABAE5449AE4298AC56946789C28AAFBEABC53F3EAF09A84A1441B91F0101CD4780756578C173A578FFDDBD00504B0304140006080800E55361533DEE336E64000000790000001B0000006175746F6465736B2D64657369676E2D7061
310
636B6167652E786D6C35CBC10E83200C00D05F21DCA56CA76D41FC96062B120735B69A7DBE268BB7777961F8D5AF396893C2ADB70FE7ADA196782C2DF776D7A97B5933C430F15651E5469C55D70F80A4992A3ADC954792C525AE70A1E4D6AD9816CC044FEFDF01FE3FDE907802504B0304140006080800E553615349E23C29
310
F10000008E0100003D0000006662782F36383537333341382D353745352D344137342D414235432D4330303846303437334134312F7265736F75726365732F322F636F72652E786D6C8550CB6EC32010FC156BEFD880A994449828A9DB2FE8A93704C44589C1E211E5F30BB12BB5A79E7677989965871F1FF3ADB99B10AD77
310
03901643639CF2DABA69809C2E6807CD51F0E07DFA4583C6C9D90C5061107C0A3E2F1BA4BC4BC655D4796D3650C6681234EA569A01A2FA32B36C654E8511AFED22D5554EA625EDCA133C67AB37A9D5C5CD5EAC0920587FDEE31D63E88D528A1861233AB1F36B194F7B36B297BE7F1F7957C582273BFF6C57C1C86434088A29
310
4184204C3E083EF4E440F027EF2A53F09842B9795B5AAF2B74DEADE81FB7BCE8FFDDB275A9A79BDBAA882048F9DCF341F0AEA653CA33BA526B92E21B504B0304140006080800E55361532E35F316F7000000960100003B0000006662782F36383537333341382D353745352D344137342D414235432D433030384630343733
310
4134312F7265736F75726365732F636F72652E786D6C8550CB6EC32010FC156BEFB6015329893051D2B45FD0536F08362E4A0C168FAA9F5F885DA93DF5B4303B33BB3BE2F835DF9B4F0CD17A3702ED0834E8B437D64D23E4746D77D01CA508DEA75F34689C9A71840A831453F079D920ED5D425751E70D6EA08A111334FA5E
310
1E2344FD81B3EA544E85116FDDA2F44D4DD8D16EE54991B3359BD49AE266AF1603483E9CF764C779FBC2186B39E597F6C4CFCFE57BDAF30B7F1A86D78BE8AB588A64E79FE93AA04A684032C2684B694BE81B2587811E2879177D654A115328376F43EB752003469F83C628FAB5FBC7352FE67FD76C5D1AD8E6BA2A22485A96
310
7C34A4E86B4AA53C222CB5262ABF01504B0304140006080800E5536153F7FC439EF0000000B1010000310000006662782F36383537333341382D353745352D344137342D414235432D4330303846303437334134312F636F72652E786D6C8D50CB6EC32010FC156BEFD8E0476D4598C88D922FE8A93704C44189C1E251F5F3
310
0BB12BB5B79C16CDCE30B3438FDFCBA3F852CE6B6B46202586421961A536F308315CD100C59151676DF84383C2F0458D906160747636AE3B24AC09CA64D458A976907BAF0214E2911E237871530B2F790C89E1EFE5CAC59DCFAA24E5C66334E8E5572A9CE241496035AE09220461F241F0A12107823F6995998CC6A8E56EA5
310
6572D757AD1CB0B7A1EB9B661A50D79F3BD44E7D8BA6F7EE844E180F17DCF6CDD4125A6531A33EB874F3FE49BEEE55F926FC9739AEF285CCDA84A6DE0D37850796F33C178C56B9C0349EEDA699CB663F504B0304140006080800E5536153627F8CC052010000DD0200000C0000006662782F636F72652E786D6C8D52CB6E83
310
3010FC15E43B0F832B2591719434ED17F4D49B631C6A056C646C94CFEF9A872887A61512D8B33BB33B23E8F1D136D1206DAF8C2E114E3214492D4CA5745D22EF6EF10E454746AD31EE471B8A346F6589028C18ADADF1DD0C09A39DD401D5A69233C8FB5E3A1489060E25EAC5976C79C2BD838EFE9E745CDC792D139C4C7D8C
310
7AAFAA99AA2A505337252D62A438EFB31D21F15B9EE731C1E4129FC8F915AEA73DB99097A278BFD034901975AA5DA60B2BB99315627996E318E338C31F383B14F880B34F9A864E467B67C1F33C34B843EC767DD074C2377ABEABFED6F34ABB229FF526468F1886F5C602A369C8073E6378DB0C6130E4E7F8B5592CDC011AA4
310
70C612A854C6AFA581375E8274168D0F4DA72A288F02BFE9E44F749E6B40505CD7B01A7770BC7A17A66F77EAA48D07F788B4B12D6FD6E5A615D7F73A686369A10BD318FB1FF6627509330D3F26FB06504B0304140006080800E55361530932299C05010000B201000008000000636F72652E786D6C8D50416EC32010FC0ADA
310
3B36602A2511264AEAF6053DF5460D71506CB00C8EDADF17622AB5B79E1666667766571C3FA711DDCD12AC772DD08A0032AEF7DABAA185355EF00ED0518AC5FBF84B06C8A9C9B49061906258FC3A17A8F72E1A9751E7B529A00AC14440FD981E2D84FE6A2655A9352645B855B3EA6F6A3015AD369D14D14E3FADFD6254341A
310
24238C624A31A16F941C1A7AA0E45DD45929C5BA5A5DACAC4EEEF662CD029237E73DD9718E5F18639853DEE1133F3FA7EF69CF3BFED434AF9DA873B314212E69E73224E58C28A87BF615F54649F1E1FD5804299446DE8D5F2089A833F127F43AEB7F84B62E36AC0CDC3A02489A023D88649C2F98CAE3BCA9E66BCB6F504B01
310
021400140006080800E55361530000000000000000000000003700000000000000000000000000000000006662782F36383537333341382D353745352D344137342D414235432D4330303846303437334134312F617474726962757465732E62696E504B01021400140006080800E553615300000000000000000000000035
310
00000000000000000000000000550000006662782F36383537333341382D353745352D344137342D414235432D4330303846303437334134312F76657274696365732E62696E504B01021400140006080800E5536153F270F13306000000040000003600000000000000000000000000A80000006662782F36383537333341
310
382D353745352D344137342D414235432D4330303846303437334134312F747269616E676C65732E62696E504B01021400140006080800E5536153B5A795FFE3790000DE7900004200000000000000000000000000020100006662782F36383537333341382D353745352D344137342D414235432D43303038463034373341
310
34312F7265736F75726365732F322F305F67656E657269632E706E67504B01021400140006080800E553615351464CB489000000430100003600000000000000000000000000457B00006662782F36383537333341382D353745352D344137342D414235432D4330303846303437334134312F6469726563746F72792E786D
310
6C504B01021400140006080800E55361534E277A5547070000541C00003400000000000000000000000000227C00006662782F36383537333341382D353745352D344137342D414235432D4330303846303437334134312F6F626A656374732E786D6C504B01021400140006080800E5536153393C52E0DF00000055010000
310
3C00000000000000000000000000BB8300006662782F36383537333341382D353745352D344137342D414235432D4330303846303437334134312F7265736F75726365732F322F636E782E786D6C504B01021400140006080800E5536153FF15A4A45D000000800000003A00000000000000000000000000F4840000666278
310
2F36383537333341382D353745352D344137342D414235432D4330303846303437334134312F7265736F75726365732F636E782E786D6C504B01021400140006080800E5536153F3BC1FFE41010000560500003000000000000000000000000000A98500006662782F36383537333341382D353745352D344137342D414235
310
432D4330303846303437334134312F636E782E786D6C504B01021400140006080800E553615372FAFA757D000000A30000000B00000000000000000000000000388700006662782F636E782E786D6C504B01021400140006080800E5536153A6D797065F000000820000000700000000000000000000000000DE870000636E
310
782E786D6C504B01021400140006080800E5536153ECFD112DA8000000260100001300000000000000000000000000628800005B436F6E74656E745F54797065735D2E786D6C504B01021400140006080800E55361533DEE336E64000000790000001B000000000000000000000000003B8900006175746F6465736B2D6465
310
7369676E2D7061636B6167652E786D6C504B01021400140006080800E553615349E23C29F10000008E0100003D00000000000000000000000000D88900006662782F36383537333341382D353745352D344137342D414235432D4330303846303437334134312F7265736F75726365732F322F636F72652E786D6C504B0102
310
1400140006080800E55361532E35F316F7000000960100003B00000000000000000000000000248B00006662782F36383537333341382D353745352D344137342D414235432D4330303846303437334134312F7265736F75726365732F636F72652E786D6C504B01021400140006080800E5536153F7FC439EF0000000B101
310
00003100000000000000000000000000748C00006662782F36383537333341382D353745352D344137342D414235432D4330303846303437334134312F636F72652E786D6C504B01021400140006080800E5536153627F8CC052010000DD0200000C00000000000000000000000000B38D00006662782F636F72652E786D6C
310
504B01021400140006080800E55361530932299C05010000B201000008000000000000000000000000002F8F0000636F72652E786D6C504B050600000000120012002D0600005A9000000000
  0
XRECORD
  5
D00
102
{ACAD_REACTORS
330
732
102
}
330
732
100
AcDbXrecord
280
     1
102
DISPLAYNAME
  1
Metric50
102
FLAGS
 90
        0
  0
CELLSTYLEMAP
  5
D02
102
{ACAD_REACTORS
330
D01
102
}
330
D01
100
AcDbCellStyleMap
 90
        3
300
CELLSTYLE
  1
TABLEFORMAT_BEGIN
 90
        5
170
     1
 91
        0
 92
    32768
 62
   257
 93
        1
300
CONTENTFORMAT
  1
CONTENTFORMAT_BEGIN
 90
        0
 91
        0
 92
      512
 93
        0
300

 40
0.0
140
1.0
 94
        5
 62
     0
340
11
144
6.0
309
CONTENTFORMAT_END
171
     1
301
MARGIN
  1
CELLMARGIN_BEGIN
 40
1.5
 40
1.5
 40
1.5
 40
1.5
 40
4.5
 40
4.5
309
CELLMARGIN_END
 94
        6
 95
        1
302
GRIDFORMAT
  1
GRIDFORMAT_BEGIN
 90
        0
 91
        1
 62
     0
 92
       -2
340
0
 93
        0
 40
1.125
309
GRIDFORMAT_END
 95
        2
302
GRIDFORMAT
  1
GRIDFORMAT_BEGIN
 90
        0
 91
        1
 62
     0
 92
       -2
340
0
 93
        0
 40
1.125
309
GRIDFORMAT_END
 95
        4
302
GRIDFORMAT
  1
GRIDFORMAT_BEGIN
 90
        0
 91
        1
 62
     0
 92
       -2
340
0
 93
        0
 40
1.125
309
GRIDFORMAT_END
 95
        8
302
GRIDFORMAT
  1
GRIDFORMAT_BEGIN
 90
        0
 91
        1
 62
     0
 92
       -2
340
0
 93
        0
 40
1.125
309
GRIDFORMAT_END
 95
       16
302
GRIDFORMAT
  1
GRIDFORMAT_BEGIN
 90
        0
 91
        1
 62
     0
 92
       -2
340
0
 93
        0
 40
1.125
309
GRIDFORMAT_END
 95
       32
302
GRIDFORMAT
  1
GRIDFORMAT_BEGIN
 90
        0
 91
        1
 62
     0
 92
       -2
340
0
 93
        0
 40
1.125
309
GRIDFORMAT_END
309
TABLEFORMAT_END
  1
CELLSTYLE_BEGIN
 90
        1
 91
        1
300
_TITLE
309
CELLSTYLE_END
300
CELLSTYLE
  1
TABLEFORMAT_BEGIN
 90
        5
170
     1
 91
        0
 92
        0
 62
   257
 93
        1
300
CONTENTFORMAT
  1
CONTENTFORMAT_BEGIN
 90
        0
 91
        0
 92
      512
 93
        0
300

 40
0.0
140
1.0
 94
        5
 62
     0
340
11
144
4.5
309
CONTENTFORMAT_END
171
     1
301
MARGIN
  1
CELLMARGIN_BEGIN
 40
1.5
 40
1.5
 40
1.5
 40
1.5
 40
4.5
 40
4.5
309
CELLMARGIN_END
 94
        6
 95
        1
302
GRIDFORMAT
  1
GRIDFORMAT_BEGIN
 90
        0
 91
        1
 62
     0
 92
       -2
340
0
 93
        0
 40
1.125
309
GRIDFORMAT_END
 95
        2
302
GRIDFORMAT
  1
GRIDFORMAT_BEGIN
 90
        0
 91
        1
 62
     0
 92
       -2
340
0
 93
        0
 40
1.125
309
GRIDFORMAT_END
 95
        4
302
GRIDFORMAT
  1
GRIDFORMAT_BEGIN
 90
        0
 91
        1
 62
     0
 92
       -2
340
0
 93
        0
 40
1.125
309
GRIDFORMAT_END
 95
        8
302
GRIDFORMAT
  1
GRIDFORMAT_BEGIN
 90
        0
 91
        1
 62
     0
 92
       -2
340
0
 93
        0
 40
1.125
309
GRIDFORMAT_END
 95
       16
302
GRIDFORMAT
  1
GRIDFORMAT_BEGIN
 90
        0
 91
        1
 62
     0
 92
       -2
340
0
 93
        0
 40
1.125
309
GRIDFORMAT_END
 95
       32
302
GRIDFORMAT
  1
GRIDFORMAT_BEGIN
 90
        0
 91
        1
 62
     0
 92
       -2
340
0
 93
        0
 40
1.125
309
GRIDFORMAT_END
309
TABLEFORMAT_END
  1
CELLSTYLE_BEGIN
 90
        2
 91
        1
300
_HEADER
309
CELLSTYLE_END
300
CELLSTYLE
  1
TABLEFORMAT_BEGIN
 90
        5
170
     1
 91
        0
 92
        0
 62
   257
 93
        1
300
CONTENTFORMAT
  1
CONTENTFORMAT_BEGIN
 90
        0
 91
        0
 92
      512
 93
        0
300

 40
0.0
140
1.0
 94
        2
 62
     0
340
11
144
4.5
309
CONTENTFORMAT_END
171
     1
301
MARGIN
  1
CELLMARGIN_BEGIN
 40
1.5
 40
1.5
 40
1.5
 40
1.5
 40
4.5
 40
4.5
309
CELLMARGIN_END
 94
        6
 95
        1
302
GRIDFORMAT
  1
GRIDFORMAT_BEGIN
 90
        0
 91
        1
 62
     0
 92
       -2
340
0
 93
        0
 40
1.125
309
GRIDFORMAT_END
 95
        2
302
GRIDFORMAT
  1
GRIDFORMAT_BEGIN
 90
        0
 91
        1
 62
     0
 92
       -2
340
0
 93
        0
 40
1.125
309
GRIDFORMAT_END
 95
        4
302
GRIDFORMAT
  1
GRIDFORMAT_BEGIN
 90
        0
 91
        1
 62
     0
 92
       -2
340
0
 93
        0
 40
1.125
309
GRIDFORMAT_END
 95
        8
302
GRIDFORMAT
  1
GRIDFORMAT_BEGIN
 90
        0
 91
        1
 62
     0
 92
       -2
340
0
 93
        0
 40
1.125
309
GRIDFORMAT_END
 95
       16
302
GRIDFORMAT
  1
GRIDFORMAT_BEGIN
 90
        0
 91
        1
 62
     0
 92
       -2
340
0
 93
        0
 40
1.125
309
GRIDFORMAT_END
 95
       32
302
GRIDFORMAT
  1
GRIDFORMAT_BEGIN
 90
        0
 91
        1
 62
     0
 92
       -2
340
0
 93
        0
 40
1.125
309
GRIDFORMAT_END
309
TABLEFORMAT_END
  1
CELLSTYLE_BEGIN
 90
        3
 91
        2
300
_DATA
309
CELLSTYLE_END
  0
ENDSEC
  0
SECTION
  2
ACDSDATA
 70
     2
 71
     2
  0
ACDSSCHEMA
 90
        0
  1
AcDb_Thumbnail_Schema
  2
AcDbDs::ID
280
    10
 91
        8
  2
Thumbnail_Data
280
    15
 91
        0
101
ACDSRECORD
 95
        0
 90
        2
  2
AcDbDs::TreatedAsObjectData
280
     1
291
     1
101
ACDSRECORD
 95
        0
 90
        3
  2
AcDbDs::Legacy
280
     1
291
     1
101
ACDSRECORD
  1
AcDbDs::ID
 90
        4
  2
AcDs:Indexable
280
     1
291
     1
101
ACDSRECORD
  1
AcDbDs::ID
 90
        5
  2
AcDbDs::HandleAttribute
280
     7
282
     1
  0
ACDSSCHEMA
 90
        1
  1
AcDb3DSolid_ASM_Data
  2
AcDbDs::ID
280
    10
 91
        8
  2
ASM_Data
280
    15
 91
        0
101
ACDSRECORD
 95
        1
 90
        2
  2
AcDbDs::TreatedAsObjectData
280
     1
291
     1
101
ACDSRECORD
 95
        1
 90
        3
  2
AcDbDs::Legacy
280
     1
291
     1
101
ACDSRECORD
  1
AcDbDs::ID
 90
        4
  2
AcDs:Indexable
280
     1
291
     1
101
ACDSRECORD
  1
AcDbDs::ID
 90
        5
  2
AcDbDs::HandleAttribute
280
     7
282
     1
  0
ACDSSCHEMA
 90
        2
  1
AcDbDs::TreatedAsObjectDataSchema
  2
AcDbDs::TreatedAsObjectData
280
     1
 91
        0
  0
ACDSSCHEMA
 90
        3
  1
AcDbDs::LegacySchema
  2
AcDbDs::Legacy
280
     1
 91
        0
  0
ACDSSCHEMA
 90
        4
  1
AcDbDs::IndexedPropertySchema
  2
AcDs:Indexable
280
     1
 91
        0
  0
ACDSSCHEMA
 90
        5
  1
AcDbDs::HandleAttributeSchema
  2
AcDbDs::HandleAttribute
280
     7
 91
        1
284
     1
  0
ACDSRECORD
 90
        0
  2
AcDbDs::ID
280
    10
320
22
  2
Thumbnail_Data
280
    15
 94
      889
310
89504E470D0A1A0A0000000D49484452000001000000007408030000005D681C3700000300504C5445212830FFFFFF2128300000000000000000000000000000000000000000000000000000330000660000990000CC0000FF0033000033330033660033990033CC0033FF0066000066330066660066990066CC0066FF0099
310
000099330099660099990099CC0099FF00CC0000CC3300CC6600CC9900CCCC00CCFF00FF0000FF3300FF6600FF9900FFCC00FFFF3300003300333300663300993300CC3300FF3333003333333333663333993333CC3333FF3366003366333366663366993366CC3366FF3399003399333399663399993399CC3399FF33CC00
310
33CC3333CC6633CC9933CCCC33CCFF33FF0033FF3333FF6633FF9933FFCC33FFFF6600006600336600666600996600CC6600FF6633006633336633666633996633CC6633FF6666006666336666666666996666CC6666FF6699006699336699666699996699CC6699FF66CC0066CC3366CC6666CC9966CCCC66CCFF66FF0066
310
FF3366FF6666FF9966FFCC66FFFF9900009900339900669900999900CC9900FF9933009933339933669933999933CC9933FF9966009966339966669966999966CC9966FF9999009999339999669999999999CC9999FF99CC0099CC3399CC6699CC9999CCCC99CCFF99FF0099FF3399FF6699FF9999FFCC99FFFFCC0000CC00
310
33CC0066CC0099CC00CCCC00FFCC3300CC3333CC3366CC3399CC33CCCC33FFCC6600CC6633CC6666CC6699CC66CCCC66FFCC9900CC9933CC9966CC9999CC99CCCC99FFCCCC00CCCC33CCCC66CCCC99CCCCCCCCCCFFCCFF00CCFF33CCFF66CCFF99CCFFCCCCFFFFFF0000FF0033FF0066FF0099FF00CCFF00FFFF3300FF3333
310
FF3366FF3399FF33CCFF33FFFF6600FF6633FF6666FF6699FF66CCFF66FFFF9900FF9933FF9966FF9999FF99CCFF99FFFFCC00FFCC33FFCC66FFCC99FFCCCCFFCCFFFFFF00FFFF33FFFF66FFFF99FFFFCCFFFFFF0000000D0D0D1A1A1A2828283535354343435050505D5D5D6B6B6B787878868686939393A1A1A1AEAEAEBB
310
BBBBC9C9C9D6D6D6E4E4E4F1F1F1FFFFFF0000000000000000000000000000000000000000000000000000000000002E4550F1000000344944415478DAEDC13101000000C2A0F54F6D0D0FA0000000000000000000000000000000000000000000000000000000008027037474000117E215C10000000049454E44AE426082
  0
ENDSEC
  0
EOF
